site_id,year,security_incidents_count,percent_https_pages,avg_patch_time_days,csp_present,malware_detections,phishing_reports,whois_age_years,ssl_grade,cluster,security_index_pca,security_index_mean,pred_best_rf,pred_mean,pred_sd
site001,2008,30,60.94754572957754,28.632276758085936,0,10,7,14.71190826082602,7.198849669657648,2,0.40750997478586093,0.5579851417495506,0.3713971550165713,0.42471563357416453,0.01634400460268093
site001,2008,30,60.94754572957754,28.632276758085936,0,10,7,14.71190826082602,7.198849669657648,2,0.40750997478586093,0.5579851417495506,0.3713971550165713,0.3915648640412017,0.01782319845531016
site001,2008,30,60.94754572957754,28.632276758085936,0,10,7,14.71190826082602,7.198849669657648,2,0.40750997478586093,0.5579851417495506,0.3713971550165713,0.45069154293739,0.018133953546093023
site001,2009,14,99.0355877391994,15.1990158976987,0,2,12,14.608168106526136,8.563026457559317,3,0.5051577680130338,0.5539581619181497,0.5343953235377487,0.42471563357416453,0.01634400460268093
site001,2009,14,99.0355877391994,15.1990158976987,0,2,12,14.608168106526136,8.563026457559317,3,0.5051577680130338,0.5539581619181497,0.5343953235377487,0.3915648640412017,0.01782319845531016
site001,2009,14,99.0355877391994,15.1990158976987,0,2,12,14.608168106526136,8.563026457559317,3,0.5051577680130338,0.5539581619181497,0.5343953235377487,0.45069154293739,0.018133953546093023
site001,2010,50,79.60896792821586,3.4153330188710243,0,0,6,11.227718504611405,7.176588358124718,3,0.3950474177141034,0.3920149880874551,0.41422639622531493,0.42471563357416453,0.01634400460268093
site001,2010,50,79.60896792821586,3.4153330188710243,0,0,6,11.227718504611405,7.176588358124718,3,0.3950474177141034,0.3920149880874551,0.41422639622531493,0.3915648640412017,0.01782319845531016
site001,2010,50,79.60896792821586,3.4153330188710243,0,0,6,11.227718504611405,7.176588358124718,3,0.3950474177141034,0.3920149880874551,0.41422639622531493,0.45069154293739,0.018133953546093023
site001,2011,13,75.56681292131543,8.537911970866844,0,9,3,6.48579982528463,8.326859443914145,3,0.4589839266140053,0.38270569219670114,0.4677790203370577,0.42471563357416453,0.01634400460268093
site001,2011,13,75.56681292131543,8.537911970866844,0,9,3,6.48579982528463,8.326859443914145,3,0.4589839266140053,0.38270569219670114,0.4677790203370577,0.3915648640412017,0.01782319845531016
site001,2011,13,75.56681292131543,8.537911970866844,0,9,3,6.48579982528463,8.326859443914145,3,0.4589839266140053,0.38270569219670114,0.4677790203370577,0.45069154293739,0.018133953546093023
site001,2012,2,76.70219839550555,26.37055214261636,1,3,8,10.288473201915622,7.615320822224021,1,0.8410753580607829,0.5439943121224659,0.8282968730323372,0.42471563357416453,0.01634400460268093
site001,2012,2,76.70219839550555,26.37055214261636,1,3,8,10.288473201915622,7.615320822224021,1,0.8410753580607829,0.5439943121224659,0.8282968730323372,0.3915648640412017,0.01782319845531016
site001,2012,2,76.70219839550555,26.37055214261636,1,3,8,10.288473201915622,7.615320822224021,1,0.8410753580607829,0.5439943121224659,0.8282968730323372,0.45069154293739,0.018133953546093023
site001,2013,41,63.71703281998634,25.709714954951775,0,9,5,4.601252434775233,9.51792907086201,2,0.41446596610578657,0.5195005798621795,0.3662473167583602,0.42471563357416453,0.01634400460268093
site001,2013,41,63.71703281998634,25.709714954951775,0,9,5,4.601252434775233,9.51792907086201,2,0.41446596610578657,0.5195005798621795,0.3662473167583602,0.3915648640412017,0.01782319845531016
site001,2013,41,63.71703281998634,25.709714954951775,0,9,5,4.601252434775233,9.51792907086201,2,0.41446596610578657,0.5195005798621795,0.3662473167583602,0.45069154293739,0.018133953546093023
site001,2014,49,66.47236840799451,25.444235272705555,0,3,8,5.337178566958755,9.689355401787909,2,0.5093854778510467,0.5078877189466936,0.5198780572178648,0.42471563357416453,0.01634400460268093
site001,2014,49,66.47236840799451,25.444235272705555,0,3,8,5.337178566958755,9.689355401787909,2,0.5093854778510467,0.5078877189466936,0.5198780572178648,0.3915648640412017,0.01782319845531016
site001,2014,49,66.47236840799451,25.444235272705555,0,3,8,5.337178566958755,9.689355401787909,2,0.5093854778510467,0.5078877189466936,0.5198780572178648,0.45069154293739,0.018133953546093023
site001,2015,42,76.21665980666876,28.460206564283,0,9,1,12.766389353200791,9.805500144138932,2,0.4223375208309232,0.6203290294167959,0.3847642792932101,0.42471563357416453,0.01634400460268093
site001,2015,42,76.21665980666876,28.460206564283,0,9,1,12.766389353200791,9.805500144138932,2,0.4223375208309232,0.6203290294167959,0.3847642792932101,0.3915648640412017,0.01782319845531016
site001,2015,42,76.21665980666876,28.460206564283,0,9,1,12.766389353200791,9.805500144138932,2,0.4223375208309232,0.6203290294167959,0.3847642792932101,0.45069154293739,0.018133953546093023
site001,2016,36,73.67257776670158,19.9277674080804,1,7,11,10.635823839344084,6.168505212990567,2,0.4051017558959543,0.63350614822689,0.36488363665858364,0.42471563357416453,0.01634400460268093
site001,2016,36,73.67257776670158,19.9277674080804,1,7,11,10.635823839344084,6.168505212990567,2,0.4051017558959543,0.63350614822689,0.36488363665858364,0.3915648640412017,0.01782319845531016
site001,2016,36,73.67257776670158,19.9277674080804,1,7,11,10.635823839344084,6.168505212990567,2,0.4051017558959543,0.63350614822689,0.36488363665858364,0.45069154293739,0.018133953546093023
site001,2017,13,76.6102981287986,15.15651139151305,0,5,8,11.849049657117575,7.157225955743343,1,0.5237474968520281,0.42522313722745664,0.5411425482819429,0.42471563357416453,0.01634400460268093
site001,2017,13,76.6102981287986,15.15651139151305,0,5,8,11.849049657117575,7.157225955743343,1,0.5237474968520281,0.42522313722745664,0.5411425482819429,0.3915648640412017,0.01782319845531016
site001,2017,13,76.6102981287986,15.15651139151305,0,5,8,11.849049657117575,7.157225955743343,1,0.5237474968520281,0.42522313722745664,0.5411425482819429,0.45069154293739,0.018133953546093023
site001,2018,24,72.16209876351058,6.444944319548085,1,10,8,5.309760451782495,7.094393818406388,2,0.40062364404721673,0.5282090070492713,0.43118779363938964,0.42471563357416453,0.01634400460268093
site001,2018,24,72.16209876351058,6.444944319548085,1,10,8,5.309760451782495,7.094393818406388,2,0.40062364404721673,0.5282090070492713,0.43118779363938964,0.3915648640412017,0.01782319845531016
site001,2018,24,72.16209876351058,6.444944319548085,1,10,8,5.309760451782495,7.094393818406388,2,0.40062364404721673,0.5282090070492713,0.43118779363938964,0.45069154293739,0.018133953546093023
site001,2019,25,82.41122149862349,21.677958762506023,1,7,10,9.98188113514334,5.797922422643751,2,0.4322569938299186,0.6174389426637106,0.43191275901965803,0.42471563357416453,0.01634400460268093
site001,2019,25,82.41122149862349,21.677958762506023,1,7,10,9.98188113514334,5.797922422643751,2,0.4322569938299186,0.6174389426637106,0.43191275901965803,0.3915648640412017,0.01782319845531016
site001,2019,25,82.41122149862349,21.677958762506023,1,7,10,9.98188113514334,5.797922422643751,2,0.4322569938299186,0.6174389426637106,0.43191275901965803,0.45069154293739,0.018133953546093023
site001,2020,26,66.23496602289379,3.467029150109738,1,9,1,9.58748278580606,7.656874160747975,1,0.5419485925916775,0.48348976628234774,0.5390406881186034,0.42471563357416453,0.01634400460268093
site001,2020,26,66.23496602289379,3.467029150109738,1,9,1,9.58748278580606,7.656874160747975,1,0.5419485925916775,0.48348976628234774,0.5390406881186034,0.3915648640412017,0.01782319845531016
site001,2020,26,66.23496602289379,3.467029150109738,1,9,1,9.58748278580606,7.656874160747975,1,0.5419485925916775,0.48348976628234774,0.5390406881186034,0.45069154293739,0.018133953546093023
site001,2021,4,98.2631905656308,14.374782762490211,1,5,14,4.171764224767685,9.667504763929172,3,0.601451272549608,0.6359514283456394,0.5862937441378729,0.42471563357416453,0.01634400460268093
site001,2021,4,98.2631905656308,14.374782762490211,1,5,14,4.171764224767685,9.667504763929172,3,0.601451272549608,0.6359514283456394,0.5862937441378729,0.3915648640412017,0.01782319845531016
site001,2021,4,98.2631905656308,14.374782762490211,1,5,14,4.171764224767685,9.667504763929172,3,0.601451272549608,0.6359514283456394,0.5862937441378729,0.45069154293739,0.018133953546093023
site001,2022,50,61.75866501405835,28.141311891842633,1,3,8,4.446229039225727,5.45202445005998,2,0.5183773119976469,0.5181612099593629,0.5162523157888487,0.42471563357416453,0.01634400460268093
site001,2022,50,61.75866501405835,28.141311891842633,1,3,8,4.446229039225727,5.45202445005998,2,0.5183773119976469,0.5181612099593629,0.5162523157888487,0.3915648640412017,0.01782319845531016
site001,2022,50,61.75866501405835,28.141311891842633,1,3,8,4.446229039225727,5.45202445005998,2,0.5183773119976469,0.5181612099593629,0.5162523157888487,0.45069154293739,0.018133953546093023
site002,2008,26,74.88630970939994,25.513516368111596,0,10,7,13.288612095173448,8.282001659972593,2,0.38165234375366486,0.5924454973409287,0.3911902443921583,0.4128121679076733,0.016155402583405545
site002,2008,26,74.88630970939994,25.513516368111596,0,10,7,13.288612095173448,8.282001659972593,2,0.38165234375366486,0.5924454973409287,0.3911902443921583,0.590868927620055,0.014757725053675681
site002,2008,26,74.88630970939994,25.513516368111596,0,10,7,13.288612095173448,8.282001659972593,2,0.38165234375366486,0.5924454973409287,0.3911902443921583,0.5722578682512849,0.022595483758925033
site002,2009,27,98.50461365655065,21.76941479067318,1,6,9,11.986776160541922,5.8925879339221865,3,0.38200268930507597,0.6727762929712611,0.3855203981762481,0.4128121679076733,0.016155402583405545
site002,2009,27,98.50461365655065,21.76941479067318,1,6,9,11.986776160541922,5.8925879339221865,3,0.38200268930507597,0.6727762929712611,0.3855203981762481,0.590868927620055,0.014757725053675681
site002,2009,27,98.50461365655065,21.76941479067318,1,6,9,11.986776160541922,5.8925879339221865,3,0.38200268930507597,0.6727762929712611,0.3855203981762481,0.5722578682512849,0.022595483758925033
site002,2010,8,85.81710062921047,4.590384100796655,0,7,8,1.3592562368139625,6.24291060725227,3,0.3474121692670389,0.30356896091250823,0.3829622002179758,0.4128121679076733,0.016155402583405545
site002,2010,8,85.81710062921047,4.590384100796655,0,7,8,1.3592562368139625,6.24291060725227,3,0.3474121692670389,0.30356896091250823,0.3829622002179758,0.590868927620055,0.014757725053675681
site002,2010,8,85.81710062921047,4.590384100796655,0,7,8,1.3592562368139625,6.24291060725227,3,0.3474121692670389,0.30356896091250823,0.3829622002179758,0.5722578682512849,0.022595483758925033
site002,2011,28,62.45050457306206,18.249996377388015,1,4,11,11.5746635007672,7.896810718812048,1,0.6691785926803093,0.5853498576066126,0.6028265088414824,0.4128121679076733,0.016155402583405545
site002,2011,28,62.45050457306206,18.249996377388015,1,4,11,11.5746635007672,7.896810718812048,1,0.6691785926803093,0.5853498576066126,0.6028265088414824,0.590868927620055,0.014757725053675681
site002,2011,28,62.45050457306206,18.249996377388015,1,4,11,11.5746635007672,7.896810718812048,1,0.6691785926803093,0.5853498576066126,0.6028265088414824,0.5722578682512849,0.022595483758925033
site002,2012,34,76.39783713966608,29.705731241498142,0,9,9,13.568022483959794,5.495766125386581,2,0.24915845087212785,0.5722147315621401,0.2447337658741338,0.4128121679076733,0.016155402583405545
site002,2012,34,76.39783713966608,29.705731241498142,0,9,9,13.568022483959794,5.495766125386581,2,0.24915845087212785,0.5722147315621401,0.2447337658741338,0.590868927620055,0.014757725053675681
site002,2012,34,76.39783713966608,29.705731241498142,0,9,9,13.568022483959794,5.495766125386581,2,0.24915845087212785,0.5722147315621401,0.2447337658741338,0.5722578682512849,0.022595483758925033
site002,2013,7,77.03620536252856,18.846846147673205,1,3,1,13.502922682557257,8.326677534496412,1,0.8838820755048998,0.5133625429775713,0.8432444380969245,0.4128121679076733,0.016155402583405545
site002,2013,7,77.03620536252856,18.846846147673205,1,3,1,13.502922682557257,8.326677534496412,1,0.8838820755048998,0.5133625429775713,0.8432444380969245,0.590868927620055,0.014757725053675681
site002,2013,7,77.03620536252856,18.846846147673205,1,3,1,13.502922682557257,8.326677534496412,1,0.8838820755048998,0.5133625429775713,0.8432444380969245,0.5722578682512849,0.022595483758925033
site002,2014,25,80.32632338814437,8.919252342777327,0,6,1,2.672100672032684,8.10137392138131,3,0.4500700394700406,0.3351438960191607,0.4472563088098041,0.4128121679076733,0.016155402583405545
site002,2014,25,80.32632338814437,8.919252342777327,0,6,1,2.672100672032684,8.10137392138131,3,0.4500700394700406,0.3351438960191607,0.4472563088098041,0.590868927620055,0.014757725053675681
site002,2014,25,80.32632338814437,8.919252342777327,0,6,1,2.672100672032684,8.10137392138131,3,0.4500700394700406,0.3351438960191607,0.4472563088098041,0.5722578682512849,0.022595483758925033
site002,2015,6,77.98399643041193,2.8474984522908926,1,8,9,14.667809577658772,9.364378203172237,3,0.6324834222950997,0.610205553593538,0.5942054545566186,0.4128121679076733,0.016155402583405545
site002,2015,6,77.98399643041193,2.8474984522908926,1,8,9,14.667809577658772,9.364378203172237,3,0.6324834222950997,0.610205553593538,0.5942054545566186,0.590868927620055,0.014757725053675681
site002,2015,6,77.98399643041193,2.8474984522908926,1,8,9,14.667809577658772,9.364378203172237,3,0.6324834222950997,0.610205553593538,0.5942054545566186,0.5722578682512849,0.022595483758925033
site002,2016,41,84.93045534007251,3.0967949917539954,1,3,4,13.74073035782203,5.994208549382165,3,0.4487001138806878,0.5236094354061642,0.46868948657271736,0.4128121679076733,0.016155402583405545
site002,2016,41,84.93045534007251,3.0967949917539954,1,3,4,13.74073035782203,5.994208549382165,3,0.4487001138806878,0.5236094354061642,0.46868948657271736,0.590868927620055,0.014757725053675681
site002,2016,41,84.93045534007251,3.0967949917539954,1,3,4,13.74073035782203,5.994208549382165,3,0.4487001138806878,0.5236094354061642,0.46868948657271736,0.5722578682512849,0.022595483758925033
site002,2017,8,65.59911724179983,26.33182520722039,1,4,9,4.625952723436058,6.6035649727564305,1,0.7694412379835297,0.4686422519317386,0.7688356440678958,0.4128121679076733,0.016155402583405545
site002,2017,8,65.59911724179983,26.33182520722039,1,4,9,4.625952723436058,6.6035649727564305,1,0.7694412379835297,0.4686422519317386,0.7688356440678958,0.590868927620055,0.014757725053675681
site002,2017,8,65.59911724179983,26.33182520722039,1,4,9,4.625952723436058,6.6035649727564305,1,0.7694412379835297,0.4686422519317386,0.7688356440678958,0.5722578682512849,0.022595483758925033
site002,2018,18,96.31785603240132,11.5219249043148,0,10,1,13.44549622060731,7.04854272888042,3,0.2871193283116807,0.49947745831284557,0.3278088837971946,0.4128121679076733,0.016155402583405545
site002,2018,18,96.31785603240132,11.5219249043148,0,10,1,13.44549622060731,7.04854272888042,3,0.2871193283116807,0.49947745831284557,0.3278088837971946,0.590868927620055,0.014757725053675681
site002,2018,18,96.31785603240132,11.5219249043148,0,10,1,13.44549622060731,7.04854272888042,3,0.2871193283116807,0.49947745831284557,0.3278088837971946,0.5722578682512849,0.022595483758925033
site002,2019,35,82.77773099020123,28.42304232553579,0,0,3,12.662353765685111,9.635065358597783,1,0.6858743501529395,0.5221671238739164,0.5735605474649355,0.4128121679076733,0.016155402583405545
site002,2019,35,82.77773099020123,28.42304232553579,0,0,3,12.662353765685111,9.635065358597783,1,0.6858743501529395,0.5221671238739164,0.5735605474649355,0.590868927620055,0.014757725053675681
site002,2019,35,82.77773099020123,28.42304232553579,0,0,3,12.662353765685111,9.635065358597783,1,0.6858743501529395,0.5221671238739164,0.5735605474649355,0.5722578682512849,0.022595483758925033
site002,2020,13,81.93122295662761,17.191249259747565,0,1,5,7.149993234779686,5.217404445866123,1,0.575896471095544,0.2848406374699766,0.5843476991896293,0.4128121679076733,0.016155402583405545
site002,2020,13,81.93122295662761,17.191249259747565,0,1,5,7.149993234779686,5.217404445866123,1,0.575896471095544,0.2848406374699766,0.5843476991896293,0.590868927620055,0.014757725053675681
site002,2020,13,81.93122295662761,17.191249259747565,0,1,5,7.149993234779686,5.217404445866123,1,0.575896471095544,0.2848406374699766,0.5843476991896293,0.5722578682512849,0.022595483758925033
site002,2021,16,64.67310490086675,15.867173375794664,1,7,14,2.0745197273790836,5.968206039397046,2,0.5117562010926207,0.48075237078932437,0.5149323953288577,0.4128121679076733,0.016155402583405545
site002,2021,16,64.67310490086675,15.867173375794664,1,7,14,2.0745197273790836,5.968206039397046,2,0.5117562010926207,0.48075237078932437,0.5149323953288577,0.590868927620055,0.014757725053675681
site002,2021,16,64.67310490086675,15.867173375794664,1,7,14,2.0745197273790836,5.968206039397046,2,0.5117562010926207,0.48075237078932437,0.5149323953288577,0.5722578682512849,0.022595483758925033
site002,2022,42,90.48113329336049,28.485378242796287,0,6,3,13.126155774109066,8.600317020900548,3,0.3767890900896425,0.6173023265377217,0.3646871295126512,0.4128121679076733,0.016155402583405545
site002,2022,42,90.48113329336049,28.485378242796287,0,6,3,13.126155774109066,8.600317020900548,3,0.3767890900896425,0.6173023265377217,0.3646871295126512,0.590868927620055,0.014757725053675681
site002,2022,42,90.48113329336049,28.485378242796287,0,6,3,13.126155774109066,8.600317020900548,3,0.3767890900896425,0.6173023265377217,0.3646871295126512,0.5722578682512849,0.022595483758925033
site003,2008,38,79.13477786816657,4.184246271383017,0,4,3,5.531263681128621,5.2760639868211,2,0.30418189742605173,0.29002857190181697,0.3169932500257155,0.6620964959736726,0.020661317269476225
site003,2008,38,79.13477786816657,4.184246271383017,0,4,3,5.531263681128621,5.2760639868211,2,0.30418189742605173,0.29002857190181697,0.3169932500257155,0.3879109462735173,0.01750247461279368
site003,2008,38,79.13477786816657,4.184246271383017,0,4,3,5.531263681128621,5.2760639868211,2,0.30418189742605173,0.29002857190181697,0.3169932500257155,0.40044455084963115,0.018796395172457844
site003,2008,38,79.13477786816657,4.184246271383017,0,4,3,5.531263681128621,5.2760639868211,2,0.30418189742605173,0.29002857190181697,0.3169932500257155,0.48144962185170137,0.013857948967475284
site003,2009,11,91.2787565868348,24.748318965546787,0,4,12,4.24930787505582,9.906170795438811,3,0.5578195576765004,0.5290029683132358,0.5605956760099693,0.6620964959736726,0.020661317269476225
site003,2009,11,91.2787565868348,24.748318965546787,0,4,12,4.24930787505582,9.906170795438811,3,0.5578195576765004,0.5290029683132358,0.5605956760099693,0.3879109462735173,0.01750247461279368
site003,2009,11,91.2787565868348,24.748318965546787,0,4,12,4.24930787505582,9.906170795438811,3,0.5578195576765004,0.5290029683132358,0.5605956760099693,0.40044455084963115,0.018796395172457844
site003,2009,11,91.2787565868348,24.748318965546787,0,4,12,4.24930787505582,9.906170795438811,3,0.5578195576765004,0.5290029683132358,0.5605956760099693,0.48144962185170137,0.013857948967475284
site003,2010,14,61.841061944141984,11.942921096459033,1,3,9,12.589055280201135,5.1291327946819365,1,0.7000953465062482,0.43177199695492524,0.7012167533879746,0.6620964959736726,0.020661317269476225
site003,2010,14,61.841061944141984,11.942921096459033,1,3,9,12.589055280201135,5.1291327946819365,1,0.7000953465062482,0.43177199695492524,0.7012167533879746,0.3879109462735173,0.01750247461279368
site003,2010,14,61.841061944141984,11.942921096459033,1,3,9,12.589055280201135,5.1291327946819365,1,0.7000953465062482,0.43177199695492524,0.7012167533879746,0.40044455084963115,0.018796395172457844
site003,2010,14,61.841061944141984,11.942921096459033,1,3,9,12.589055280201135,5.1291327946819365,1,0.7000953465062482,0.43177199695492524,0.7012167533879746,0.48144962185170137,0.013857948967475284
site003,2011,31,92.79378671199083,17.142590386793017,0,5,3,14.881792454980314,7.546065755886957,3,0.39603809417640323,0.5248221772302953,0.38807130126520384,0.6620964959736726,0.020661317269476225
site003,2011,31,92.79378671199083,17.142590386793017,0,5,3,14.881792454980314,7.546065755886957,3,0.39603809417640323,0.5248221772302953,0.38807130126520384,0.3879109462735173,0.01750247461279368
site003,2011,31,92.79378671199083,17.142590386793017,0,5,3,14.881792454980314,7.546065755886957,3,0.39603809417640323,0.5248221772302953,0.38807130126520384,0.40044455084963115,0.018796395172457844
site003,2011,31,92.79378671199083,17.142590386793017,0,5,3,14.881792454980314,7.546065755886957,3,0.39603809417640323,0.5248221772302953,0.38807130126520384,0.48144962185170137,0.013857948967475284
site003,2012,41,70.77633789740503,10.102264414075762,0,6,7,4.22194609278813,9.326071683317425,2,0.38631212946009785,0.4449856227584923,0.3544133422126169,0.6620964959736726,0.020661317269476225
site003,2012,41,70.77633789740503,10.102264414075762,0,6,7,4.22194609278813,9.326071683317425,2,0.38631212946009785,0.4449856227584923,0.3544133422126169,0.3879109462735173,0.01750247461279368
site003,2012,41,70.77633789740503,10.102264414075762,0,6,7,4.22194609278813,9.326071683317425,2,0.38631212946009785,0.4449856227584923,0.3544133422126169,0.40044455084963115,0.018796395172457844
site003,2012,41,70.77633789740503,10.102264414075762,0,6,7,4.22194609278813,9.326071683317425,2,0.38631212946009785,0.4449856227584923,0.3544133422126169,0.48144962185170137,0.013857948967475284
site003,2013,44,71.31401658058167,3.387943529058248,0,2,4,2.2434020354412496,6.508073061704636,2,0.39018358920125507,0.26172691747015986,0.4228926497786024,0.6620964959736726,0.020661317269476225
site003,2013,44,71.31401658058167,3.387943529058248,0,2,4,2.2434020354412496,6.508073061704636,2,0.39018358920125507,0.26172691747015986,0.4228926497786024,0.3879109462735173,0.01750247461279368
site003,2013,44,71.31401658058167,3.387943529058248,0,2,4,2.2434020354412496,6.508073061704636,2,0.39018358920125507,0.26172691747015986,0.4228926497786024,0.40044455084963115,0.018796395172457844
site003,2013,44,71.31401658058167,3.387943529058248,0,2,4,2.2434020354412496,6.508073061704636,2,0.39018358920125507,0.26172691747015986,0.4228926497786024,0.48144962185170137,0.013857948967475284
site003,2014,6,85.72886237874627,23.61818872601725,0,3,1,9.892710668500513,8.09884110931307,3,0.7111206046537009,0.39555302732489195,0.686190971929409,0.6620964959736726,0.020661317269476225
site003,2014,6,85.72886237874627,23.61818872601725,0,3,1,9.892710668500513,8.09884110931307,3,0.7111206046537009,0.39555302732489195,0.686190971929409,0.3879109462735173,0.01750247461279368
site003,2014,6,85.72886237874627,23.61818872601725,0,3,1,9.892710668500513,8.09884110931307,3,0.7111206046537009,0.39555302732489195,0.686190971929409,0.40044455084963115,0.018796395172457844
site003,2014,6,85.72886237874627,23.61818872601725,0,3,1,9.892710668500513,8.09884110931307,3,0.7111206046537009,0.39555302732489195,0.686190971929409,0.48144962185170137,0.013857948967475284
site003,2015,8,97.92475351132452,6.603807124076411,0,10,15,12.991713196970522,7.826179821277037,3,0.2119586532466005,0.5902815642185422,0.261118355290401,0.6620964959736726,0.020661317269476225
site003,2015,8,97.92475351132452,6.603807124076411,0,10,15,12.991713196970522,7.826179821277037,3,0.2119586532466005,0.5902815642185422,0.261118355290401,0.3879109462735173,0.01750247461279368
site003,2015,8,97.92475351132452,6.603807124076411,0,10,15,12.991713196970522,7.826179821277037,3,0.2119586532466005,0.5902815642185422,0.261118355290401,0.40044455084963115,0.018796395172457844
site003,2015,8,97.92475351132452,6.603807124076411,0,10,15,12.991713196970522,7.826179821277037,3,0.2119586532466005,0.5902815642185422,0.261118355290401,0.48144962185170137,0.013857948967475284
site003,2016,40,60.279938178136945,20.011978559894487,1,8,14,3.57518549868837,7.24058160209097,2,0.40859067504586044,0.6028084383868682,0.3679270153706426,0.6620964959736726,0.020661317269476225
site003,2016,40,60.279938178136945,20.011978559894487,1,8,14,3.57518549868837,7.24058160209097,2,0.40859067504586044,0.6028084383868682,0.3679270153706426,0.3879109462735173,0.01750247461279368
site003,2016,40,60.279938178136945,20.011978559894487,1,8,14,3.57518549868837,7.24058160209097,2,0.40859067504586044,0.6028084383868682,0.3679270153706426,0.40044455084963115,0.018796395172457844
site003,2016,40,60.279938178136945,20.011978559894487,1,8,14,3.57518549868837,7.24058160209097,2,0.40859067504586044,0.6028084383868682,0.3679270153706426,0.48144962185170137,0.013857948967475284
site003,2017,9,74.06470688059926,13.619264546548948,0,3,1,8.076647891197354,9.712901670718566,3,0.770780747942042,0.3473566143134642,0.753471612298103,0.6620964959736726,0.020661317269476225
site003,2017,9,74.06470688059926,13.619264546548948,0,3,1,8.076647891197354,9.712901670718566,3,0.770780747942042,0.3473566143134642,0.753471612298103,0.3879109462735173,0.01750247461279368
site003,2017,9,74.06470688059926,13.619264546548948,0,3,1,8.076647891197354,9.712901670718566,3,0.770780747942042,0.3473566143134642,0.753471612298103,0.40044455084963115,0.018796395172457844
site003,2017,9,74.06470688059926,13.619264546548948,0,3,1,8.076647891197354,9.712901670718566,3,0.770780747942042,0.3473566143134642,0.753471612298103,0.48144962185170137,0.013857948967475284
site003,2018,22,76.76182899624109,6.717301469994709,1,5,11,5.977848368231207,6.922633360372856,1,0.5105403902872011,0.5029914159092282,0.5291672002308297,0.6620964959736726,0.020661317269476225
site003,2018,22,76.76182899624109,6.717301469994709,1,5,11,5.977848368231207,6.922633360372856,1,0.5105403902872011,0.5029914159092282,0.5291672002308297,0.3879109462735173,0.01750247461279368
site003,2018,22,76.76182899624109,6.717301469994709,1,5,11,5.977848368231207,6.922633360372856,1,0.5105403902872011,0.5029914159092282,0.5291672002308297,0.40044455084963115,0.018796395172457844
site003,2018,22,76.76182899624109,6.717301469994709,1,5,11,5.977848368231207,6.922633360372856,1,0.5105403902872011,0.5029914159092282,0.5291672002308297,0.48144962185170137,0.013857948967475284
site003,2019,26,78.31507188268006,29.845152243971825,0,3,15,12.542942377738656,6.724952574586496,1,0.45815680189391933,0.5553892838040628,0.4770335891118608,0.6620964959736726,0.020661317269476225
site003,2019,26,78.31507188268006,29.845152243971825,0,3,15,12.542942377738656,6.724952574586496,1,0.45815680189391933,0.5553892838040628,0.4770335891118608,0.3879109462735173,0.01750247461279368
site003,2019,26,78.31507188268006,29.845152243971825,0,3,15,12.542942377738656,6.724952574586496,1,0.45815680189391933,0.5553892838040628,0.4770335891118608,0.40044455084963115,0.018796395172457844
site003,2019,26,78.31507188268006,29.845152243971825,0,3,15,12.542942377738656,6.724952574586496,1,0.45815680189391933,0.5553892838040628,0.4770335891118608,0.48144962185170137,0.013857948967475284
site003,2020,6,88.46770317293704,13.955543126212431,1,6,3,7.772204562090337,9.718296567443758,3,0.7313628073160608,0.5629592287776898,0.7153415012797977,0.6620964959736726,0.020661317269476225
site003,2020,6,88.46770317293704,13.955543126212431,1,6,3,7.772204562090337,9.718296567443758,3,0.7313628073160608,0.5629592287776898,0.7153415012797977,0.3879109462735173,0.01750247461279368
site003,2020,6,88.46770317293704,13.955543126212431,1,6,3,7.772204562090337,9.718296567443758,3,0.7313628073160608,0.5629592287776898,0.7153415012797977,0.40044455084963115,0.018796395172457844
site003,2020,6,88.46770317293704,13.955543126212431,1,6,3,7.772204562090337,9.718296567443758,3,0.7313628073160608,0.5629592287776898,0.7153415012797977,0.48144962185170137,0.013857948967475284
site003,2021,26,96.79392230696976,1.9113732620608064,1,2,13,4.246780984569341,5.462537881685421,3,0.3756186382015187,0.48191778696188187,0.43212701051129065,0.6620964959736726,0.020661317269476225
site003,2021,26,96.79392230696976,1.9113732620608064,1,2,13,4.246780984569341,5.462537881685421,3,0.3756186382015187,0.48191778696188187,0.43212701051129065,0.3879109462735173,0.01750247461279368
site003,2021,26,96.79392230696976,1.9113732620608064,1,2,13,4.246780984569341,5.462537881685421,3,0.3756186382015187,0.48191778696188187,0.43212701051129065,0.40044455084963115,0.018796395172457844
site003,2021,26,96.79392230696976,1.9113732620608064,1,2,13,4.246780984569341,5.462537881685421,3,0.3756186382015187,0.48191778696188187,0.43212701051129065,0.48144962185170137,0.013857948967475284
site003,2022,31,85.08442802354693,28.17348018591292,1,7,0,4.78228806424886,9.425763102481142,3,0.6150053581577999,0.6297007692818597,0.44038535870176276,0.6620964959736726,0.020661317269476225
site003,2022,31,85.08442802354693,28.17348018591292,1,7,0,4.78228806424886,9.425763102481142,3,0.6150053581577999,0.6297007692818597,0.44038535870176276,0.3879109462735173,0.01750247461279368
site003,2022,31,85.08442802354693,28.17348018591292,1,7,0,4.78228806424886,9.425763102481142,3,0.6150053581577999,0.6297007692818597,0.44038535870176276,0.40044455084963115,0.018796395172457844
site003,2022,31,85.08442802354693,28.17348018591292,1,7,0,4.78228806424886,9.425763102481142,3,0.6150053581577999,0.6297007692818597,0.44038535870176276,0.48144962185170137,0.013857948967475284
site004,2008,37,96.08727113343777,26.25853467429988,0,5,0,12.521909011993555,6.4918220799881965,3,0.3575752664538662,0.516963946426859,0.3463732394784237,0.5523878858402893,0.01838939161023338
site004,2008,37,96.08727113343777,26.25853467429988,0,5,0,12.521909011993555,6.4918220799881965,3,0.3575752664538662,0.516963946426859,0.3463732394784237,0.6442003876140273,0.018627335008589697
site004,2009,24,90.29316636733712,18.43614221829921,0,1,7,1.3617075528018177,5.788760225987062,3,0.44624689566729925,0.3228282680887777,0.4839231501033905,0.5523878858402893,0.01838939161023338
site004,2009,24,90.29316636733712,18.43614221829921,0,1,7,1.3617075528018177,5.788760225987062,3,0.44624689566729925,0.3228282680887777,0.4839231501033905,0.6442003876140273,0.018627335008589697
site004,2010,33,65.51433462649584,9.671448234003035,1,1,1,6.6829570746049285,5.559505263809115,1,0.6882139662516475,0.3469378707843654,0.6567424898468608,0.5523878858402893,0.01838939161023338
site004,2010,33,65.51433462649584,9.671448234003035,1,1,1,6.6829570746049285,5.559505263809115,1,0.6882139662516475,0.3469378707843654,0.6567424898468608,0.6442003876140273,0.018627335008589697
site004,2011,28,66.13019512034953,24.471041979966685,1,5,8,9.344484597910196,5.410550693050027,1,0.5773633130459531,0.5289668738762764,0.5468854808995932,0.5523878858402893,0.01838939161023338
site004,2011,28,66.13019512034953,24.471041979966685,1,5,8,9.344484597910196,5.410550693050027,1,0.5773633130459531,0.5289668738762764,0.5468854808995932,0.6442003876140273,0.018627335008589697
site004,2012,4,67.652487475425,28.61212916695513,1,6,5,8.402355136349797,6.159273509401828,1,0.7658700870428659,0.4894390815315516,0.7453071586124268,0.5523878858402893,0.01838939161023338
site004,2012,4,67.652487475425,28.61212916695513,1,6,5,8.402355136349797,6.159273509401828,1,0.7658700870428659,0.4894390815315516,0.7453071586124268,0.6442003876140273,0.018627335008589697
site004,2013,7,77.32740562409163,25.709565166616812,1,2,15,10.55599271832034,9.305523425573485,1,0.8224302418135712,0.6461646425138188,0.7808955647713154,0.5523878858402893,0.01838939161023338
site004,2013,7,77.32740562409163,25.709565166616812,1,2,15,10.55599271832034,9.305523425573485,1,0.8224302418135712,0.6461646425138188,0.7808955647713154,0.6442003876140273,0.018627335008589697
site004,2014,11,63.48877207376063,4.691982340067625,0,2,7,8.109380707610399,7.066051968140528,1,0.6610780580766633,0.2521055042888724,0.6680265200353499,0.5523878858402893,0.01838939161023338
site004,2014,11,63.48877207376063,4.691982340067625,0,2,7,8.109380707610399,7.066051968140528,1,0.6610780580766633,0.2521055042888724,0.6680265200353499,0.6442003876140273,0.018627335008589697
site004,2015,12,68.95120004191995,29.097588143777102,1,7,7,8.761205135378987,8.562344466336071,1,0.7414096325856482,0.6081905910746677,0.71096516336935,0.5523878858402893,0.01838939161023338
site004,2015,12,68.95120004191995,29.097588143777102,1,7,7,8.761205135378987,8.562344466336071,1,0.7414096325856482,0.6081905910746677,0.71096516336935,0.6442003876140273,0.018627335008589697
site004,2016,17,82.8859471809119,17.155929252738133,1,8,8,12.777361466549335,9.64945615036413,3,0.5984395869382904,0.6967942170297419,0.5481523796654448,0.5523878858402893,0.01838939161023338
site004,2016,17,82.8859471809119,17.155929252738133,1,8,8,12.777361466549335,9.64945615036413,3,0.5984395869382904,0.6967942170297419,0.5481523796654448,0.6442003876140273,0.018627335008589697
site004,2017,32,76.00676713511348,1.1555689736269414,1,8,9,5.375142243690789,6.5234109200537205,2,0.34020987982556916,0.5069661566045517,0.3703791939264855,0.5523878858402893,0.01838939161023338
site004,2017,32,76.00676713511348,1.1555689736269414,1,8,9,5.375142243690789,6.5234109200537205,2,0.34020987982556916,0.5069661566045517,0.3703791939264855,0.6442003876140273,0.018627335008589697
site004,2018,26,82.61861522682011,4.937153670703992,1,2,1,1.503273684065789,8.692742649000138,3,0.6900753215679234,0.4068827092727156,0.6731574925816562,0.5523878858402893,0.01838939161023338
site004,2018,26,82.61861522682011,4.937153670703992,1,2,1,1.503273684065789,8.692742649000138,3,0.6900753215679234,0.4068827092727156,0.6731574925816562,0.6442003876140273,0.018627335008589697
site004,2019,24,93.18495514802636,1.1695659453980625,1,1,9,12.423916848376392,8.270570918684825,3,0.5976720312741908,0.5604466517769402,0.5675468562112996,0.5523878858402893,0.01838939161023338
site004,2019,24,93.18495514802636,1.1695659453980625,1,1,9,12.423916848376392,8.270570918684825,3,0.5976720312741908,0.5604466517769402,0.5675468562112996,0.6442003876140273,0.018627335008589697
site004,2020,37,85.68455277942121,24.68934780312702,1,6,15,11.900075051933529,6.522355357883498,2,0.35662116095391844,0.7352823983808368,0.34856737346256284,0.5523878858402893,0.01838939161023338
site004,2020,37,85.68455277942121,24.68934780312702,1,6,15,11.900075051933529,6.522355357883498,2,0.35662116095391844,0.7352823983808368,0.34856737346256284,0.6442003876140273,0.018627335008589697
site004,2021,20,75.6599500682205,23.682744048070163,1,4,13,13.031312878243623,5.107623329386115,1,0.55586114076019,0.5901175665378616,0.5765087102446411,0.5523878858402893,0.01838939161023338
site004,2021,20,75.6599500682205,23.682744048070163,1,4,13,13.031312878243623,5.107623329386115,1,0.55586114076019,0.5901175665378616,0.5765087102446411,0.6442003876140273,0.018627335008589697
site004,2022,14,88.38319418951869,28.00092228874564,1,1,15,1.920070991385728,6.910723979817703,1,0.6480553017082673,0.5580442356477634,0.6741768718593728,0.5523878858402893,0.01838939161023338
site004,2022,14,88.38319418951869,28.00092228874564,1,1,15,1.920070991385728,6.910723979817703,1,0.6480553017082673,0.5580442356477634,0.6741768718593728,0.6442003876140273,0.018627335008589697
site005,2008,40,64.35296292416751,11.692006587749349,0,9,2,1.123285659123212,6.264900034293532,2,0.2751869641250987,0.3205540967876041,0.2904262230621754,0.3415345922344199,0.011832420309428167
site005,2008,40,64.35296292416751,11.692006587749349,0,9,2,1.123285659123212,6.264900034293532,2,0.2751869641250987,0.3205540967876041,0.2904262230621754,0.4432833814693373,0.018995510688692898
site005,2009,46,70.944909369573,29.259191351011395,1,2,7,9.283532257191837,7.663469064282253,1,0.6307381103532789,0.6198131446137753,0.6138981590227238,0.3415345922344199,0.011832420309428167
site005,2009,46,70.944909369573,29.259191351011395,1,2,7,9.283532257191837,7.663469064282253,1,0.6307381103532789,0.6198131446137753,0.6138981590227238,0.4432833814693373,0.018995510688692898
site005,2010,25,83.75467730686069,24.888566774781793,1,1,15,13.174615325871857,8.341107006417587,1,0.6696451449639255,0.6946211338493499,0.6568898963826135,0.3415345922344199,0.011832420309428167
site005,2010,25,83.75467730686069,24.888566774781793,1,1,15,13.174615325871857,8.341107006417587,1,0.6696451449639255,0.6946211338493499,0.6568898963826135,0.4432833814693373,0.018995510688692898
site005,2011,30,66.40739253722131,23.83601703471504,1,2,10,7.248086401261389,6.459910736884922,1,0.6643390002341707,0.5186838253460478,0.6418954024789771,0.3415345922344199,0.011832420309428167
site005,2011,30,66.40739253722131,23.83601703471504,1,2,10,7.248086401261389,6.459910736884922,1,0.6643390002341707,0.5186838253460478,0.6418954024789771,0.4432833814693373,0.018995510688692898
site005,2012,15,94.13720955140889,19.061949205351993,0,5,14,1.5260500647127628,7.354691084474325,3,0.3477934900390199,0.46410360572782433,0.45582232377458665,0.3415345922344199,0.011832420309428167
site005,2012,15,94.13720955140889,19.061949205351993,0,5,14,1.5260500647127628,7.354691084474325,3,0.3477934900390199,0.46410360572782433,0.45582232377458665,0.4432833814693373,0.018995510688692898
site005,2013,29,93.90956630930305,29.053292936412618,1,6,6,6.7440681657753885,6.897877610754222,3,0.4707101607127776,0.6479572698605881,0.441945225887283,0.3415345922344199,0.011832420309428167
site005,2013,29,93.90956630930305,29.053292936412618,1,6,6,6.7440681657753885,6.897877610754222,3,0.4707101607127776,0.6479572698605881,0.441945225887283,0.4432833814693373,0.018995510688692898
site005,2014,5,79.11547250114381,15.49763622879982,1,5,11,6.113026956561953,5.499705184483901,1,0.5920237798897583,0.47144148329737695,0.5922531208550189,0.3415345922344199,0.011832420309428167
site005,2014,5,79.11547250114381,15.49763622879982,1,5,11,6.113026956561953,5.499705184483901,1,0.5920237798897583,0.47144148329737695,0.5922531208550189,0.4432833814693373,0.018995510688692898
site005,2015,42,90.94768489710988,26.917172389337793,0,3,2,7.672187627758831,5.891004380537197,2,0.3622964830949488,0.44923270109592495,0.36794320434553446,0.3415345922344199,0.011832420309428167
site005,2015,42,90.94768489710988,26.917172389337793,0,3,2,7.672187627758831,5.891004380537197,2,0.3622964830949488,0.44923270109592495,0.36794320434553446,0.4432833814693373,0.018995510688692898
site005,2016,7,71.81600322015584,12.630254162009804,0,0,11,2.8714885800145566,9.225052550900728,1,0.7536543748683391,0.3178417005538477,0.742339168488553,0.3415345922344199,0.011832420309428167
site005,2016,7,71.81600322015584,12.630254162009804,0,0,11,2.8714885800145566,9.225052550900728,1,0.7536543748683391,0.3178417005538477,0.742339168488553,0.4432833814693373,0.018995510688692898
site005,2017,21,62.62512447312474,13.978706679539757,0,3,1,7.712387592531741,7.363233879441395,1,0.6711248230901652,0.2809761257655528,0.6862975917012206,0.3415345922344199,0.011832420309428167
site005,2017,21,62.62512447312474,13.978706679539757,0,3,1,7.712387592531741,7.363233879441395,1,0.6711248230901652,0.2809761257655528,0.6862975917012206,0.4432833814693373,0.018995510688692898
site005,2018,21,77.62132499366999,28.137593381572515,0,9,2,4.7003776845522225,9.387986414367331,2,0.5063908369678627,0.4961689533261787,0.485419629779368,0.3415345922344199,0.011832420309428167
site005,2018,21,77.62132499366999,28.137593381572515,0,9,2,4.7003776845522225,9.387986414367331,2,0.5063908369678627,0.4961689533261787,0.485419629779368,0.4432833814693373,0.018995510688692898
site005,2019,38,78.48395431414247,20.816633723676205,1,5,12,7.859061181079596,9.20893647125922,2,0.5198891690160224,0.6919320791279439,0.5034510222595499,0.3415345922344199,0.011832420309428167
site005,2019,38,78.48395431414247,20.816633723676205,1,5,12,7.859061181079596,9.20893647125922,2,0.5198891690160224,0.6919320791279439,0.5034510222595499,0.4432833814693373,0.018995510688692898
site005,2020,30,73.63737480714917,1.526730774436146,1,2,1,13.684856864623724,5.867992806015536,1,0.6340465285668725,0.4128005300472475,0.6218215809114738,0.3415345922344199,0.011832420309428167
site005,2020,30,73.63737480714917,1.526730774436146,1,2,1,13.684856864623724,5.867992806015536,1,0.6340465285668725,0.4128005300472475,0.6218215809114738,0.4432833814693373,0.018995510688692898
site005,2021,47,67.40561274811625,5.800274812383577,1,7,8,8.013962819706649,8.622975401813164,2,0.4254912511775448,0.5931357014914378,0.42285347016431124,0.3415345922344199,0.011832420309428167
site005,2021,47,67.40561274811625,5.800274812383577,1,7,8,8.013962819706649,8.622975401813164,2,0.4254912511775448,0.5931357014914378,0.42285347016431124,0.4432833814693373,0.018995510688692898
site005,2022,16,80.27990907430649,15.379200468072668,0,7,1,10.84909533848986,7.132157633313909,3,0.4898604166330844,0.4022197804418499,0.4840410167379603,0.3415345922344199,0.011832420309428167
site005,2022,16,80.27990907430649,15.379200468072668,0,7,1,10.84909533848986,7.132157633313909,3,0.4898604166330844,0.4022197804418499,0.4840410167379603,0.4432833814693373,0.018995510688692898
site006,2008,49,60.76764122582972,13.36952161299996,0,5,0,1.81074038753286,7.926032734103501,2,0.44519210248403446,0.3202161630004396,0.42944991200572685,0.3678421552725823,0.021201741756054774
site006,2008,49,60.76764122582972,13.36952161299996,0,5,0,1.81074038753286,7.926032734103501,2,0.44519210248403446,0.3202161630004396,0.42944991200572685,0.3971738720003136,0.02405298881753808
site006,2008,49,60.76764122582972,13.36952161299996,0,5,0,1.81074038753286,7.926032734103501,2,0.44519210248403446,0.3202161630004396,0.42944991200572685,0.708718479607535,0.02731767052989459
site006,2009,48,90.94744157977402,29.769540498265997,1,3,2,10.650352846831083,8.837462494848296,3,0.5752418968862444,0.7021630276932286,0.5541348462059267,0.3678421552725823,0.021201741756054774
site006,2009,48,90.94744157977402,29.769540498265997,1,3,2,10.650352846831083,8.837462494848296,3,0.5752418968862444,0.7021630276932286,0.5541348462059267,0.3971738720003136,0.02405298881753808
site006,2009,48,90.94744157977402,29.769540498265997,1,3,2,10.650352846831083,8.837462494848296,3,0.5752418968862444,0.7021630276932286,0.5541348462059267,0.708718479607535,0.02731767052989459
site006,2010,33,82.3866031691432,26.77955359360203,0,9,14,12.183133861981332,9.628116431413218,2,0.3035471939679229,0.7085116205339708,0.2981698755814989,0.3678421552725823,0.021201741756054774
site006,2010,33,82.3866031691432,26.77955359360203,0,9,14,12.183133861981332,9.628116431413218,2,0.3035471939679229,0.7085116205339708,0.2981698755814989,0.3971738720003136,0.02405298881753808
site006,2010,33,82.3866031691432,26.77955359360203,0,9,14,12.183133861981332,9.628116431413218,2,0.3035471939679229,0.7085116205339708,0.2981698755814989,0.708718479607535,0.02731767052989459
site006,2011,3,85.65850556828082,11.026905766688287,1,1,13,1.2639704551547766,9.030652343062684,3,0.7686035471287954,0.4790710009372557,0.7226788846853612,0.3678421552725823,0.021201741756054774
site006,2011,3,85.65850556828082,11.026905766688287,1,1,13,1.2639704551547766,9.030652343062684,3,0.7686035471287954,0.4790710009372557,0.7226788846853612,0.3971738720003136,0.02405298881753808
site006,2011,3,85.65850556828082,11.026905766688287,1,1,13,1.2639704551547766,9.030652343062684,3,0.7686035471287954,0.4790710009372557,0.7226788846853612,0.708718479607535,0.02731767052989459
site006,2012,12,78.73728474602103,21.46947962534614,1,5,3,1.515404005534947,9.70968644367531,3,0.7846289824214037,0.5110465167209983,0.7615456357452172,0.3678421552725823,0.021201741756054774
site006,2012,12,78.73728474602103,21.46947962534614,1,5,3,1.515404005534947,9.70968644367531,3,0.7846289824214037,0.5110465167209983,0.7615456357452172,0.3971738720003136,0.02405298881753808
site006,2012,12,78.73728474602103,21.46947962534614,1,5,3,1.515404005534947,9.70968644367531,3,0.7846289824214037,0.5110465167209983,0.7615456357452172,0.708718479607535,0.02731767052989459
site006,2013,4,71.16895242594182,27.353015924803913,1,9,9,9.089511250145732,6.492451369995251,1,0.6224142040510218,0.5803536506258982,0.6136072914473605,0.3678421552725823,0.021201741756054774
site006,2013,4,71.16895242594182,27.353015924803913,1,9,9,9.089511250145732,6.492451369995251,1,0.6224142040510218,0.5803536506258982,0.6136072914473605,0.3971738720003136,0.02405298881753808
site006,2013,4,71.16895242594182,27.353015924803913,1,9,9,9.089511250145732,6.492451369995251,1,0.6224142040510218,0.5803536506258982,0.6136072914473605,0.708718479607535,0.02731767052989459
site006,2014,50,78.44866281375289,20.61249372852035,1,9,2,12.060502032283694,5.008181591983885,2,0.28087141741753924,0.6201683216887195,0.3469391791350904,0.3678421552725823,0.021201741756054774
site006,2014,50,78.44866281375289,20.61249372852035,1,9,2,12.060502032283694,5.008181591983885,2,0.28087141741753924,0.6201683216887195,0.3469391791350904,0.3971738720003136,0.02405298881753808
site006,2014,50,78.44866281375289,20.61249372852035,1,9,2,12.060502032283694,5.008181591983885,2,0.28087141741753924,0.6201683216887195,0.3469391791350904,0.708718479607535,0.02731767052989459
site006,2015,24,91.70953366905452,19.53390786703676,0,6,5,11.293654466047885,5.949127071071416,3,0.33991803769158496,0.47117965710246057,0.37575087922543277,0.3678421552725823,0.021201741756054774
site006,2015,24,91.70953366905452,19.53390786703676,0,6,5,11.293654466047885,5.949127071071416,3,0.33991803769158496,0.47117965710246057,0.37575087922543277,0.3971738720003136,0.02405298881753808
site006,2015,24,91.70953366905452,19.53390786703676,0,6,5,11.293654466047885,5.949127071071416,3,0.33991803769158496,0.47117965710246057,0.37575087922543277,0.708718479607535,0.02731767052989459
site006,2016,21,83.42262305319309,5.338531284360215,0,10,15,4.759528066497296,8.71682679047808,2,0.2088306831451133,0.5201895342375958,0.2492752287360326,0.3678421552725823,0.021201741756054774
site006,2016,21,83.42262305319309,5.338531284360215,0,10,15,4.759528066497296,8.71682679047808,2,0.2088306831451133,0.5201895342375958,0.2492752287360326,0.3971738720003136,0.02405298881753808
site006,2016,21,83.42262305319309,5.338531284360215,0,10,15,4.759528066497296,8.71682679047808,2,0.2088306831451133,0.5201895342375958,0.2492752287360326,0.708718479607535,0.02731767052989459
site006,2017,24,75.79035943374038,18.432636311044917,1,0,4,12.275129941292109,8.174905781634152,1,0.8305628876681957,0.5228270840617655,0.7382273343440111,0.3678421552725823,0.021201741756054774
site006,2017,24,75.79035943374038,18.432636311044917,1,0,4,12.275129941292109,8.174905781634152,1,0.8305628876681957,0.5228270840617655,0.7382273343440111,0.3971738720003136,0.02405298881753808
site006,2017,24,75.79035943374038,18.432636311044917,1,0,4,12.275129941292109,8.174905781634152,1,0.8305628876681957,0.5228270840617655,0.7382273343440111,0.708718479607535,0.02731767052989459
site006,2018,31,92.44949398562312,8.909785840194672,0,7,3,6.949060288723558,7.52818355569616,3,0.28479970389403736,0.441321137115858,0.28294476704306015,0.3678421552725823,0.021201741756054774
site006,2018,31,92.44949398562312,8.909785840194672,0,7,3,6.949060288723558,7.52818355569616,3,0.28479970389403736,0.441321137115858,0.28294476704306015,0.3971738720003136,0.02405298881753808
site006,2018,31,92.44949398562312,8.909785840194672,0,7,3,6.949060288723558,7.52818355569616,3,0.28479970389403736,0.441321137115858,0.28294476704306015,0.708718479607535,0.02731767052989459
site006,2019,45,72.74252375587821,14.277747760294003,0,4,7,3.313012699596584,5.138406944461167,2,0.276760123088627,0.341149899357455,0.2969451724423962,0.3678421552725823,0.021201741756054774
site006,2019,45,72.74252375587821,14.277747760294003,0,4,7,3.313012699596584,5.138406944461167,2,0.276760123088627,0.341149899357455,0.2969451724423962,0.3971738720003136,0.02405298881753808
site006,2019,45,72.74252375587821,14.277747760294003,0,4,7,3.313012699596584,5.138406944461167,2,0.276760123088627,0.341149899357455,0.2969451724423962,0.708718479607535,0.02731767052989459
site006,2020,24,83.25789352878928,7.445339704630896,1,4,3,9.45666597224772,5.305309959221631,1,0.5292367560402528,0.443083807545042,0.5427924529959831,0.3678421552725823,0.021201741756054774
site006,2020,24,83.25789352878928,7.445339704630896,1,4,3,9.45666597224772,5.305309959221631,1,0.5292367560402528,0.443083807545042,0.5427924529959831,0.3971738720003136,0.02405298881753808
site006,2020,24,83.25789352878928,7.445339704630896,1,4,3,9.45666597224772,5.305309959221631,1,0.5292367560402528,0.443083807545042,0.5427924529959831,0.708718479607535,0.02731767052989459
site006,2021,22,78.21955831721425,8.392723989207298,0,0,15,12.560644986107944,5.855182072846219,1,0.4721969311805169,0.39310071206605557,0.4943303449677755,0.3678421552725823,0.021201741756054774
site006,2021,22,78.21955831721425,8.392723989207298,0,0,15,12.560644986107944,5.855182072846219,1,0.4721969311805169,0.39310071206605557,0.4943303449677755,0.3971738720003136,0.02405298881753808
site006,2021,22,78.21955831721425,8.392723989207298,0,0,15,12.560644986107944,5.855182072846219,1,0.4721969311805169,0.39310071206605557,0.4943303449677755,0.708718479607535,0.02731767052989459
site006,2022,34,70.75213799253106,19.956944087985903,0,0,6,11.93331298371777,9.970651244511828,1,0.7072587165878098,0.4722272591899398,0.6683476581155738,0.3678421552725823,0.021201741756054774
site006,2022,34,70.75213799253106,19.956944087985903,0,0,6,11.93331298371777,9.970651244511828,1,0.7072587165878098,0.4722272591899398,0.6683476581155738,0.3971738720003136,0.02405298881753808
site006,2022,34,70.75213799253106,19.956944087985903,0,0,6,11.93331298371777,9.970651244511828,1,0.7072587165878098,0.4722272591899398,0.6683476581155738,0.708718479607535,0.02731767052989459
site007,2008,39,82.20708819106221,14.687801672844216,1,0,0,2.140676590614021,8.902062519919127,3,0.7216843608189382,0.4579447786416153,0.637447713599374,0.6066914148021882,0.016778413453617712
site007,2008,39,82.20708819106221,14.687801672844216,1,0,0,2.140676590614021,8.902062519919127,3,0.7216843608189382,0.4579447786416153,0.637447713599374,0.3273386141365507,0.016746968212692313
site007,2008,39,82.20708819106221,14.687801672844216,1,0,0,2.140676590614021,8.902062519919127,3,0.7216843608189382,0.4579447786416153,0.637447713599374,0.5071925948894851,0.02351650136543169
site007,2009,47,69.24923537299037,5.667928033974022,0,4,15,1.99061715696007,7.611663872376084,2,0.2542980215448527,0.4146692652376204,0.282984788880975,0.6066914148021882,0.016778413453617712
site007,2009,47,69.24923537299037,5.667928033974022,0,4,15,1.99061715696007,7.611663872376084,2,0.2542980215448527,0.4146692652376204,0.282984788880975,0.3273386141365507,0.016746968212692313
site007,2009,47,69.24923537299037,5.667928033974022,0,4,15,1.99061715696007,7.611663872376084,2,0.2542980215448527,0.4146692652376204,0.282984788880975,0.5071925948894851,0.02351650136543169
site007,2010,29,81.72931591980159,8.89032970345579,1,3,1,14.425440247170627,5.221046911319718,1,0.5711292398877017,0.4704601205586415,0.5415948312638693,0.6066914148021882,0.016778413453617712
site007,2010,29,81.72931591980159,8.89032970345579,1,3,1,14.425440247170627,5.221046911319718,1,0.5711292398877017,0.4704601205586415,0.5415948312638693,0.3273386141365507,0.016746968212692313
site007,2010,29,81.72931591980159,8.89032970345579,1,3,1,14.425440247170627,5.221046911319718,1,0.5711292398877017,0.4704601205586415,0.5415948312638693,0.5071925948894851,0.02351650136543169
site007,2011,11,77.90280564688146,21.67572669754736,0,5,7,2.2640986000187695,6.350921378470957,1,0.5090203295404013,0.33776440297593163,0.5392011299138758,0.6066914148021882,0.016778413453617712
site007,2011,11,77.90280564688146,21.67572669754736,0,5,7,2.2640986000187695,6.350921378470957,1,0.5090203295404013,0.33776440297593163,0.5392011299138758,0.3273386141365507,0.016746968212692313
site007,2011,11,77.90280564688146,21.67572669754736,0,5,7,2.2640986000187695,6.350921378470957,1,0.5090203295404013,0.33776440297593163,0.5392011299138758,0.5071925948894851,0.02351650136543169
site007,2012,30,65.21152547560632,18.78725591325201,1,1,12,3.9715175316669047,5.574594140052795,1,0.6239796014827402,0.445611700919419,0.6127235661562368,0.6066914148021882,0.016778413453617712
site007,2012,30,65.21152547560632,18.78725591325201,1,1,12,3.9715175316669047,5.574594140052795,1,0.6239796014827402,0.445611700919419,0.6127235661562368,0.3273386141365507,0.016746968212692313
site007,2012,30,65.21152547560632,18.78725591325201,1,1,12,3.9715175316669047,5.574594140052795,1,0.6239796014827402,0.445611700919419,0.6127235661562368,0.5071925948894851,0.02351650136543169
site007,2013,45,84.8690393101424,4.831537020392716,1,8,2,7.148850301280618,8.613628667080775,3,0.3676904172524932,0.5930907603430177,0.37730389539506226,0.6066914148021882,0.016778413453617712
site007,2013,45,84.8690393101424,4.831537020392716,1,8,2,7.148850301280618,8.613628667080775,3,0.3676904172524932,0.5930907603430177,0.37730389539506226,0.3273386141365507,0.016746968212692313
site007,2013,45,84.8690393101424,4.831537020392716,1,8,2,7.148850301280618,8.613628667080775,3,0.3676904172524932,0.5930907603430177,0.37730389539506226,0.5071925948894851,0.02351650136543169
site007,2014,29,81.9197713304311,3.030210342956707,0,10,15,11.890200840309262,7.024304267251864,2,0.11570329689738126,0.5472241422259853,0.1730201709255077,0.6066914148021882,0.016778413453617712
site007,2014,29,81.9197713304311,3.030210342956707,0,10,15,11.890200840309262,7.024304267251864,2,0.11570329689738126,0.5472241422259853,0.1730201709255077,0.3273386141365507,0.016746968212692313
site007,2014,29,81.9197713304311,3.030210342956707,0,10,15,11.890200840309262,7.024304267251864,2,0.11570329689738126,0.5472241422259853,0.1730201709255077,0.5071925948894851,0.02351650136543169
site007,2015,34,65.96976854838431,29.021685376297683,0,2,12,12.919711431022732,9.429350376594812,1,0.6261534845788796,0.5668094809363605,0.6286980697094013,0.6066914148021882,0.016778413453617712
site007,2015,34,65.96976854838431,29.021685376297683,0,2,12,12.919711431022732,9.429350376594812,1,0.6261534845788796,0.5668094809363605,0.6286980697094013,0.3273386141365507,0.016746968212692313
site007,2015,34,65.96976854838431,29.021685376297683,0,2,12,12.919711431022732,9.429350376594812,1,0.6261534845788796,0.5668094809363605,0.6286980697094013,0.5071925948894851,0.02351650136543169
site007,2016,13,82.38183476962149,11.679838061332704,1,2,15,9.746134653687475,6.906490083783865,1,0.6195520274774271,0.5488808036763001,0.6263218940155856,0.6066914148021882,0.016778413453617712
site007,2016,13,82.38183476962149,11.679838061332704,1,2,15,9.746134653687475,6.906490083783865,1,0.6195520274774271,0.5488808036763001,0.6263218940155856,0.3273386141365507,0.016746968212692313
site007,2016,13,82.38183476962149,11.679838061332704,1,2,15,9.746134653687475,6.906490083783865,1,0.6195520274774271,0.5488808036763001,0.6263218940155856,0.5071925948894851,0.02351650136543169
site007,2017,28,77.0754230581224,20.646168454084545,0,1,11,6.4325727401301265,7.138836021767929,1,0.5196548372413338,0.41377277831758696,0.5352983765867895,0.6066914148021882,0.016778413453617712
site007,2017,28,77.0754230581224,20.646168454084545,0,1,11,6.4325727401301265,7.138836021767929,1,0.5196548372413338,0.41377277831758696,0.5352983765867895,0.3273386141365507,0.016746968212692313
site007,2017,28,77.0754230581224,20.646168454084545,0,1,11,6.4325727401301265,7.138836021767929,1,0.5196548372413338,0.41377277831758696,0.5352983765867895,0.5071925948894851,0.02351650136543169
site007,2018,31,77.90920393541455,25.53260018117726,0,7,4,3.012567911762744,5.198557114927098,2,0.3198519908123841,0.3823468717322573,0.30160908492722,0.6066914148021882,0.016778413453617712
site007,2018,31,77.90920393541455,25.53260018117726,0,7,4,3.012567911762744,5.198557114927098,2,0.3198519908123841,0.3823468717322573,0.30160908492722,0.3273386141365507,0.016746968212692313
site007,2018,31,77.90920393541455,25.53260018117726,0,7,4,3.012567911762744,5.198557114927098,2,0.3198519908123841,0.3823468717322573,0.30160908492722,0.5071925948894851,0.02351650136543169
site007,2019,6,93.33179086446762,8.007861174177378,0,3,3,13.343419259414077,7.248059822013602,3,0.5741755184717825,0.3781652387958237,0.5750965212284489,0.6066914148021882,0.016778413453617712
site007,2019,6,93.33179086446762,8.007861174177378,0,3,3,13.343419259414077,7.248059822013602,3,0.5741755184717825,0.3781652387958237,0.5750965212284489,0.3273386141365507,0.016746968212692313
site007,2019,6,93.33179086446762,8.007861174177378,0,3,3,13.343419259414077,7.248059822013602,3,0.5741755184717825,0.3781652387958237,0.5750965212284489,0.5071925948894851,0.02351650136543169
site007,2020,2,88.7834913097322,2.019378740573302,0,10,8,13.232385375536978,8.473783230874687,3,0.37915463146342915,0.48687529494106246,0.3901881741345317,0.6066914148021882,0.016778413453617712
site007,2020,2,88.7834913097322,2.019378740573302,0,10,8,13.232385375536978,8.473783230874687,3,0.37915463146342915,0.48687529494106246,0.3901881741345317,0.3273386141365507,0.016746968212692313
site007,2020,2,88.7834913097322,2.019378740573302,0,10,8,13.232385375536978,8.473783230874687,3,0.37915463146342915,0.48687529494106246,0.3901881741345317,0.5071925948894851,0.02351650136543169
site007,2021,22,78.27547022141516,18.261966865044087,1,7,15,5.74073168868199,9.042110729496926,2,0.5142035003720862,0.6669926076020624,0.49455146473513445,0.6066914148021882,0.016778413453617712
site007,2021,22,78.27547022141516,18.261966865044087,1,7,15,5.74073168868199,9.042110729496926,2,0.5142035003720862,0.6669926076020624,0.49455146473513445,0.3273386141365507,0.016746968212692313
site007,2021,22,78.27547022141516,18.261966865044087,1,7,15,5.74073168868199,9.042110729496926,2,0.5142035003720862,0.6669926076020624,0.49455146473513445,0.5071925948894851,0.02351650136543169
site007,2022,14,80.85057051852345,25.24954271223396,0,0,10,8.186381489504129,5.767595702782273,1,0.6061152185386462,0.3711084283690817,0.5957945793143021,0.6066914148021882,0.016778413453617712
site007,2022,14,80.85057051852345,25.24954271223396,0,0,10,8.186381489504129,5.767595702782273,1,0.6061152185386462,0.3711084283690817,0.5957945793143021,0.3273386141365507,0.016746968212692313
site007,2022,14,80.85057051852345,25.24954271223396,0,0,10,8.186381489504129,5.767595702782273,1,0.6061152185386462,0.3711084283690817,0.5957945793143021,0.5071925948894851,0.02351650136543169
site008,2008,20,69.698283104226,11.505227097077295,1,4,2,7.9150959411636,7.762526066508144,1,0.7355548441073827,0.4475662617083967,0.7487772314117772,0.4018084486246825,0.020686573555497658
site008,2009,36,63.034433387219906,10.633467468200251,0,5,11,12.108129289932547,7.1860258805099875,2,0.40018016056687716,0.4487011143163397,0.4017491201024956,0.4018084486246825,0.020686573555497658
site008,2010,7,75.65180364996195,19.69735359097831,0,1,13,13.857811668422071,8.643434852128848,1,0.7158151214758965,0.4738363456382807,0.7033845993233541,0.4018084486246825,0.020686573555497658
site008,2011,50,60.52432863973081,28.799838967155665,0,4,15,9.209043762646616,7.1104057936463505,2,0.36514398948550253,0.5473510481272805,0.36296571654357107,0.4018084486246825,0.020686573555497658
site008,2012,9,94.69997874461114,18.28990522539243,0,6,0,12.528725518845022,7.247631995705888,3,0.5181540849579033,0.4396195695914263,0.5207435585385859,0.4018084486246825,0.020686573555497658
site008,2013,49,99.70462694764136,15.7981205212418,0,7,3,12.304144740104675,8.784912105184048,3,0.20888449943948603,0.618483847872632,0.24682651148218443,0.4018084486246825,0.020686573555497658
site008,2014,41,88.35421552881598,5.502659941557795,1,4,8,4.942021780181676,6.232060028705746,3,0.35181165342590526,0.5174067167094266,0.40781474124295947,0.4018084486246825,0.020686573555497658
site008,2015,43,93.06861961260438,25.529679160099477,0,2,0,8.121080389712006,7.368481489829719,3,0.443486661969269,0.4642427070933264,0.43078823337637373,0.4018084486246825,0.020686573555497658
site008,2016,33,95.67585078068078,7.217032343382016,1,4,15,5.1332121645100415,6.139496826799586,3,0.2978072934697344,0.5854795663367234,0.3305761074695714,0.4018084486246825,0.020686573555497658
site008,2017,9,81.57642930746078,20.426324100000784,1,3,5,13.146732772234827,7.232818501070142,1,0.7719025669490004,0.5421427892228383,0.7534462781100864,0.4018084486246825,0.020686573555497658
site008,2018,21,82.21254367381334,18.91493708617054,0,10,4,10.987143472768366,9.51735726906918,3,0.4192435924000515,0.5595596292775082,0.42706901707160694,0.4018084486246825,0.020686573555497658
site008,2019,11,71.05759534984827,2.4499935328494757,1,5,1,6.072918287478387,9.755057300208136,3,0.7998579431035667,0.42763136092135173,0.780991845719306,0.4018084486246825,0.020686573555497658
site008,2020,19,86.36791703291237,28.532564491964877,1,3,6,14.95842362428084,7.930268296040595,1,0.7274340827085324,0.6593258374596369,0.7114905792153671,0.4018084486246825,0.020686573555497658
site008,2021,45,69.73740969784558,17.894008916802704,1,9,15,10.814046330749989,8.225072192726657,2,0.3296117990893577,0.7463330974217467,0.34293500772423047,0.4018084486246825,0.020686573555497658
site008,2022,16,71.53064819052815,25.967675774591044,1,7,14,4.324704515282065,9.716078685596583,1,0.647602093687583,0.6600509387427268,0.6062573183986633,0.4018084486246825,0.020686573555497658
site009,2008,45,88.63123834133148,16.03555023111403,1,6,10,10.064957519993186,8.667676434852183,2,0.3778086567756956,0.7226110599720142,0.3752971507898415,0.4841401619845191,0.02400547431644373
site009,2008,45,88.63123834133148,16.03555023111403,1,6,10,10.064957519993186,8.667676434852183,2,0.3778086567756956,0.7226110599720142,0.3752971507898415,0.4444264217448825,0.014671032515285601
site009,2008,45,88.63123834133148,16.03555023111403,1,6,10,10.064957519993186,8.667676434852183,2,0.3778086567756956,0.7226110599720142,0.3752971507898415,0.5186262287134256,0.02052690558592583
site009,2009,34,89.10134532488883,8.717697020154446,1,6,13,5.815331815741956,9.751292946748435,3,0.4185995149949749,0.6788311252634793,0.4151064637051434,0.4841401619845191,0.02400547431644373
site009,2009,34,89.10134532488883,8.717697020154446,1,6,13,5.815331815741956,9.751292946748435,3,0.4185995149949749,0.6788311252634793,0.4151064637051434,0.4444264217448825,0.014671032515285601
site009,2009,34,89.10134532488883,8.717697020154446,1,6,13,5.815331815741956,9.751292946748435,3,0.4185995149949749,0.6788311252634793,0.4151064637051434,0.5186262287134256,0.02052690558592583
site009,2010,39,66.92172154784203,18.323952240869403,0,8,10,12.208765658084303,8.412851942703128,2,0.3466282899201663,0.5624600067405392,0.3301617017396689,0.4841401619845191,0.02400547431644373
site009,2010,39,66.92172154784203,18.323952240869403,0,8,10,12.208765658084303,8.412851942703128,2,0.3466282899201663,0.5624600067405392,0.3301617017396689,0.4444264217448825,0.014671032515285601
site009,2010,39,66.92172154784203,18.323952240869403,0,8,10,12.208765658084303,8.412851942703128,2,0.3466282899201663,0.5624600067405392,0.3301617017396689,0.5186262287134256,0.02052690558592583
site009,2011,45,72.25245035253465,24.07170644099824,0,5,8,5.550390111748129,6.292043104767799,2,0.3192741280497664,0.451861367062458,0.3317155003218111,0.4841401619845191,0.02400547431644373
site009,2011,45,72.25245035253465,24.07170644099824,0,5,8,5.550390111748129,6.292043104767799,2,0.3192741280497664,0.451861367062458,0.3317155003218111,0.4444264217448825,0.014671032515285601
site009,2011,45,72.25245035253465,24.07170644099824,0,5,8,5.550390111748129,6.292043104767799,2,0.3192741280497664,0.451861367062458,0.3317155003218111,0.5186262287134256,0.02052690558592583
site009,2012,50,74.7962910681963,20.9892950898502,1,4,14,4.74200166715309,8.581076187547296,2,0.4413049794061408,0.6715459219129584,0.46869067767544415,0.4841401619845191,0.02400547431644373
site009,2012,50,74.7962910681963,20.9892950898502,1,4,14,4.74200166715309,8.581076187547296,2,0.4413049794061408,0.6715459219129584,0.46869067767544415,0.4444264217448825,0.014671032515285601
site009,2012,50,74.7962910681963,20.9892950898502,1,4,14,4.74200166715309,8.581076187547296,2,0.4413049794061408,0.6715459219129584,0.46869067767544415,0.5186262287134256,0.02052690558592583
site009,2013,29,63.10886217281222,14.9383176935371,1,4,15,1.9769357279874384,7.4499317817389965,1,0.5653545753066828,0.5114047908854845,0.5518986108461853,0.4841401619845191,0.02400547431644373
site009,2013,29,63.10886217281222,14.9383176935371,1,4,15,1.9769357279874384,7.4499317817389965,1,0.5653545753066828,0.5114047908854845,0.5518986108461853,0.4444264217448825,0.014671032515285601
site009,2013,29,63.10886217281222,14.9383176935371,1,4,15,1.9769357279874384,7.4499317817389965,1,0.5653545753066828,0.5114047908854845,0.5518986108461853,0.5186262287134256,0.02052690558592583
site009,2014,14,88.52600755169988,14.51195227424614,1,2,13,8.987243189942092,9.54591142362915,3,0.7002572165061371,0.6254923838415175,0.6888782058378204,0.4841401619845191,0.02400547431644373
site009,2014,14,88.52600755169988,14.51195227424614,1,2,13,8.987243189942092,9.54591142362915,3,0.7002572165061371,0.6254923838415175,0.6888782058378204,0.4444264217448825,0.014671032515285601
site009,2014,14,88.52600755169988,14.51195227424614,1,2,13,8.987243189942092,9.54591142362915,3,0.7002572165061371,0.6254923838415175,0.6888782058378204,0.5186262287134256,0.02052690558592583
site009,2015,23,82.0369091629982,18.933957719942555,1,0,6,1.0583917847834527,9.671744742663575,3,0.8071204445605085,0.49533878611300236,0.7539047957143964,0.4841401619845191,0.02400547431644373
site009,2015,23,82.0369091629982,18.933957719942555,1,0,6,1.0583917847834527,9.671744742663575,3,0.8071204445605085,0.49533878611300236,0.7539047957143964,0.4444264217448825,0.014671032515285601
site009,2015,23,82.0369091629982,18.933957719942555,1,0,6,1.0583917847834527,9.671744742663575,3,0.8071204445605085,0.49533878611300236,0.7539047957143964,0.5186262287134256,0.02052690558592583
site009,2016,48,65.4346158541739,14.028844914864749,1,9,11,4.932623119093478,7.38615553942509,2,0.3145566373405092,0.6163968165786149,0.3329445627750258,0.4841401619845191,0.02400547431644373
site009,2016,48,65.4346158541739,14.028844914864749,1,9,11,4.932623119093478,7.38615553942509,2,0.3145566373405092,0.6163968165786149,0.3329445627750258,0.4444264217448825,0.014671032515285601
site009,2016,48,65.4346158541739,14.028844914864749,1,9,11,4.932623119093478,7.38615553942509,2,0.3145566373405092,0.6163968165786149,0.3329445627750258,0.5186262287134256,0.02052690558592583
site009,2017,22,98.9665477629751,18.478518448304385,0,5,3,4.921220780350268,7.200436673592776,3,0.3880445726088845,0.4291960718512451,0.4207379195751214,0.4841401619845191,0.02400547431644373
site009,2017,22,98.9665477629751,18.478518448304385,0,5,3,4.921220780350268,7.200436673592776,3,0.3880445726088845,0.4291960718512451,0.4207379195751214,0.4444264217448825,0.014671032515285601
site009,2017,22,98.9665477629751,18.478518448304385,0,5,3,4.921220780350268,7.200436673592776,3,0.3880445726088845,0.4291960718512451,0.4207379195751214,0.5186262287134256,0.02052690558592583
site009,2018,42,82.4785263556987,1.133660248713568,0,2,15,12.455210708081722,7.979684262536466,2,0.30297288539522765,0.5022743457998301,0.3701157429738197,0.4841401619845191,0.02400547431644373
site009,2018,42,82.4785263556987,1.133660248713568,0,2,15,12.455210708081722,7.979684262536466,2,0.30297288539522765,0.5022743457998301,0.3701157429738197,0.4444264217448825,0.014671032515285601
site009,2018,42,82.4785263556987,1.133660248713568,0,2,15,12.455210708081722,7.979684262536466,2,0.30297288539522765,0.5022743457998301,0.3701157429738197,0.5186262287134256,0.02052690558592583
site009,2019,6,91.5363752655685,29.85484086326323,0,9,3,2.6426803558133543,8.532642115605995,3,0.49094808282290087,0.4780627296911569,0.48770869431181135,0.4841401619845191,0.02400547431644373
site009,2019,6,91.5363752655685,29.85484086326323,0,9,3,2.6426803558133543,8.532642115605995,3,0.49094808282290087,0.4780627296911569,0.48770869431181135,0.4444264217448825,0.014671032515285601
site009,2019,6,91.5363752655685,29.85484086326323,0,9,3,2.6426803558133543,8.532642115605995,3,0.49094808282290087,0.4780627296911569,0.48770869431181135,0.5186262287134256,0.02052690558592583
site009,2020,28,93.95656337030232,12.787411004072055,1,6,9,4.670304024592042,9.877799197565764,3,0.4882093671861363,0.6561837883121847,0.4208916233326738,0.4841401619845191,0.02400547431644373
site009,2020,28,93.95656337030232,12.787411004072055,1,6,9,4.670304024592042,9.877799197565764,3,0.4882093671861363,0.6561837883121847,0.4208916233326738,0.4444264217448825,0.014671032515285601
site009,2020,28,93.95656337030232,12.787411004072055,1,6,9,4.670304024592042,9.877799197565764,3,0.4882093671861363,0.6561837883121847,0.4208916233326738,0.5186262287134256,0.02052690558592583
site009,2021,14,95.12167098931968,4.420597476884723,0,10,9,7.1492593651637435,7.329161022789776,3,0.20710650739482997,0.47206787910214726,0.25115029808598255,0.4841401619845191,0.02400547431644373
site009,2021,14,95.12167098931968,4.420597476884723,0,10,9,7.1492593651637435,7.329161022789776,3,0.20710650739482997,0.47206787910214726,0.25115029808598255,0.4444264217448825,0.014671032515285601
site009,2021,14,95.12167098931968,4.420597476884723,0,10,9,7.1492593651637435,7.329161022789776,3,0.20710650739482997,0.47206787910214726,0.25115029808598255,0.5186262287134256,0.02052690558592583
site009,2022,22,92.01905495487154,26.216633764328435,1,7,0,14.41738248988986,6.490213393699378,3,0.5533717598614694,0.6335539026959522,0.5034640398937991,0.4841401619845191,0.02400547431644373
site009,2022,22,92.01905495487154,26.216633764328435,1,7,0,14.41738248988986,6.490213393699378,3,0.5533717598614694,0.6335539026959522,0.5034640398937991,0.4444264217448825,0.014671032515285601
site009,2022,22,92.01905495487154,26.216633764328435,1,7,0,14.41738248988986,6.490213393699378,3,0.5533717598614694,0.6335539026959522,0.5034640398937991,0.5186262287134256,0.02052690558592583
site010,2008,25,85.60593945905566,16.66559574054554,0,9,8,5.446752704214305,9.132259292528031,3,0.3285859626884796,0.531808391439842,0.3345500346460602,0.38217972284880813,0.018921710797564894
site010,2008,25,85.60593945905566,16.66559574054554,0,9,8,5.446752704214305,9.132259292528031,3,0.3285859626884796,0.531808391439842,0.3345500346460602,0.5668257374272647,0.020211957429648743
site010,2008,25,85.60593945905566,16.66559574054554,0,9,8,5.446752704214305,9.132259292528031,3,0.3285859626884796,0.531808391439842,0.3345500346460602,0.8156349376239085,0.014931388032387236
site010,2009,37,85.15711043030024,26.5663323700428,1,10,13,11.99482458550483,9.508248586207628,2,0.367057990549224,0.8507314535267934,0.36681220053099856,0.38217972284880813,0.018921710797564894
site010,2009,37,85.15711043030024,26.5663323700428,1,10,13,11.99482458550483,9.508248586207628,2,0.367057990549224,0.8507314535267934,0.36681220053099856,0.5668257374272647,0.020211957429648743
site010,2009,37,85.15711043030024,26.5663323700428,1,10,13,11.99482458550483,9.508248586207628,2,0.367057990549224,0.8507314535267934,0.36681220053099856,0.8156349376239085,0.014931388032387236
site010,2010,45,70.856360187754035,2.0886553323362023,1,7,12,2.8414137922227383,8.070252414327115,2,0.3332516256715644,0.5558433949642378,0.3702404377927425,0.38217972284880813,0.018921710797564894
site010,2010,45,70.856360187754035,2.0886553323362023,1,7,12,2.8414137922227383,8.070252414327115,2,0.3332516256715644,0.5558433949642378,0.3702404377927425,0.5668257374272647,0.020211957429648743
site010,2010,45,70.856360187754035,2.0886553323362023,1,7,12,2.8414137922227383,8.070252414327115,2,0.3332516256715644,0.5558433949642378,0.3702404377927425,0.8156349376239085,0.014931388032387236
site010,2011,31,61.197593016549945,26.561584902228788,0,3,3,7.923440728336573,6.359497545054182,1,0.6021131056467647,0.3493998802919171,0.5394505895390718,0.38217972284880813,0.018921710797564894
site010,2011,31,61.197593016549945,26.561584902228788,0,3,3,7.923440728336573,6.359497545054182,1,0.6021131056467647,0.3493998802919171,0.5394505895390718,0.5668257374272647,0.020211957429648743
site010,2011,31,61.197593016549945,26.561584902228788,0,3,3,7.923440728336573,6.359497545054182,1,0.6021131056467647,0.3493998802919171,0.5394505895390718,0.8156349376239085,0.014931388032387236
site010,2012,6,76.79456859827042,21.948140423744917,1,1,7,8.35294796153903,7.165052996715531,1,0.8496128492918011,0.4731225017088463,0.8286487927061659,0.38217972284880813,0.018921710797564894
site010,2012,6,76.79456859827042,21.948140423744917,1,1,7,8.35294796153903,7.165052996715531,1,0.8496128492918011,0.4731225017088463,0.8286487927061659,0.5668257374272647,0.020211957429648743
site010,2012,6,76.79456859827042,21.948140423744917,1,1,7,8.35294796153903,7.165052996715531,1,0.8496128492918011,0.4731225017088463,0.8286487927061659,0.8156349376239085,0.014931388032387236
site010,2013,26,74.21738684177399,23.3244986012578,1,3,10,13.405807782895865,9.781899889931085,1,0.7487152558008519,0.6819986966546789,0.7008127575347707,0.38217972284880813,0.018921710797564894
site010,2013,26,74.21738684177399,23.3244986012578,1,3,10,13.405807782895865,9.781899889931085,1,0.7487152558008519,0.6819986966546789,0.7008127575347707,0.5668257374272647,0.020211957429648743
site010,2013,26,74.21738684177399,23.3244986012578,1,3,10,13.405807782895865,9.781899889931085,1,0.7487152558008519,0.6819986966546789,0.7008127575347707,0.8156349376239085,0.014931388032387236
site010,2014,41,75.69325015880167,26.04421755974181,1,5,5,6.06357437511906,7.546500525204465,2,0.5411916045588169,0.5972061681298348,0.5275977672987362,0.38217972284880813,0.018921710797564894
site010,2014,41,75.69325015880167,26.04421755974181,1,5,5,6.06357437511906,7.546500525204465,2,0.5411916045588169,0.5972061681298348,0.5275977672987362,0.5668257374272647,0.020211957429648743
site010,2014,41,75.69325015880167,26.04421755974181,1,5,5,6.06357437511906,7.546500525204465,2,0.5411916045588169,0.5972061681298348,0.5275977672987362,0.8156349376239085,0.014931388032387236
site010,2015,4,66.87747329473495,15.52152099297382,0,6,0,7.528106223326176,6.263132479507476,1,0.6442705886826656,0.2584194959926892,0.6492506751383661,0.38217972284880813,0.018921710797564894
site010,2015,4,66.87747329473495,15.52152099297382,0,6,0,7.528106223326176,6.263132479507476,1,0.6442705886826656,0.2584194959926892,0.6492506751383661,0.5668257374272647,0.020211957429648743
site010,2015,4,66.87747329473495,15.52152099297382,0,6,0,7.528106223326176,6.263132479507476,1,0.6442705886826656,0.2584194959926892,0.6492506751383661,0.8156349376239085,0.014931388032387236
site010,2016,5,72.78568477369845,27.850056705297902,1,1,11,7.161088800057769,7.051675206748769,1,0.8511737494679233,0.5033977905768308,0.8327651934174647,0.38217972284880813,0.018921710797564894
site010,2016,5,72.78568477369845,27.850056705297902,1,1,11,7.161088800057769,7.051675206748769,1,0.8511737494679233,0.5033977905768308,0.8327651934174647,0.5668257374272647,0.020211957429648743
site010,2016,5,72.78568477369845,27.850056705297902,1,1,11,7.161088800057769,7.051675206748769,1,0.8511737494679233,0.5033977905768308,0.8327651934174647,0.8156349376239085,0.014931388032387236
site010,2017,15,76.54220256954432,7.034165438264608,1,4,6,10.987205937039109,6.038579280721024,1,0.6233525429146192,0.4549135545513376,0.6375790399495399,0.38217972284880813,0.018921710797564894
site010,2017,15,76.54220256954432,7.034165438264608,1,4,6,10.987205937039109,6.038579280721024,1,0.6233525429146192,0.4549135545513376,0.6375790399495399,0.5668257374272647,0.020211957429648743
site010,2017,15,76.54220256954432,7.034165438264608,1,4,6,10.987205937039109,6.038579280721024,1,0.6233525429146192,0.4549135545513376,0.6375790399495399,0.8156349376239085,0.014931388032387236
site010,2018,23,90.3734278678894,1.7860622208099812,0,0,12,1.7166028493084011,7.517960303230211,3,0.435761980662984,0.3241752698567242,0.4604248372727417,0.38217972284880813,0.018921710797564894
site010,2018,23,90.3734278678894,1.7860622208099812,0,0,12,1.7166028493084011,7.517960303230211,3,0.435761980662984,0.3241752698567242,0.4604248372727417,0.5668257374272647,0.020211957429648743
site010,2018,23,90.3734278678894,1.7860622208099812,0,0,12,1.7166028493084011,7.517960303230211,3,0.435761980662984,0.3241752698567242,0.4604248372727417,0.8156349376239085,0.014931388032387236
site010,2019,31,70.87560820393264,10.157999091083184,0,10,0,10.818449108395724,9.249964149203151,2,0.41403144889605503,0.46961890147745594,0.37736529098161725,0.38217972284880813,0.018921710797564894
site010,2019,31,70.87560820393264,10.157999091083184,0,10,0,10.818449108395724,9.249964149203151,2,0.41403144889605503,0.46961890147745594,0.37736529098161725,0.5668257374272647,0.020211957429648743
site010,2019,31,70.87560820393264,10.157999091083184,0,10,0,10.818449108395724,9.249964149203151,2,0.41403144889605503,0.46961890147745594,0.37736529098161725,0.8156349376239085,0.014931388032387236
site010,2020,20,64.62329828180373,20.143255240283903,1,10,2,10.288668228778988,5.110458927229047,1,0.5208413104068376,0.4989902872307531,0.5348033977026121,0.38217972284880813,0.018921710797564894
site010,2020,20,64.62329828180373,20.143255240283903,1,10,2,10.288668228778988,5.110458927229047,1,0.5208413104068376,0.4989902872307531,0.5348033977026121,0.5668257374272647,0.020211957429648743
site010,2020,20,64.62329828180373,20.143255240283903,1,10,2,10.288668228778988,5.110458927229047,1,0.5208413104068376,0.4989902872307531,0.5348033977026121,0.8156349376239085,0.014931388032387236
site010,2021,10,61.173464599996805,10.126047721365468,1,1,5,10.29412943404168,9.163552254904062,1,0.9614467730601464,0.433898994596155,0.8618039529509951,0.38217972284880813,0.018921710797564894
site010,2021,10,61.173464599996805,10.126047721365468,1,1,5,10.29412943404168,9.163552254904062,1,0.9614467730601464,0.433898994596155,0.8618039529509951,0.5668257374272647,0.020211957429648743
site010,2021,10,61.173464599996805,10.126047721365468,1,1,5,10.29412943404168,9.163552254904062,1,0.9614467730601464,0.433898994596155,0.8618039529509951,0.8156349376239085,0.014931388032387236
site010,2022,35,92.27421191520988,28.389380246633664,0,6,7,7.99865131219849,6.276319894241169,2,0.27751048682529333,0.5340114792620382,0.25987240893510427,0.38217972284880813,0.018921710797564894
site010,2022,35,92.27421191520988,28.389380246633664,0,6,7,7.99865131219849,6.276319894241169,2,0.27751048682529333,0.5340114792620382,0.25987240893510427,0.5668257374272647,0.020211957429648743
site010,2022,35,92.27421191520988,28.389380246633664,0,6,7,7.99865131219849,6.276319894241169,2,0.27751048682529333,0.5340114792620382,0.25987240893510427,0.8156349376239085,0.014931388032387236
site011,2008,43,79.20505746267736,23.590146815637127,0,9,11,4.85465358523652,8.547133796382695,2,0.21589228835184496,0.5917672622927265,0.23771090082742913,0.4978548027172979,0.016586993961015595
site011,2008,43,79.20505746267736,23.590146815637127,0,9,11,4.85465358523652,8.547133796382695,2,0.21589228835184496,0.5917672622927265,0.23771090082742913,0.6013264990784323,0.029261178368792044
site011,2009,45,92.24991761147976,10.8435061420314,1,6,1,6.224631086457521,8.31676357309334,3,0.40818348438025126,0.5931378695716214,0.40268879869203567,0.4978548027172979,0.016586993961015595
site011,2009,45,92.24991761147976,10.8435061420314,1,6,1,6.224631086457521,8.31676357309334,3,0.40818348438025126,0.5931378695716214,0.40268879869203567,0.6013264990784323,0.029261178368792044
site011,2010,18,63.160227267071605,14.967741675442085,0,9,7,2.4769390719011426,8.038229250814766,2,0.4543627694853352,0.37425814988851447,0.4474472391107286,0.4978548027172979,0.016586993961015595
site011,2010,18,63.160227267071605,14.967741675442085,0,9,7,2.4769390719011426,8.038229250814766,2,0.4543627694853352,0.37425814988851447,0.4474472391107286,0.6013264990784323,0.029261178368792044
site011,2011,24,64.61349638178945,13.063849164173009,1,7,14,4.569469806738198,8.086132326861843,2,0.530056601146921,0.5639163539329649,0.4912298713487284,0.4978548027172979,0.016586993961015595
site011,2011,24,64.61349638178945,13.063849164173009,1,7,14,4.569469806738198,8.086132326861843,2,0.530056601146921,0.5639163539329649,0.4912298713487284,0.6013264990784323,0.029261178368792044
site011,2012,38,65.1766515802592,23.51368308463134,0,4,1,1.6485240729525683,7.977777986088768,2,0.552342505399301,0.34609946531566727,0.5088173255357629,0.4978548027172979,0.016586993961015595
site011,2012,38,65.1766515802592,23.51368308463134,0,4,1,1.6485240729525683,7.977777986088768,2,0.552342505399301,0.34609946531566727,0.5088173255357629,0.6013264990784323,0.029261178368792044
site011,2013,25,89.54994168132544,15.077383171534166,0,9,13,7.57451236853376,8.384360641939566,2,0.23064045817787582,0.5793465680100657,0.26084280124241277,0.4978548027172979,0.016586993961015595
site011,2013,25,89.54994168132544,15.077383171534166,0,9,13,7.57451236853376,8.384360641939566,2,0.23064045817787582,0.5793465680100657,0.26084280124241277,0.6013264990784323,0.029261178368792044
site011,2014,8,90.28394133783875,1.4436740204691887,0,2,3,5.5372382421046495,9.900244663003832,3,0.6571595190242916,0.32894175846870083,0.6456845931963906,0.4978548027172979,0.016586993961015595
site011,2014,8,90.28394133783875,1.4436740204691887,0,2,3,5.5372382421046495,9.900244663003832,3,0.6571595190242916,0.32894175846870083,0.6456845931963906,0.6013264990784323,0.029261178368792044
site011,2015,6,99.69821234233676,19.63108755974099,0,6,0,3.9398226528428495,9.187910684850069,3,0.560526060976646,0.42493149491949883,0.5637732930404081,0.4978548027172979,0.016586993961015595
site011,2015,6,99.69821234233676,19.63108755974099,0,6,0,3.9398226528428495,9.187910684850069,3,0.560526060976646,0.42493149491949883,0.5637732930404081,0.6013264990784323,0.029261178368792044
site011,2016,33,84.98211949132383,7.810069560306147,0,7,15,11.53683733800426,5.379977278644219,2,0.12396894104852486,0.5056364338808979,0.15384434622212484,0.4978548027172979,0.016586993961015595
site011,2016,33,84.98211949132383,7.810069560306147,0,7,15,11.53683733800426,5.379977278644219,2,0.12396894104852486,0.5056364338808979,0.15384434622212484,0.6013264990784323,0.029261178368792044
site011,2017,47,71.54760434292257,22.663750608684495,0,8,5,4.414257388561964,7.641038798028603,2,0.2862888698896019,0.484632514963367,0.2735519137094349,0.4978548027172979,0.016586993961015595
site011,2017,47,71.54760434292257,22.663750608684495,0,8,5,4.414257388561964,7.641038798028603,2,0.2862888698896019,0.484632514963367,0.2735519137094349,0.6013264990784323,0.029261178368792044
site011,2018,12,67.99647097475827,9.572613860946149,1,7,3,6.67753558466211,5.8099202637095,1,0.6160897072011573,0.39966960511785204,0.6269036355322494,0.4978548027172979,0.016586993961015595
site011,2018,12,67.99647097475827,9.572613860946149,1,7,3,6.67753558466211,5.8099202637095,1,0.6160897072011573,0.39966960511785204,0.6269036355322494,0.6013264990784323,0.029261178368792044
site011,2019,18,92.03671394847332,27.28032755665481,1,1,7,10.847564769908786,7.158474604366347,1,0.7127748649178404,0.5961827729139506,0.7055467475760113,0.4978548027172979,0.016586993961015595
site011,2019,18,92.03671394847332,27.28032755665481,1,1,7,10.847564769908786,7.158474604366347,1,0.7127748649178404,0.5961827729139506,0.7055467475760113,0.6013264990784323,0.029261178368792044
site011,2020,46,89.11050841212273,25.7463965206407,1,9,6,2.601883891969919,5.502119300654158,2,0.21914932061304823,0.6264106280603283,0.2526164404256741,0.4978548027172979,0.016586993961015595
site011,2020,46,89.11050841212273,25.7463965206407,1,9,6,2.601883891969919,5.502119300654158,2,0.21914932061304823,0.6264106280603283,0.2526164404256741,0.6013264990784323,0.029261178368792044
site011,2021,38,68.68191898800433,14.396949531976134,0,8,9,2.8865845347754657,5.527816644171253,2,0.2137779710232634,0.3840414462278649,0.2275583969342059,0.4978548027172979,0.016586993961015595
site011,2021,38,68.68191898800433,14.396949531976134,0,8,9,2.8865845347754657,5.527816644171253,2,0.2137779710232634,0.3840414462278649,0.2275583969342059,0.6013264990784323,0.029261178368792044
site011,2022,3,89.7695402149111,3.0690992001909763,1,9,14,14.78267523040995,9.158312161453068,3,0.5008750867586611,0.6905930041689695,0.5000515037547729,0.4978548027172979,0.016586993961015595
site011,2022,3,89.7695402149111,3.0690992001909763,1,9,14,14.78267523040995,9.158312161453068,3,0.5008750867586611,0.6905930041689695,0.5000515037547729,0.6013264990784323,0.029261178368792044
site012,2008,0,94.6661483310163,17.756308008916676,0,6,12,14.674818826373668,9.770124820061028,3,0.5490548301966558,0.5971856555015547,0.5379603626413836,0.6054422631552252,0.020101319833848903
site012,2008,0,94.6661483310163,17.756308008916676,0,6,12,14.674818826373668,9.770124820061028,3,0.5490548301966558,0.5971856555015547,0.5379603626413836,0.4948232571623524,0.019290328297699045
site012,2009,39,81.17623025551438,17.807800686219707,0,6,9,11.621287017595025,7.014898548368365,2,0.28920238166801976,0.5312120281836347,0.2708849920743877,0.6054422631552252,0.020101319833848903
site012,2009,39,81.17623025551438,17.807800686219707,0,6,9,11.621287017595025,7.014898548368365,2,0.28920238166801976,0.5312120281836347,0.2708849920743877,0.4948232571623524,0.019290328297699045
site012,2010,29,83.9455418754369,29.81372653110884,0,10,1,1.4208326921798289,6.843244236661121,2,0.306079908775856,0.45415474232991276,0.294808738088229,0.6054422631552252,0.020101319833848903
site012,2010,29,83.9455418754369,29.81372653110884,0,10,1,1.4208326921798289,6.843244236661121,2,0.306079908775856,0.45415474232991276,0.294808738088229,0.4948232571623524,0.019290328297699045
site012,2011,29,97.50529329292476,10.722958017373458,0,3,4,14.638936184812335,7.241399328922853,3,0.40176328015700813,0.480298651984732,0.4038462996852777,0.6054422631552252,0.020101319833848903
site012,2011,29,97.50529329292476,10.722958017373458,0,3,4,14.638936184812335,7.241399328922853,3,0.40176328015700813,0.480298651984732,0.4038462996852777,0.4948232571623524,0.019290328297699045
site012,2012,24,98.02896393463016,20.33725145109929,1,1,1,11.643784859683365,7.1687612403184175,3,0.679168014981178,0.557301916591639,0.6009296739757073,0.6054422631552252,0.020101319833848903
site012,2012,24,98.02896393463016,20.33725145109929,1,1,1,11.643784859683365,7.1687612403184175,3,0.679168014981178,0.557301916591639,0.6009296739757073,0.4948232571623524,0.019290328297699045
site012,2013,15,86.42129205167294,28.21812405763194,0,9,3,13.424188547302036,9.813659063074738,3,0.5271341895013564,0.6065091788887196,0.48684132758626136,0.6054422631552252,0.020101319833848903
site012,2013,15,86.42129205167294,28.21812405763194,0,9,3,13.424188547302036,9.813659063074738,3,0.5271341895013564,0.6065091788887196,0.48684132758626136,0.4948232571623524,0.019290328297699045
site012,2014,23,62.89146323688328,17.670848213601857,0,0,15,4.107343475800008,8.706666519865394,1,0.6584113856363081,0.38318938654560114,0.6520764838876936,0.6054422631552252,0.020101319833848903
site012,2014,23,62.89146323688328,17.670848213601857,0,0,15,4.107343475800008,8.706666519865394,1,0.6584113856363081,0.38318938654560114,0.6520764838876936,0.4948232571623524,0.019290328297699045
site012,2015,10,93.05326314643024,21.059631003299728,1,6,7,4.786640350241214,6.406428328482434,3,0.540567975430131,0.541595011556923,0.5560938305650415,0.6054422631552252,0.020101319833848903
site012,2015,10,93.05326314643024,21.059631003299728,1,6,7,4.786640350241214,6.406428328482434,3,0.540567975430131,0.541595011556923,0.5560938305650415,0.4948232571623524,0.019290328297699045
site012,2016,47,79.1817631199956,3.6029990250244737,0,0,0,9.501570347696545,7.454977055313066,3,0.48364067839072566,0.32544025438003366,0.47097248293281024,0.6054422631552252,0.020101319833848903
site012,2016,47,79.1817631199956,3.6029990250244737,0,0,0,9.501570347696545,7.454977055313066,3,0.48364067839072566,0.32544025438003366,0.47097248293281024,0.4948232571623524,0.019290328297699045
site012,2017,19,75.6491513364017,26.127318094251677,0,10,5,5.762780223507434,9.892264164518563,2,0.4824393091711261,0.5359786899384752,0.46674886635303925,0.6054422631552252,0.020101319833848903
site012,2017,19,75.6491513364017,26.127318094251677,0,10,5,5.762780223507434,9.892264164518563,2,0.4824393091711261,0.5359786899384752,0.46674886635303925,0.4948232571623524,0.019290328297699045
site012,2018,39,71.96491102688015,15.533042507246137,0,3,7,11.59757007751614,7.837330721085891,2,0.4731033462563856,0.45875267375405987,0.48034013064711145,0.6054422631552252,0.020101319833848903
site012,2018,39,71.96491102688015,15.533042507246137,0,3,7,11.59757007751614,7.837330721085891,2,0.4731033462563856,0.45875267375405987,0.48034013064711145,0.4948232571623524,0.019290328297699045
site012,2019,2,69.77232998237014,7.474432240007445,1,3,2,2.0477238036692142,5.396762161981314,1,0.7726458542336748,0.26082877687892,0.7858857646709455,0.6054422631552252,0.020101319833848903
site012,2019,2,69.77232998237014,7.474432240007445,1,3,2,2.0477238036692142,5.396762161981314,1,0.7726458542336748,0.26082877687892,0.7858857646709455,0.4948232571623524,0.019290328297699045
site012,2020,28,76.87240527011454,12.960158006986603,1,5,5,13.468804931268096,5.296506693121046,1,0.5160183001826079,0.5219955151867244,0.5198640069885632,0.6054422631552252,0.020101319833848903
site012,2020,28,76.87240527011454,12.960158006986603,1,5,5,13.468804931268096,5.296506693121046,1,0.5160183001826079,0.5219955151867244,0.5198640069885632,0.4948232571623524,0.019290328297699045
site012,2021,35,97.51080707646906,26.70288210758008,1,3,10,11.78691063215956,9.53110329224728,3,0.5616301150271223,0.7711936823763158,0.5435764021106719,0.6054422631552252,0.020101319833848903
site012,2021,35,97.51080707646906,26.70288210758008,1,3,10,11.78691063215956,9.53110329224728,3,0.5616301150271223,0.7711936823763158,0.5435764021106719,0.4948232571623524,0.019290328297699045
site012,2022,43,70.57940466329455,15.372209679568186,1,8,5,13.357778052333742,9.120957161067054,2,0.4997276521516661,0.6825339766976739,0.4741597297842285,0.6054422631552252,0.020101319833848903
site012,2022,43,70.57940466329455,15.372209679568186,1,8,5,13.357778052333742,9.120957161067054,2,0.4997276521516661,0.6825339766976739,0.4741597297842285,0.4948232571623524,0.019290328297699045
site013,2008,21,82.7427501603961,20.50985810509883,1,0,15,14.26886019622907,8.133490992477164,1,0.7129140834677494,0.6546391916865775,0.7010689851967252,0.39115131493174515,0.01639236081428191
site013,2008,21,82.7427501603961,20.50985810509883,1,0,15,14.26886019622907,8.133490992477164,1,0.7129140834677494,0.6546391916865775,0.7010689851967252,0.5696032456822285,0.01941685462956194
site013,2008,21,82.7427501603961,20.50985810509883,1,0,15,14.26886019622907,8.133490992477164,1,0.7129140834677494,0.6546391916865775,0.7010689851967252,0.42590062133752044,0.02022646264557248
site013,2008,21,82.7427501603961,20.50985810509883,1,0,15,14.26886019622907,8.133490992477164,1,0.7129140834677494,0.6546391916865775,0.7010689851967252,0.6284008466842679,0.020287775595863776
site013,2009,48,68.08738270774484,9.192628700751811,1,8,1,5.536070783156902,6.069481514859945,2,0.37069584383325616,0.4803790701714942,0.38867038786608615,0.39115131493174515,0.01639236081428191
site013,2009,48,68.08738270774484,9.192628700751811,1,8,1,5.536070783156902,6.069481514859945,2,0.37069584383325616,0.4803790701714942,0.38867038786608615,0.5696032456822285,0.01941685462956194
site013,2009,48,68.08738270774484,9.192628700751811,1,8,1,5.536070783156902,6.069481514859945,2,0.37069584383325616,0.4803790701714942,0.38867038786608615,0.42590062133752044,0.02022646264557248
site013,2009,48,68.08738270774484,9.192628700751811,1,8,1,5.536070783156902,6.069481514859945,2,0.37069584383325616,0.4803790701714942,0.38867038786608615,0.6284008466842679,0.020287775595863776
site013,2010,41,67.71222507581115,24.694690784905102,0,7,13,3.5012360587716103,6.743929199874401,2,0.2703253462498044,0.4899044803721946,0.2561419455764048,0.39115131493174515,0.01639236081428191
site013,2010,41,67.71222507581115,24.694690784905102,0,7,13,3.5012360587716103,6.743929199874401,2,0.2703253462498044,0.4899044803721946,0.2561419455764048,0.5696032456822285,0.01941685462956194
site013,2010,41,67.71222507581115,24.694690784905102,0,7,13,3.5012360587716103,6.743929199874401,2,0.2703253462498044,0.4899044803721946,0.2561419455764048,0.42590062133752044,0.02022646264557248
site013,2010,41,67.71222507581115,24.694690784905102,0,7,13,3.5012360587716103,6.743929199874401,2,0.2703253462498044,0.4899044803721946,0.2561419455764048,0.6284008466842679,0.020287775595863776
site013,2011,19,88.74446980655193,8.136884182924405,1,10,10,3.097900800872594,5.7068487466312945,2,0.2751598607466421,0.536958852925973,0.41363920795416653,0.39115131493174515,0.01639236081428191
site013,2011,19,88.74446980655193,8.136884182924405,1,10,10,3.097900800872594,5.7068487466312945,2,0.2751598607466421,0.536958852925973,0.41363920795416653,0.5696032456822285,0.01941685462956194
site013,2011,19,88.74446980655193,8.136884182924405,1,10,10,3.097900800872594,5.7068487466312945,2,0.2751598607466421,0.536958852925973,0.41363920795416653,0.42590062133752044,0.02022646264557248
site013,2011,19,88.74446980655193,8.136884182924405,1,10,10,3.097900800872594,5.7068487466312945,2,0.2751598607466421,0.536958852925973,0.41363920795416653,0.6284008466842679,0.020287775595863776
site013,2012,10,72.54071582108736,11.719739623833448,1,9,5,2.605008696205914,7.156949072377756,1,0.5662642829229365,0.4569712236623027,0.6067352158707927,0.39115131493174515,0.01639236081428191
site013,2012,10,72.54071582108736,11.719739623833448,1,9,5,2.605008696205914,7.156949072377756,1,0.5662642829229365,0.4569712236623027,0.6067352158707927,0.5696032456822285,0.01941685462956194
site013,2012,10,72.54071582108736,11.719739623833448,1,9,5,2.605008696205914,7.156949072377756,1,0.5662642829229365,0.4569712236623027,0.6067352158707927,0.42590062133752044,0.02022646264557248
site013,2012,10,72.54071582108736,11.719739623833448,1,9,5,2.605008696205914,7.156949072377756,1,0.5662642829229365,0.4569712236623027,0.6067352158707927,0.6284008466842679,0.020287775595863776
site013,2013,7,65.53560509346426,7.83020745543763,0,0,6,7.597897286061197,8.866935062687844,1,0.8214556535167024,0.2692718889158604,0.8110662889840192,0.39115131493174515,0.01639236081428191
site013,2013,7,65.53560509346426,7.83020745543763,0,0,6,7.597897286061197,8.866935062687844,1,0.8214556535167024,0.2692718889158604,0.8110662889840192,0.5696032456822285,0.01941685462956194
site013,2013,7,65.53560509346426,7.83020745543763,0,0,6,7.597897286061197,8.866935062687844,1,0.8214556535167024,0.2692718889158604,0.8110662889840192,0.42590062133752044,0.02022646264557248
site013,2013,7,65.53560509346426,7.83020745543763,0,0,6,7.597897286061197,8.866935062687844,1,0.8214556535167024,0.2692718889158604,0.8110662889840192,0.6284008466842679,0.020287775595863776
site013,2014,45,62.321227909997106,28.136950852815065,0,0,4,12.358128290623426,9.54855268355459,1,0.7153844852750252,0.485328194438604,0.6696788283329087,0.39115131493174515,0.01639236081428191
site013,2014,45,62.321227909997106,28.136950852815065,0,0,4,12.358128290623426,9.54855268355459,1,0.7153844852750252,0.485328194438604,0.6696788283329087,0.5696032456822285,0.01941685462956194
site013,2014,45,62.321227909997106,28.136950852815065,0,0,4,12.358128290623426,9.54855268355459,1,0.7153844852750252,0.485328194438604,0.6696788283329087,0.42590062133752044,0.02022646264557248
site013,2014,45,62.321227909997106,28.136950852815065,0,0,4,12.358128290623426,9.54855268355459,1,0.7153844852750252,0.485328194438604,0.6696788283329087,0.6284008466842679,0.020287775595863776
site013,2015,20,97.243985645473,13.037228021537883,0,9,0,13.134393990971148,9.133781141135842,3,0.38752529030730104,0.5425350379421764,0.4065807111148589,0.39115131493174515,0.01639236081428191
site013,2015,20,97.243985645473,13.037228021537883,0,9,0,13.134393990971148,9.133781141135842,3,0.38752529030730104,0.5425350379421764,0.4065807111148589,0.5696032456822285,0.01941685462956194
site013,2015,20,97.243985645473,13.037228021537883,0,9,0,13.134393990971148,9.133781141135842,3,0.38752529030730104,0.5425350379421764,0.4065807111148589,0.42590062133752044,0.02022646264557248
site013,2015,20,97.243985645473,13.037228021537883,0,9,0,13.134393990971148,9.133781141135842,3,0.38752529030730104,0.5425350379421764,0.4065807111148589,0.6284008466842679,0.020287775595863776
site013,2016,44,82.73352048359811,4.986032756278291,1,6,5,1.9057878088206053,9.778956595109776,3,0.4448639054182278,0.5666140985631044,0.4304241731623321,0.39115131493174515,0.01639236081428191
site013,2016,44,82.73352048359811,4.986032756278291,1,6,5,1.9057878088206053,9.778956595109776,3,0.4448639054182278,0.5666140985631044,0.4304241731623321,0.5696032456822285,0.01941685462956194
site013,2016,44,82.73352048359811,4.986032756278291,1,6,5,1.9057878088206053,9.778956595109776,3,0.4448639054182278,0.5666140985631044,0.4304241731623321,0.42590062133752044,0.02022646264557248
site013,2016,44,82.73352048359811,4.986032756278291,1,6,5,1.9057878088206053,9.778956595109776,3,0.4448639054182278,0.5666140985631044,0.4304241731623321,0.6284008466842679,0.020287775595863776
site013,2017,1,64.71081442199647,27.51657696766779,0,4,3,11.247390750329942,6.882408930687234,1,0.7816720593145016,0.34501986155976666,0.7547287536835725,0.39115131493174515,0.01639236081428191
site013,2017,1,64.71081442199647,27.51657696766779,0,4,3,11.247390750329942,6.882408930687234,1,0.7816720593145016,0.34501986155976666,0.7547287536835725,0.5696032456822285,0.01941685462956194
site013,2017,1,64.71081442199647,27.51657696766779,0,4,3,11.247390750329942,6.882408930687234,1,0.7816720593145016,0.34501986155976666,0.7547287536835725,0.42590062133752044,0.02022646264557248
site013,2017,1,64.71081442199647,27.51657696766779,0,4,3,11.247390750329942,6.882408930687234,1,0.7816720593145016,0.34501986155976666,0.7547287536835725,0.6284008466842679,0.020287775595863776
site013,2018,42,82.59177925996482,11.081599906319752,1,0,10,14.617417437490076,5.23313952377066,1,0.49105534942533857,0.5546745790804757,0.5136426694879006,0.39115131493174515,0.01639236081428191
site013,2018,42,82.59177925996482,11.081599906319752,1,0,10,14.617417437490076,5.23313952377066,1,0.49105534942533857,0.5546745790804757,0.5136426694879006,0.5696032456822285,0.01941685462956194
site013,2018,42,82.59177925996482,11.081599906319752,1,0,10,14.617417437490076,5.23313952377066,1,0.49105534942533857,0.5546745790804757,0.5136426694879006,0.42590062133752044,0.02022646264557248
site013,2018,42,82.59177925996482,11.081599906319752,1,0,10,14.617417437490076,5.23313952377066,1,0.49105534942533857,0.5546745790804757,0.5136426694879006,0.6284008466842679,0.020287775595863776
site013,2019,12,81.61024731583893,25.734995396109294,0,7,10,5.355640766676515,6.447844103677198,2,0.41599164485714796,0.44967008642000833,0.42106222153257145,0.39115131493174515,0.01639236081428191
site013,2019,12,81.61024731583893,25.734995396109294,0,7,10,5.355640766676515,6.447844103677198,2,0.41599164485714796,0.44967008642000833,0.42106222153257145,0.5696032456822285,0.01941685462956194
site013,2019,12,81.61024731583893,25.734995396109294,0,7,10,5.355640766676515,6.447844103677198,2,0.41599164485714796,0.44967008642000833,0.42106222153257145,0.42590062133752044,0.02022646264557248
site013,2019,12,81.61024731583893,25.734995396109294,0,7,10,5.355640766676515,6.447844103677198,2,0.41599164485714796,0.44967008642000833,0.42106222153257145,0.6284008466842679,0.020287775595863776
site013,2020,45,92.78730073943734,5.136420183815062,0,4,14,11.029390008654444,9.998440747149289,3,0.2562887624988847,0.6137786621589418,0.26926386770155936,0.39115131493174515,0.01639236081428191
site013,2020,45,92.78730073943734,5.136420183815062,0,4,14,11.029390008654444,9.998440747149289,3,0.2562887624988847,0.6137786621589418,0.26926386770155936,0.5696032456822285,0.01941685462956194
site013,2020,45,92.78730073943734,5.136420183815062,0,4,14,11.029390008654444,9.998440747149289,3,0.2562887624988847,0.6137786621589418,0.26926386770155936,0.42590062133752044,0.02022646264557248
site013,2020,45,92.78730073943734,5.136420183815062,0,4,14,11.029390008654444,9.998440747149289,3,0.2562887624988847,0.6137786621589418,0.26926386770155936,0.6284008466842679,0.020287775595863776
site013,2021,5,88.119180155918,11.42355325864628,1,4,13,9.332826169673352,7.243756850948557,3,0.6094867511857668,0.5587941801423981,0.6426879220891215,0.39115131493174515,0.01639236081428191
site013,2021,5,88.119180155918,11.42355325864628,1,4,13,9.332826169673352,7.243756850948557,3,0.6094867511857668,0.5587941801423981,0.6426879220891215,0.5696032456822285,0.01941685462956194
site013,2021,5,88.119180155918,11.42355325864628,1,4,13,9.332826169673352,7.243756850948557,3,0.6094867511857668,0.5587941801423981,0.6426879220891215,0.42590062133752044,0.02022646264557248
site013,2021,5,88.119180155918,11.42355325864628,1,4,13,9.332826169673352,7.243756850948557,3,0.6094867511857668,0.5587941801423981,0.6426879220891215,0.6284008466842679,0.020287775595863776
site013,2022,7,82.70993494428694,8.119646958075464,0,4,13,1.6045512929558754,9.975152376573533,3,0.5572915062133124,0.40647698925772757,0.5637027924625287,0.39115131493174515,0.01639236081428191
site013,2022,7,82.70993494428694,8.119646958075464,0,4,13,1.6045512929558754,9.975152376573533,3,0.5572915062133124,0.40647698925772757,0.5637027924625287,0.5696032456822285,0.01941685462956194
site013,2022,7,82.70993494428694,8.119646958075464,0,4,13,1.6045512929558754,9.975152376573533,3,0.5572915062133124,0.40647698925772757,0.5637027924625287,0.42590062133752044,0.02022646264557248
site013,2022,7,82.70993494428694,8.119646958075464,0,4,13,1.6045512929558754,9.975152376573533,3,0.5572915062133124,0.40647698925772757,0.5637027924625287,0.6284008466842679,0.020287775595863776
site014,2008,43,88.85237065143883,2.331272449111566,0,10,1,7.287916183006018,8.537252834066749,3,0.16488580948286785,0.4807401130818002,0.19282870927797735,NA,NA
site014,2009,31,90.09776853956282,23.75188916316256,1,0,3,9.941447539720684,6.498398690018803,1,0.6704878739864488,0.5368246014924704,0.612599421546858,NA,NA
site014,2010,35,75.25690387003124,6.775980300735682,1,9,3,12.20945135038346,9.54166009556502,3,0.49795538677147555,0.6360080462329459,0.46822729586169126,NA,NA
site014,2011,44,71.52041125111282,12.36365708336234,0,6,15,8.586379418615252,7.371665324317291,2,0.23283132320334068,0.5215655928596775,0.24726702965036654,NA,NA
site014,2012,13,81.26733308658004,10.383305094903337,1,10,0,13.345475270412862,9.076564820716158,3,0.6100868480256306,0.601503186002713,0.5973722777679348,NA,NA
site014,2013,15,70.38584285415709,18.46107124700211,0,6,15,1.094999455846846,6.267450141021982,2,0.39393446801973864,0.3768823747952816,0.4471096547375018,NA,NA
site014,2014,22,93.27161271125078,16.696878707502037,0,3,9,7.255547336768359,9.790484255645424,3,0.5110643961168508,0.5145245998057075,0.527170035444984,NA,NA
site014,2015,32,76.21455539017916,29.733888247981668,0,5,11,7.766283071134239,7.314756753621623,2,0.4154943533320996,0.5268171915689722,0.4201899332024983,NA,NA
site014,2016,39,62.90527702309191,8.3599404245615,0,1,5,12.105780789162964,5.650503449141979,1,0.5038929826890232,0.3074729040833218,0.5213848714350209,NA,NA
site014,2017,39,98.15034498460592,22.322826902614903,0,0,8,4.899200086016208,8.851536806905642,3,0.45567286397866014,0.5061072597584351,0.44448052279403094,NA,NA
site014,2018,9,68.68735131807625,29.35063667036593,1,1,13,9.267704225610942,5.710308742709458,1,0.7906158383521273,0.5090782268120667,0.7681321095835609,NA,NA
site014,2019,24,76.22501066885889,17.18334101093933,1,0,0,3.6244331570342183,7.705812430940568,1,0.8244613436730519,0.39590278362959,0.7705562082378701,NA,NA
site014,2020,7,85.02673261798918,12.388536626007408,1,8,1,12.30194448074326,8.287506843917072,3,0.6580839260076025,0.5611358003234888,0.6444943228823586,NA,NA
site014,2021,17,85.13619215227664,24.915988519322127,0,2,6,9.320723757147787,7.880658187204972,1,0.6172763944286022,0.4453737590795929,0.6312586081995885,NA,NA
site014,2022,8,73.12954656779766,4.259149365127087,1,3,10,4.812761726323515,7.524955793051049,1,0.7045097702146482,0.41725718862031125,0.7244340392511464,NA,NA
site015,2008,6,65.55637967772782,16.5375592187047,1,5,5,12.236187942326069,9.65202063904144,1,0.8850928971538128,0.5450715833270753,0.799355245072981,0.760989074614611,0.022565217499367022
site015,2008,6,65.55637967772782,16.5375592187047,1,5,5,12.236187942326069,9.65202063904144,1,0.8850928971538128,0.5450715833270753,0.799355245072981,0.4781779241440302,0.022059613222345058
site015,2008,6,65.55637967772782,16.5375592187047,1,5,5,12.236187942326069,9.65202063904144,1,0.8850928971538128,0.5450715833270753,0.799355245072981,0.25471597563864856,0.014796593059193964
site015,2008,6,65.55637967772782,16.5375592187047,1,5,5,12.236187942326069,9.65202063904144,1,0.8850928971538128,0.5450715833270753,0.799355245072981,0.30918232374572835,0.024771570819577853
site015,2008,6,65.55637967772782,16.5375592187047,1,5,5,12.236187942326069,9.65202063904144,1,0.8850928971538128,0.5450715833270753,0.799355245072981,0.33253709056238,0.015081934831099387
site015,2008,6,65.55637967772782,16.5375592187047,1,5,5,12.236187942326069,9.65202063904144,1,0.8850928971538128,0.5450715833270753,0.799355245072981,0.5683528773367619,0.02601845886664507
site015,2008,6,65.55637967772782,16.5375592187047,1,5,5,12.236187942326069,9.65202063904144,1,0.8850928971538128,0.5450715833270753,0.799355245072981,0.41782637967150743,0.02300648144242453
site015,2008,6,65.55637967772782,16.5375592187047,1,5,5,12.236187942326069,9.65202063904144,1,0.8850928971538128,0.5450715833270753,0.799355245072981,0.4028035732745551,0.016624595533518773
site015,2009,6,96.586286816746,13.871115961577743,0,5,6,9.468693159054965,6.133036252576858,3,0.4353563666259891,0.40095970484399135,0.5102984491892112,0.760989074614611,0.022565217499367022
site015,2009,6,96.586286816746,13.871115961577743,0,5,6,9.468693159054965,6.133036252576858,3,0.4353563666259891,0.40095970484399135,0.5102984491892112,0.4781779241440302,0.022059613222345058
site015,2009,6,96.586286816746,13.871115961577743,0,5,6,9.468693159054965,6.133036252576858,3,0.4353563666259891,0.40095970484399135,0.5102984491892112,0.25471597563864856,0.014796593059193964
site015,2009,6,96.586286816746,13.871115961577743,0,5,6,9.468693159054965,6.133036252576858,3,0.4353563666259891,0.40095970484399135,0.5102984491892112,0.30918232374572835,0.024771570819577853
site015,2009,6,96.586286816746,13.871115961577743,0,5,6,9.468693159054965,6.133036252576858,3,0.4353563666259891,0.40095970484399135,0.5102984491892112,0.33253709056238,0.015081934831099387
site015,2009,6,96.586286816746,13.871115961577743,0,5,6,9.468693159054965,6.133036252576858,3,0.4353563666259891,0.40095970484399135,0.5102984491892112,0.5683528773367619,0.02601845886664507
site015,2009,6,96.586286816746,13.871115961577743,0,5,6,9.468693159054965,6.133036252576858,3,0.4353563666259891,0.40095970484399135,0.5102984491892112,0.41782637967150743,0.02300648144242453
site015,2009,6,96.586286816746,13.871115961577743,0,5,6,9.468693159054965,6.133036252576858,3,0.4353563666259891,0.40095970484399135,0.5102984491892112,0.4028035732745551,0.016624595533518773
site015,2010,9,83.96463869139552,8.944759167963639,0,8,12,14.41083749057725,5.068833987461403,2,0.2887868957788733,0.45291531073368563,0.28653590667125345,0.760989074614611,0.022565217499367022
site015,2010,9,83.96463869139552,8.944759167963639,0,8,12,14.41083749057725,5.068833987461403,2,0.2887868957788733,0.45291531073368563,0.28653590667125345,0.4781779241440302,0.022059613222345058
site015,2010,9,83.96463869139552,8.944759167963639,0,8,12,14.41083749057725,5.068833987461403,2,0.2887868957788733,0.45291531073368563,0.28653590667125345,0.25471597563864856,0.014796593059193964
site015,2010,9,83.96463869139552,8.944759167963639,0,8,12,14.41083749057725,5.068833987461403,2,0.2887868957788733,0.45291531073368563,0.28653590667125345,0.30918232374572835,0.024771570819577853
site015,2010,9,83.96463869139552,8.944759167963639,0,8,12,14.41083749057725,5.068833987461403,2,0.2887868957788733,0.45291531073368563,0.28653590667125345,0.33253709056238,0.015081934831099387
site015,2010,9,83.96463869139552,8.944759167963639,0,8,12,14.41083749057725,5.068833987461403,2,0.2887868957788733,0.45291531073368563,0.28653590667125345,0.5683528773367619,0.02601845886664507
site015,2010,9,83.96463869139552,8.944759167963639,0,8,12,14.41083749057725,5.068833987461403,2,0.2887868957788733,0.45291531073368563,0.28653590667125345,0.41782637967150743,0.02300648144242453
site015,2010,9,83.96463869139552,8.944759167963639,0,8,12,14.41083749057725,5.068833987461403,2,0.2887868957788733,0.45291531073368563,0.28653590667125345,0.4028035732745551,0.016624595533518773
site015,2011,23,89.9842838384211,5.563368537928909,0,8,13,3.5005298438481987,6.3898386678192765,2,0.15816661811130772,0.4354274208066446,0.24214203443658527,0.760989074614611,0.022565217499367022
site015,2011,23,89.9842838384211,5.563368537928909,0,8,13,3.5005298438481987,6.3898386678192765,2,0.15816661811130772,0.4354274208066446,0.24214203443658527,0.4781779241440302,0.022059613222345058
site015,2011,23,89.9842838384211,5.563368537928909,0,8,13,3.5005298438481987,6.3898386678192765,2,0.15816661811130772,0.4354274208066446,0.24214203443658527,0.25471597563864856,0.014796593059193964
site015,2011,23,89.9842838384211,5.563368537928909,0,8,13,3.5005298438481987,6.3898386678192765,2,0.15816661811130772,0.4354274208066446,0.24214203443658527,0.30918232374572835,0.024771570819577853
site015,2011,23,89.9842838384211,5.563368537928909,0,8,13,3.5005298438481987,6.3898386678192765,2,0.15816661811130772,0.4354274208066446,0.24214203443658527,0.33253709056238,0.015081934831099387
site015,2011,23,89.9842838384211,5.563368537928909,0,8,13,3.5005298438481987,6.3898386678192765,2,0.15816661811130772,0.4354274208066446,0.24214203443658527,0.5683528773367619,0.02601845886664507
site015,2011,23,89.9842838384211,5.563368537928909,0,8,13,3.5005298438481987,6.3898386678192765,2,0.15816661811130772,0.4354274208066446,0.24214203443658527,0.41782637967150743,0.02300648144242453
site015,2011,23,89.9842838384211,5.563368537928909,0,8,13,3.5005298438481987,6.3898386678192765,2,0.15816661811130772,0.4354274208066446,0.24214203443658527,0.4028035732745551,0.016624595533518773
site015,2012,22,96.75818980671464,26.283304137643427,0,10,10,1.0593300135806205,6.557782799936831,2,0.16874972800601504,0.5260761985419565,0.2828710664020977,0.760989074614611,0.022565217499367022
site015,2012,22,96.75818980671464,26.283304137643427,0,10,10,1.0593300135806205,6.557782799936831,2,0.16874972800601504,0.5260761985419565,0.2828710664020977,0.4781779241440302,0.022059613222345058
site015,2012,22,96.75818980671464,26.283304137643427,0,10,10,1.0593300135806205,6.557782799936831,2,0.16874972800601504,0.5260761985419565,0.2828710664020977,0.25471597563864856,0.014796593059193964
site015,2012,22,96.75818980671464,26.283304137643427,0,10,10,1.0593300135806205,6.557782799936831,2,0.16874972800601504,0.5260761985419565,0.2828710664020977,0.30918232374572835,0.024771570819577853
site015,2012,22,96.75818980671464,26.283304137643427,0,10,10,1.0593300135806205,6.557782799936831,2,0.16874972800601504,0.5260761985419565,0.2828710664020977,0.33253709056238,0.015081934831099387
site015,2012,22,96.75818980671464,26.283304137643427,0,10,10,1.0593300135806205,6.557782799936831,2,0.16874972800601504,0.5260761985419565,0.2828710664020977,0.5683528773367619,0.02601845886664507
site015,2012,22,96.75818980671464,26.283304137643427,0,10,10,1.0593300135806205,6.557782799936831,2,0.16874972800601504,0.5260761985419565,0.2828710664020977,0.41782637967150743,0.02300648144242453
site015,2012,22,96.75818980671464,26.283304137643427,0,10,10,1.0593300135806205,6.557782799936831,2,0.16874972800601504,0.5260761985419565,0.2828710664020977,0.4028035732745551,0.016624595533518773
site015,2013,25,81.15061583928764,17.299300834769383,0,2,1,6.204654619563371,9.50221367413178,3,0.6578657600193444,0.39085472040361097,0.6594833823908648,0.760989074614611,0.022565217499367022
site015,2013,25,81.15061583928764,17.299300834769383,0,2,1,6.204654619563371,9.50221367413178,3,0.6578657600193444,0.39085472040361097,0.6594833823908648,0.4781779241440302,0.022059613222345058
site015,2013,25,81.15061583928764,17.299300834769383,0,2,1,6.204654619563371,9.50221367413178,3,0.6578657600193444,0.39085472040361097,0.6594833823908648,0.25471597563864856,0.014796593059193964
site015,2013,25,81.15061583928764,17.299300834769383,0,2,1,6.204654619563371,9.50221367413178,3,0.6578657600193444,0.39085472040361097,0.6594833823908648,0.30918232374572835,0.024771570819577853
site015,2013,25,81.15061583928764,17.299300834769383,0,2,1,6.204654619563371,9.50221367413178,3,0.6578657600193444,0.39085472040361097,0.6594833823908648,0.33253709056238,0.015081934831099387
site015,2013,25,81.15061583928764,17.299300834769383,0,2,1,6.204654619563371,9.50221367413178,3,0.6578657600193444,0.39085472040361097,0.6594833823908648,0.5683528773367619,0.02601845886664507
site015,2013,25,81.15061583928764,17.299300834769383,0,2,1,6.204654619563371,9.50221367413178,3,0.6578657600193444,0.39085472040361097,0.6594833823908648,0.41782637967150743,0.02300648144242453
site015,2013,25,81.15061583928764,17.299300834769383,0,2,1,6.204654619563371,9.50221367413178,3,0.6578657600193444,0.39085472040361097,0.6594833823908648,0.4028035732745551,0.016624595533518773
site015,2014,42,74.87914984114468,16.970002989750355,1,8,12,11.800218432676049,7.78707257239148,2,0.36705301328632856,0.7113250520572871,0.3643227999934556,0.760989074614611,0.022565217499367022
site015,2014,42,74.87914984114468,16.970002989750355,1,8,12,11.800218432676049,7.78707257239148,2,0.36705301328632856,0.7113250520572871,0.3643227999934556,0.4781779241440302,0.022059613222345058
site015,2014,42,74.87914984114468,16.970002989750355,1,8,12,11.800218432676049,7.78707257239148,2,0.36705301328632856,0.7113250520572871,0.3643227999934556,0.25471597563864856,0.014796593059193964
site015,2014,42,74.87914984114468,16.970002989750355,1,8,12,11.800218432676049,7.78707257239148,2,0.36705301328632856,0.7113250520572871,0.3643227999934556,0.30918232374572835,0.024771570819577853
site015,2014,42,74.87914984114468,16.970002989750355,1,8,12,11.800218432676049,7.78707257239148,2,0.36705301328632856,0.7113250520572871,0.3643227999934556,0.33253709056238,0.015081934831099387
site015,2014,42,74.87914984114468,16.970002989750355,1,8,12,11.800218432676049,7.78707257239148,2,0.36705301328632856,0.7113250520572871,0.3643227999934556,0.5683528773367619,0.02601845886664507
site015,2014,42,74.87914984114468,16.970002989750355,1,8,12,11.800218432676049,7.78707257239148,2,0.36705301328632856,0.7113250520572871,0.3643227999934556,0.41782637967150743,0.02300648144242453
site015,2014,42,74.87914984114468,16.970002989750355,1,8,12,11.800218432676049,7.78707257239148,2,0.36705301328632856,0.7113250520572871,0.3643227999934556,0.4028035732745551,0.016624595533518773
site015,2015,32,62.632332844659686,18.178593282820657,1,9,4,9.02379009500146,5.6748052046168596,2,0.4722884384148767,0.5211811597188961,0.4415881059041823,0.760989074614611,0.022565217499367022
site015,2015,32,62.632332844659686,18.178593282820657,1,9,4,9.02379009500146,5.6748052046168596,2,0.4722884384148767,0.5211811597188961,0.4415881059041823,0.4781779241440302,0.022059613222345058
site015,2015,32,62.632332844659686,18.178593282820657,1,9,4,9.02379009500146,5.6748052046168596,2,0.4722884384148767,0.5211811597188961,0.4415881059041823,0.25471597563864856,0.014796593059193964
site015,2015,32,62.632332844659686,18.178593282820657,1,9,4,9.02379009500146,5.6748052046168596,2,0.4722884384148767,0.5211811597188961,0.4415881059041823,0.30918232374572835,0.024771570819577853
site015,2015,32,62.632332844659686,18.178593282820657,1,9,4,9.02379009500146,5.6748052046168596,2,0.4722884384148767,0.5211811597188961,0.4415881059041823,0.33253709056238,0.015081934831099387
site015,2015,32,62.632332844659686,18.178593282820657,1,9,4,9.02379009500146,5.6748052046168596,2,0.4722884384148767,0.5211811597188961,0.4415881059041823,0.5683528773367619,0.02601845886664507
site015,2015,32,62.632332844659686,18.178593282820657,1,9,4,9.02379009500146,5.6748052046168596,2,0.4722884384148767,0.5211811597188961,0.4415881059041823,0.41782637967150743,0.02300648144242453
site015,2015,32,62.632332844659686,18.178593282820657,1,9,4,9.02379009500146,5.6748052046168596,2,0.4722884384148767,0.5211811597188961,0.4415881059041823,0.4028035732745551,0.016624595533518773
site015,2016,28,94.1747969482094,22.10657301894389,0,7,5,3.3864326453767717,6.083920048549771,2,0.2614885243165577,0.4448010280359746,0.2884984795334763,0.760989074614611,0.022565217499367022
site015,2016,28,94.1747969482094,22.10657301894389,0,7,5,3.3864326453767717,6.083920048549771,2,0.2614885243165577,0.4448010280359746,0.2884984795334763,0.4781779241440302,0.022059613222345058
site015,2016,28,94.1747969482094,22.10657301894389,0,7,5,3.3864326453767717,6.083920048549771,2,0.2614885243165577,0.4448010280359746,0.2884984795334763,0.25471597563864856,0.014796593059193964
site015,2016,28,94.1747969482094,22.10657301894389,0,7,5,3.3864326453767717,6.083920048549771,2,0.2614885243165577,0.4448010280359746,0.2884984795334763,0.30918232374572835,0.024771570819577853
site015,2016,28,94.1747969482094,22.10657301894389,0,7,5,3.3864326453767717,6.083920048549771,2,0.2614885243165577,0.4448010280359746,0.2884984795334763,0.33253709056238,0.015081934831099387
site015,2016,28,94.1747969482094,22.10657301894389,0,7,5,3.3864326453767717,6.083920048549771,2,0.2614885243165577,0.4448010280359746,0.2884984795334763,0.5683528773367619,0.02601845886664507
site015,2016,28,94.1747969482094,22.10657301894389,0,7,5,3.3864326453767717,6.083920048549771,2,0.2614885243165577,0.4448010280359746,0.2884984795334763,0.41782637967150743,0.02300648144242453
site015,2016,28,94.1747969482094,22.10657301894389,0,7,5,3.3864326453767717,6.083920048549771,2,0.2614885243165577,0.4448010280359746,0.2884984795334763,0.4028035732745551,0.016624595533518773
site015,2017,50,80.41645205579698,19.528833253774792,1,5,9,2.2515360387042165,5.422890350455418,2,0.307853794621782,0.5521476517299309,0.3865651551953703,0.760989074614611,0.022565217499367022
site015,2017,50,80.41645205579698,19.528833253774792,1,5,9,2.2515360387042165,5.422890350455418,2,0.307853794621782,0.5521476517299309,0.3865651551953703,0.4781779241440302,0.022059613222345058
site015,2017,50,80.41645205579698,19.528833253774792,1,5,9,2.2515360387042165,5.422890350455418,2,0.307853794621782,0.5521476517299309,0.3865651551953703,0.25471597563864856,0.014796593059193964
site015,2017,50,80.41645205579698,19.528833253774792,1,5,9,2.2515360387042165,5.422890350455418,2,0.307853794621782,0.5521476517299309,0.3865651551953703,0.30918232374572835,0.024771570819577853
site015,2017,50,80.41645205579698,19.528833253774792,1,5,9,2.2515360387042165,5.422890350455418,2,0.307853794621782,0.5521476517299309,0.3865651551953703,0.33253709056238,0.015081934831099387
site015,2017,50,80.41645205579698,19.528833253774792,1,5,9,2.2515360387042165,5.422890350455418,2,0.307853794621782,0.5521476517299309,0.3865651551953703,0.5683528773367619,0.02601845886664507
site015,2017,50,80.41645205579698,19.528833253774792,1,5,9,2.2515360387042165,5.422890350455418,2,0.307853794621782,0.5521476517299309,0.3865651551953703,0.41782637967150743,0.02300648144242453
site015,2017,50,80.41645205579698,19.528833253774792,1,5,9,2.2515360387042165,5.422890350455418,2,0.307853794621782,0.5521476517299309,0.3865651551953703,0.4028035732745551,0.016624595533518773
site015,2018,9,68.39992234483361,18.81905478029512,0,6,13,13.267177084460856,9.278236916288732,1,0.6042447467044559,0.52542403579443,0.5913722463284141,0.760989074614611,0.022565217499367022
site015,2018,9,68.39992234483361,18.81905478029512,0,6,13,13.267177084460856,9.278236916288732,1,0.6042447467044559,0.52542403579443,0.5913722463284141,0.4781779241440302,0.022059613222345058
site015,2018,9,68.39992234483361,18.81905478029512,0,6,13,13.267177084460856,9.278236916288732,1,0.6042447467044559,0.52542403579443,0.5913722463284141,0.25471597563864856,0.014796593059193964
site015,2018,9,68.39992234483361,18.81905478029512,0,6,13,13.267177084460856,9.278236916288732,1,0.6042447467044559,0.52542403579443,0.5913722463284141,0.30918232374572835,0.024771570819577853
site015,2018,9,68.39992234483361,18.81905478029512,0,6,13,13.267177084460856,9.278236916288732,1,0.6042447467044559,0.52542403579443,0.5913722463284141,0.33253709056238,0.015081934831099387
site015,2018,9,68.39992234483361,18.81905478029512,0,6,13,13.267177084460856,9.278236916288732,1,0.6042447467044559,0.52542403579443,0.5913722463284141,0.5683528773367619,0.02601845886664507
site015,2018,9,68.39992234483361,18.81905478029512,0,6,13,13.267177084460856,9.278236916288732,1,0.6042447467044559,0.52542403579443,0.5913722463284141,0.41782637967150743,0.02300648144242453
site015,2018,9,68.39992234483361,18.81905478029512,0,6,13,13.267177084460856,9.278236916288732,1,0.6042447467044559,0.52542403579443,0.5913722463284141,0.4028035732745551,0.016624595533518773
site015,2019,12,75.0337374676019,2.520088666817174,0,3,11,3.0383652220480144,5.2934272307902575,1,0.4370445579590409,0.23717155436298623,0.5018600525675035,0.760989074614611,0.022565217499367022
site015,2019,12,75.0337374676019,2.520088666817174,0,3,11,3.0383652220480144,5.2934272307902575,1,0.4370445579590409,0.23717155436298623,0.5018600525675035,0.4781779241440302,0.022059613222345058
site015,2019,12,75.0337374676019,2.520088666817174,0,3,11,3.0383652220480144,5.2934272307902575,1,0.4370445579590409,0.23717155436298623,0.5018600525675035,0.25471597563864856,0.014796593059193964
site015,2019,12,75.0337374676019,2.520088666817174,0,3,11,3.0383652220480144,5.2934272307902575,1,0.4370445579590409,0.23717155436298623,0.5018600525675035,0.30918232374572835,0.024771570819577853
site015,2019,12,75.0337374676019,2.520088666817174,0,3,11,3.0383652220480144,5.2934272307902575,1,0.4370445579590409,0.23717155436298623,0.5018600525675035,0.33253709056238,0.015081934831099387
site015,2019,12,75.0337374676019,2.520088666817174,0,3,11,3.0383652220480144,5.2934272307902575,1,0.4370445579590409,0.23717155436298623,0.5018600525675035,0.5683528773367619,0.02601845886664507
site015,2019,12,75.0337374676019,2.520088666817174,0,3,11,3.0383652220480144,5.2934272307902575,1,0.4370445579590409,0.23717155436298623,0.5018600525675035,0.41782637967150743,0.02300648144242453
site015,2019,12,75.0337374676019,2.520088666817174,0,3,11,3.0383652220480144,5.2934272307902575,1,0.4370445579590409,0.23717155436298623,0.5018600525675035,0.4028035732745551,0.016624595533518773
site015,2020,42,68.29461999237537,17.38957483554259,1,7,7,9.893873296678066,6.639885971089825,2,0.4404124252319416,0.5924866843228288,0.40910292707533485,0.760989074614611,0.022565217499367022
site015,2020,42,68.29461999237537,17.38957483554259,1,7,7,9.893873296678066,6.639885971089825,2,0.4404124252319416,0.5924866843228288,0.40910292707533485,0.4781779241440302,0.022059613222345058
site015,2020,42,68.29461999237537,17.38957483554259,1,7,7,9.893873296678066,6.639885971089825,2,0.4404124252319416,0.5924866843228288,0.40910292707533485,0.25471597563864856,0.014796593059193964
site015,2020,42,68.29461999237537,17.38957483554259,1,7,7,9.893873296678066,6.639885971089825,2,0.4404124252319416,0.5924866843228288,0.40910292707533485,0.30918232374572835,0.024771570819577853
site015,2020,42,68.29461999237537,17.38957483554259,1,7,7,9.893873296678066,6.639885971089825,2,0.4404124252319416,0.5924866843228288,0.40910292707533485,0.33253709056238,0.015081934831099387
site015,2020,42,68.29461999237537,17.38957483554259,1,7,7,9.893873296678066,6.639885971089825,2,0.4404124252319416,0.5924866843228288,0.40910292707533485,0.5683528773367619,0.02601845886664507
site015,2020,42,68.29461999237537,17.38957483554259,1,7,7,9.893873296678066,6.639885971089825,2,0.4404124252319416,0.5924866843228288,0.40910292707533485,0.41782637967150743,0.02300648144242453
site015,2020,42,68.29461999237537,17.38957483554259,1,7,7,9.893873296678066,6.639885971089825,2,0.4404124252319416,0.5924866843228288,0.40910292707533485,0.4028035732745551,0.016624595533518773
site015,2021,10,78.3696326892823,18.03290002886206,0,9,15,7.247327774763107,7.50098358374089,2,0.34906504039759684,0.511242683468681,0.40367293156153183,0.760989074614611,0.022565217499367022
site015,2021,10,78.3696326892823,18.03290002886206,0,9,15,7.247327774763107,7.50098358374089,2,0.34906504039759684,0.511242683468681,0.40367293156153183,0.4781779241440302,0.022059613222345058
site015,2021,10,78.3696326892823,18.03290002886206,0,9,15,7.247327774763107,7.50098358374089,2,0.34906504039759684,0.511242683468681,0.40367293156153183,0.25471597563864856,0.014796593059193964
site015,2021,10,78.3696326892823,18.03290002886206,0,9,15,7.247327774763107,7.50098358374089,2,0.34906504039759684,0.511242683468681,0.40367293156153183,0.30918232374572835,0.024771570819577853
site015,2021,10,78.3696326892823,18.03290002886206,0,9,15,7.247327774763107,7.50098358374089,2,0.34906504039759684,0.511242683468681,0.40367293156153183,0.33253709056238,0.015081934831099387
site015,2021,10,78.3696326892823,18.03290002886206,0,9,15,7.247327774763107,7.50098358374089,2,0.34906504039759684,0.511242683468681,0.40367293156153183,0.5683528773367619,0.02601845886664507
site015,2021,10,78.3696326892823,18.03290002886206,0,9,15,7.247327774763107,7.50098358374089,2,0.34906504039759684,0.511242683468681,0.40367293156153183,0.41782637967150743,0.02300648144242453
site015,2021,10,78.3696326892823,18.03290002886206,0,9,15,7.247327774763107,7.50098358374089,2,0.34906504039759684,0.511242683468681,0.40367293156153183,0.4028035732745551,0.016624595533518773
site015,2022,24,69.66009000316262,19.228445178596303,0,4,6,13.960710600484164,6.669480314012617,1,0.542638789573922,0.42620096999742885,0.5326071045700891,0.760989074614611,0.022565217499367022
site015,2022,24,69.66009000316262,19.228445178596303,0,4,6,13.960710600484164,6.669480314012617,1,0.542638789573922,0.42620096999742885,0.5326071045700891,0.4781779241440302,0.022059613222345058
site015,2022,24,69.66009000316262,19.228445178596303,0,4,6,13.960710600484164,6.669480314012617,1,0.542638789573922,0.42620096999742885,0.5326071045700891,0.25471597563864856,0.014796593059193964
site015,2022,24,69.66009000316262,19.228445178596303,0,4,6,13.960710600484164,6.669480314012617,1,0.542638789573922,0.42620096999742885,0.5326071045700891,0.30918232374572835,0.024771570819577853
site015,2022,24,69.66009000316262,19.228445178596303,0,4,6,13.960710600484164,6.669480314012617,1,0.542638789573922,0.42620096999742885,0.5326071045700891,0.33253709056238,0.015081934831099387
site015,2022,24,69.66009000316262,19.228445178596303,0,4,6,13.960710600484164,6.669480314012617,1,0.542638789573922,0.42620096999742885,0.5326071045700891,0.5683528773367619,0.02601845886664507
site015,2022,24,69.66009000316262,19.228445178596303,0,4,6,13.960710600484164,6.669480314012617,1,0.542638789573922,0.42620096999742885,0.5326071045700891,0.41782637967150743,0.02300648144242453
site015,2022,24,69.66009000316262,19.228445178596303,0,4,6,13.960710600484164,6.669480314012617,1,0.542638789573922,0.42620096999742885,0.5326071045700891,0.4028035732745551,0.016624595533518773
site016,2008,25,64.74761289544404,19.03482870524749,0,1,5,9.566597032360733,9.38528181402944,1,0.7484071106250634,0.3951619863630693,0.7111449519556611,0.6928556204245571,0.030194423372940322
site016,2008,25,64.74761289544404,19.03482870524749,0,1,5,9.566597032360733,9.38528181402944,1,0.7484071106250634,0.3951619863630693,0.7111449519556611,0.4795993077678394,0.023798836739444783
site016,2009,6,62.89876598864794,3.3858312191441655,1,5,3,1.966964839026332,9.41391241038218,1,0.837280611451705,0.36484223263535154,0.8128578392811218,0.6928556204245571,0.030194423372940322
site016,2009,6,62.89876598864794,3.3858312191441655,1,5,3,1.966964839026332,9.41391241038218,1,0.837280611451705,0.36484223263535154,0.8128578392811218,0.4795993077678394,0.023798836739444783
site016,2010,24,87.63959399424493,3.251635752618313,1,8,0,8.235316073521972,9.505565305007622,3,0.5407709327094073,0.5578684113196841,0.5213540912244679,0.6928556204245571,0.030194423372940322
site016,2010,24,87.63959399424493,3.251635752618313,1,8,0,8.235316073521972,9.505565305007622,3,0.5407709327094073,0.5578684113196841,0.5213540912244679,0.4795993077678394,0.023798836739444783
site016,2011,22,71.47830476984382,20.925746004562825,1,5,1,10.65397715009749,8.989711770555004,1,0.7753283195784203,0.5584523190621643,0.7074082291160869,0.6928556204245571,0.030194423372940322
site016,2011,22,71.47830476984382,20.925746004562825,1,5,1,10.65397715009749,8.989711770555004,1,0.7753283195784203,0.5584523190621643,0.7074082291160869,0.4795993077678394,0.023798836739444783
site016,2012,25,65.97649982199073,25.0788041788619,1,2,0,7.788675017654896,9.507411357481033,1,0.9134721950151239,0.5080755693797437,0.8374835039920121,0.6928556204245571,0.030194423372940322
site016,2012,25,65.97649982199073,25.0788041788619,1,2,0,7.788675017654896,9.507411357481033,1,0.9134721950151239,0.5080755693797437,0.8374835039920121,0.4795993077678394,0.023798836739444783
site016,2013,31,98.8972803670913,5.231386379804462,1,7,4,9.624894900713116,7.201305105118081,3,0.35398952244494064,0.5947893854347713,0.3652969725096844,0.6928556204245571,0.030194423372940322
site016,2013,31,98.8972803670913,5.231386379804462,1,7,4,9.624894900713116,7.201305105118081,3,0.35398952244494064,0.5947893854347713,0.3652969725096844,0.4795993077678394,0.023798836739444783
site016,2014,19,76.42057561315596,23.722372096963227,1,2,10,7.707760920748115,6.98696076287888,1,0.7023621354220242,0.5393693284678076,0.699851423692101,0.6928556204245571,0.030194423372940322
site016,2014,19,76.42057561315596,23.722372096963227,1,2,10,7.707760920748115,6.98696076287888,1,0.7023621354220242,0.5393693284678076,0.699851423692101,0.4795993077678394,0.023798836739444783
site016,2015,23,76.07255416922271,15.107052294770256,0,1,7,12.937085485085843,6.8577382690273225,1,0.5868146590162198,0.39227552629520823,0.5906829678333421,0.6928556204245571,0.030194423372940322
site016,2015,23,76.07255416922271,15.107052294770256,0,1,7,12.937085485085843,6.8577382690273225,1,0.5868146590162198,0.39227552629520823,0.5906829678333421,0.4795993077678394,0.023798836739444783
site016,2016,8,85.94225394539535,29.688688058173284,1,5,8,4.747218478471041,7.644042866304517,1,0.6869539890434327,0.5781683106790099,0.6846907450257066,0.6928556204245571,0.030194423372940322
site016,2016,8,85.94225394539535,29.688688058173284,1,5,8,4.747218478471041,7.644042866304517,1,0.6869539890434327,0.5781683106790099,0.6846907450257066,0.4795993077678394,0.023798836739444783
site016,2017,40,96.65222958661616,15.474043681519106,1,7,15,6.720287187024951,5.368927059462294,2,0.15942135549887151,0.6742499096113365,0.20677652656022003,0.6928556204245571,0.030194423372940322
site016,2017,40,96.65222958661616,15.474043681519106,1,7,15,6.720287187024951,5.368927059462294,2,0.15942135549887151,0.6742499096113365,0.20677652656022003,0.4795993077678394,0.023798836739444783
site016,2018,36,68.66648555733263,17.30555551731959,0,6,12,12.194636238738894,8.58424884150736,2,0.40129460108419307,0.5518455670589998,0.3793106623683468,0.6928556204245571,0.030194423372940322
site016,2018,36,68.66648555733263,17.30555551731959,0,6,12,12.194636238738894,8.58424884150736,2,0.40129460108419307,0.5518455670589998,0.3793106623683468,0.4795993077678394,0.023798836739444783
site016,2019,22,81.91995487548411,11.969453597674146,0,3,0,13.231683427467942,6.214061762439087,1,0.537628215633131,0.34768986172360417,0.5455541745759216,0.6928556204245571,0.030194423372940322
site016,2019,22,81.91995487548411,11.969453597674146,0,3,0,13.231683427467942,6.214061762439087,1,0.537628215633131,0.34768986172360417,0.5455541745759216,0.4795993077678394,0.023798836739444783
site016,2020,13,88.80201831459999,16.040478722425178,0,0,13,8.544535723980516,9.222499345196413,3,0.6288883262610027,0.4683911237871211,0.6090242914894297,0.6928556204245571,0.030194423372940322
site016,2020,13,88.80201831459999,16.040478722425178,0,0,13,8.544535723980516,9.222499345196413,3,0.6288883262610027,0.4683911237871211,0.6090242914894297,0.4795993077678394,0.023798836739444783
site016,2021,45,75.88984020985663,3.154229972977191,1,9,10,5.594436230137944,9.976591339800509,2,0.342108118229971,0.6570513172126228,0.3640186396064897,0.6928556204245571,0.030194423372940322
site016,2021,45,75.88984020985663,3.154229972977191,1,9,10,5.594436230137944,9.976591339800509,2,0.342108118229971,0.6570513172126228,0.3640186396064897,0.4795993077678394,0.023798836739444783
site016,2022,5,63.760055704042315,16.615697980858386,0,7,15,9.096047973260283,5.5250529025215656,1,0.45417067080216894,0.3890111308765417,0.4885345338845475,0.6928556204245571,0.030194423372940322
site016,2022,5,63.760055704042315,16.615697980858386,0,7,15,9.096047973260283,5.5250529025215656,1,0.45417067080216894,0.3890111308765417,0.4885345338845475,0.4795993077678394,0.023798836739444783
site017,2008,26,85.39585620164871,28.870769023895264,0,9,0,5.674253240227699,7.425385245587677,2,0.3877866076698283,0.47911052857251035,0.3581461318659157,0.39000397553393046,0.022356694052379163
site017,2008,26,85.39585620164871,28.870769023895264,0,9,0,5.674253240227699,7.425385245587677,2,0.3877866076698283,0.47911052857251035,0.3581461318659157,0.3070234809707493,0.02102158584166881
site017,2009,0,60.099152410402894,16.30649404786527,0,9,9,3.2189389066770673,8.418482696870342,1,0.5901569109514792,0.3583355944448594,0.5672291046630573,0.39000397553393046,0.022356694052379163
site017,2009,0,60.099152410402894,16.30649404786527,0,9,9,3.2189389066770673,8.418482696870342,1,0.5901569109514792,0.3583355944448594,0.5672291046630573,0.3070234809707493,0.02102158584166881
site017,2010,25,68.42092959210277,13.677624104777353,0,10,9,8.14173312857747,9.097540254006162,2,0.37604339978209345,0.5092822313837378,0.37000665832989965,0.39000397553393046,0.022356694052379163
site017,2010,25,68.42092959210277,13.677624104777353,0,10,9,8.14173312857747,9.097540254006162,2,0.37604339978209345,0.5092822313837378,0.37000665832989965,0.3070234809707493,0.02102158584166881
site017,2011,41,87.16091237962246,1.935742900473997,1,1,1,1.5106228697113693,8.82783794309944,3,0.5911839885115543,0.4365580101686603,0.5785458790435487,0.39000397553393046,0.022356694052379163
site017,2011,41,87.16091237962246,1.935742900473997,1,1,1,1.5106228697113693,8.82783794309944,3,0.5911839885115543,0.4365580101686603,0.5785458790435487,0.3070234809707493,0.02102158584166881
site017,2012,48,94.6475652139634,2.094291239976883,0,3,13,2.9946923898532987,7.134001086233184,2,0.13470771113429014,0.44909769168640806,0.2836473118623975,0.39000397553393046,0.022356694052379163
site017,2012,48,94.6475652139634,2.094291239976883,0,3,13,2.9946923898532987,7.134001086233184,2,0.13470771113429014,0.44909769168640806,0.2836473118623975,0.3070234809707493,0.02102158584166881
site017,2013,16,91.9878846220672,2.373100524302572,1,5,11,3.4069830644875765,9.679857873125002,3,0.5422054245042277,0.5627881531976542,0.5589421971867491,0.39000397553393046,0.022356694052379163
site017,2013,16,91.9878846220672,2.373100524302572,1,5,11,3.4069830644875765,9.679857873125002,3,0.5422054245042277,0.5627881531976542,0.5589421971867491,0.3070234809707493,0.02102158584166881
site017,2014,28,65.39985593408346,5.6678120330907404,0,1,15,5.535852824803442,8.645054483786225,1,0.5399966524023005,0.3753853135711407,0.5383185470869225,0.39000397553393046,0.022356694052379163
site017,2014,28,65.39985593408346,5.6678120330907404,0,1,15,5.535852824803442,8.645054483786225,1,0.5399966524023005,0.3753853135711407,0.5383185470869225,0.3070234809707493,0.02102158584166881
site017,2015,25,75.4999303072691,14.603824406629428,1,0,15,5.950019220355898,6.68657963280566,1,0.6316666284338133,0.505351146188779,0.6147020793175314,0.39000397553393046,0.022356694052379163
site017,2015,25,75.4999303072691,14.603824406629428,1,0,15,5.950019220355898,6.68657963280566,1,0.6316666284338133,0.505351146188779,0.6147020793175314,0.3070234809707493,0.02102158584166881
site017,2016,26,91.53887716121972,24.371795270359144,0,4,8,13.131018345244229,7.394873930606991,3,0.4319841296690372,0.549323239255448,0.42749029610024686,0.39000397553393046,0.022356694052379163
site017,2016,26,91.53887716121972,24.371795270359144,0,4,8,13.131018345244229,7.394873930606991,3,0.4319841296690372,0.549323239255448,0.42749029610024686,0.3070234809707493,0.02102158584166881
site017,2017,20,87.71654666401446,9.137327966978772,1,2,3,5.990150455851108,9.827511813491585,3,0.7487140156885322,0.5114609262187144,0.7411359486856142,0.39000397553393046,0.022356694052379163
site017,2017,20,87.71654666401446,9.137327966978772,1,2,3,5.990150455851108,9.827511813491585,3,0.7487140156885322,0.5114609262187144,0.7411359486856142,0.3070234809707493,0.02102158584166881
site017,2018,6,83.7709188554436,22.88873557094485,1,5,8,14.310013706795871,9.568519700551406,1,0.7811955688180388,0.6711359502855768,0.7473404473814849,0.39000397553393046,0.022356694052379163
site017,2018,6,83.7709188554436,22.88873557094485,1,5,8,14.310013706795871,9.568519700551406,1,0.7811955688180388,0.6711359502855768,0.7473404473814849,0.3070234809707493,0.02102158584166881
site017,2019,25,64.95430605486035,16.13294863072224,0,2,0,7.753915670327842,6.140395735856146,1,0.6379822260253376,0.25650291052343743,0.6426682577269809,0.39000397553393046,0.022356694052379163
site017,2019,25,64.95430605486035,16.13294863072224,0,2,0,7.753915670327842,6.140395735856146,1,0.6379822260253376,0.25650291052343743,0.6426682577269809,0.3070234809707493,0.02102158584166881
site017,2020,40,82.20312410965562,9.379468602361158,1,9,10,13.143810361623764,6.5362975222524256,2,0.262863824824503,0.6729790541012477,0.2898446266754494,0.39000397553393046,0.022356694052379163
site017,2020,40,82.20312410965562,9.379468602361158,1,9,10,13.143810361623764,6.5362975222524256,2,0.262863824824503,0.6729790541012477,0.2898446266754494,0.3070234809707493,0.02102158584166881
site017,2021,19,77.97645551152527,1.5039388425648212,0,10,11,5.446730541996658,6.73342602676712,2,0.2108522604398223,0.4047103390748561,0.27693983167227315,0.39000397553393046,0.022356694052379163
site017,2021,19,77.97645551152527,1.5039388425648212,0,10,11,5.446730541996658,6.73342602676712,2,0.2108522604398223,0.4047103390748561,0.27693983167227315,0.3070234809707493,0.02102158584166881
site017,2022,5,90.64666114747524,20.382136365631595,1,8,10,5.696544757578522,5.218599502695724,3,0.4528508113228102,0.5470596377464014,0.46865961694399777,0.39000397553393046,0.022356694052379163
site017,2022,5,90.64666114747524,20.382136365631595,1,8,10,5.696544757578522,5.218599502695724,3,0.4528508113228102,0.5470596377464014,0.46865961694399777,0.3070234809707493,0.02102158584166881
site018,2008,49,61.043908866122365,2.942302976269275,1,3,10,3.2596380705945194,9.818153553642333,2,0.5695527086498311,0.5196997345655591,0.5622823047404084,0.46042850087916504,0.01718164779323013
site018,2008,49,61.043908866122365,2.942302976269275,1,3,10,3.2596380705945194,9.818153553642333,2,0.5695527086498311,0.5196997345655591,0.5622823047404084,0.4806407973780385,0.02147159520766202
site018,2008,49,61.043908866122365,2.942302976269275,1,3,10,3.2596380705945194,9.818153553642333,2,0.5695527086498311,0.5196997345655591,0.5622823047404084,0.5532864203926882,0.02582796016915826
site018,2009,29,67.80685727484524,25.255206377711147,0,9,3,9.749153363518417,9.077768574934453,2,0.48896432393285577,0.5189370233923226,0.4171399536975274,0.46042850087916504,0.01718164779323013
site018,2009,29,67.80685727484524,25.255206377711147,0,9,3,9.749153363518417,9.077768574934453,2,0.48896432393285577,0.5189370233923226,0.4171399536975274,0.4806407973780385,0.02147159520766202
site018,2009,29,67.80685727484524,25.255206377711147,0,9,3,9.749153363518417,9.077768574934453,2,0.48896432393285577,0.5189370233923226,0.4171399536975274,0.5532864203926882,0.02582796016915826
site018,2010,30,95.24938259273767,4.924951518885791,0,2,8,3.5677281878888607,8.373614092124626,3,0.3873270868750302,0.40027066939033007,0.4021568803120904,0.46042850087916504,0.01718164779323013
site018,2010,30,95.24938259273767,4.924951518885791,0,2,8,3.5677281878888607,8.373614092124626,3,0.3873270868750302,0.40027066939033007,0.4021568803120904,0.4806407973780385,0.02147159520766202
site018,2010,30,95.24938259273767,4.924951518885791,0,2,8,3.5677281878888607,8.373614092124626,3,0.3873270868750302,0.40027066939033007,0.4021568803120904,0.5532864203926882,0.02582796016915826
site018,2011,28,64.39206373877823,20.020465145353228,1,3,1,8.549195575527847,7.030218478757888,1,0.7584552338365761,0.4543443455387554,0.7066251869068739,0.46042850087916504,0.01718164779323013
site018,2011,28,64.39206373877823,20.020465145353228,1,3,1,8.549195575527847,7.030218478757888,1,0.7584552338365761,0.4543443455387554,0.7066251869068739,0.4806407973780385,0.02147159520766202
site018,2011,28,64.39206373877823,20.020465145353228,1,3,1,8.549195575527847,7.030218478757888,1,0.7584552338365761,0.4543443455387554,0.7066251869068739,0.5532864203926882,0.02582796016915826
site018,2012,16,98.74203711748125,25.300484135514125,0,5,0,3.746392499189824,6.330726909218356,3,0.4497904396487648,0.3856750620263889,0.4765726001656296,0.46042850087916504,0.01718164779323013
site018,2012,16,98.74203711748125,25.300484135514125,0,5,0,3.746392499189824,6.330726909218356,3,0.4497904396487648,0.3856750620263889,0.4765726001656296,0.4806407973780385,0.02147159520766202
site018,2012,16,98.74203711748125,25.300484135514125,0,5,0,3.746392499189824,6.330726909218356,3,0.4497904396487648,0.3856750620263889,0.4765726001656296,0.5532864203926882,0.02582796016915826
site018,2013,36,75.40794371627271,8.47179188602604,0,5,11,2.4561428604647517,9.641610299004242,2,0.3855416886229973,0.45278240808313897,0.4025906880705507,0.46042850087916504,0.01718164779323013
site018,2013,36,75.40794371627271,8.47179188602604,0,5,11,2.4561428604647517,9.641610299004242,2,0.3855416886229973,0.45278240808313897,0.4025906880705507,0.4806407973780385,0.02147159520766202
site018,2013,36,75.40794371627271,8.47179188602604,0,5,11,2.4561428604647517,9.641610299004242,2,0.3855416886229973,0.45278240808313897,0.4025906880705507,0.5532864203926882,0.02582796016915826
site018,2014,19,94.3436562921852,4.94386326847598,1,6,8,5.623701414093375,6.832867908524349,3,0.4241414827197545,0.5249144062559693,0.5021134889117971,0.46042850087916504,0.01718164779323013
site018,2014,19,94.3436562921852,4.94386326847598,1,6,8,5.623701414093375,6.832867908524349,3,0.4241414827197545,0.5249144062559693,0.5021134889117971,0.4806407973780385,0.02147159520766202
site018,2014,19,94.3436562921852,4.94386326847598,1,6,8,5.623701414093375,6.832867908524349,3,0.4241414827197545,0.5249144062559693,0.5021134889117971,0.5532864203926882,0.02582796016915826
site018,2015,34,95.49539018422364,23.141164012718946,0,1,15,9.421954283956438,7.747460555983707,3,0.37786253489135085,0.5726903788063612,0.3893183701872846,0.46042850087916504,0.01718164779323013
site018,2015,34,95.49539018422364,23.141164012718946,0,1,15,9.421954283956438,7.747460555983707,3,0.37786253489135085,0.5726903788063612,0.3893183701872846,0.4806407973780385,0.02147159520766202
site018,2015,34,95.49539018422364,23.141164012718946,0,1,15,9.421954283956438,7.747460555983707,3,0.37786253489135085,0.5726903788063612,0.3893183701872846,0.5532864203926882,0.02582796016915826
site018,2016,24,79.56365994177759,7.14789076638408,0,7,13,10.665724631398916,7.605235273949802,2,0.30648473691313705,0.49454666824273397,0.33102275277215243,0.46042850087916504,0.01718164779323013
site018,2016,24,79.56365994177759,7.14789076638408,0,7,13,10.665724631398916,7.605235273949802,2,0.30648473691313705,0.49454666824273397,0.33102275277215243,0.4806407973780385,0.02147159520766202
site018,2016,24,79.56365994177759,7.14789076638408,0,7,13,10.665724631398916,7.605235273949802,2,0.30648473691313705,0.49454666824273397,0.33102275277215243,0.5532864203926882,0.02582796016915826
site018,2017,45,88.72367235831916,8.7711183775682,0,3,11,3.868410420138389,9.634954566136004,3,0.32041501310370335,0.5057913055004584,0.3480495098188019,0.46042850087916504,0.01718164779323013
site018,2017,45,88.72367235831916,8.7711183775682,0,3,11,3.868410420138389,9.634954566136004,3,0.32041501310370335,0.5057913055004584,0.3480495098188019,0.4806407973780385,0.02147159520766202
site018,2017,45,88.72367235831916,8.7711183775682,0,3,11,3.868410420138389,9.634954566136004,3,0.32041501310370335,0.5057913055004584,0.3480495098188019,0.5532864203926882,0.02582796016915826
site018,2018,32,79.46822290308774,16.42310464475304,1,0,11,6.810356695204973,7.508675591088831,1,0.6416993982607596,0.5381426649866735,0.6262398220875174,0.46042850087916504,0.01718164779323013
site018,2018,32,79.46822290308774,16.42310464475304,1,0,11,6.810356695204973,7.508675591088831,1,0.6416993982607596,0.5381426649866735,0.6262398220875174,0.4806407973780385,0.02147159520766202
site018,2018,32,79.46822290308774,16.42310464475304,1,0,11,6.810356695204973,7.508675591088831,1,0.6416993982607596,0.5381426649866735,0.6262398220875174,0.5532864203926882,0.02582796016915826
site018,2019,1,99.54835443757474,14.749389154836535,1,7,11,3.0220250571146607,8.184579083463177,3,0.5289168479396893,0.5866125995373072,0.5282055077764636,0.46042850087916504,0.01718164779323013
site018,2019,1,99.54835443757474,14.749389154836535,1,7,11,3.0220250571146607,8.184579083463177,3,0.5289168479396893,0.5866125995373072,0.5282055077764636,0.4806407973780385,0.02147159520766202
site018,2019,1,99.54835443757474,14.749389154836535,1,7,11,3.0220250571146607,8.184579083463177,3,0.5289168479396893,0.5866125995373072,0.5282055077764636,0.5532864203926882,0.02582796016915826
site018,2020,3,62.59004518389702,11.829866284504533,0,5,12,3.905806191265583,6.174754415405914,1,0.5580235809772639,0.2792307492005968,0.5871466146037535,0.46042850087916504,0.01718164779323013
site018,2020,3,62.59004518389702,11.829866284504533,0,5,12,3.905806191265583,6.174754415405914,1,0.5580235809772639,0.2792307492005968,0.5871466146037535,0.4806407973780385,0.02147159520766202
site018,2020,3,62.59004518389702,11.829866284504533,0,5,12,3.905806191265583,6.174754415405914,1,0.5580235809772639,0.2792307492005968,0.5871466146037535,0.5532864203926882,0.02582796016915826
site018,2021,9,66.30651111714542,23.485147927422076,0,1,6,11.723006003070624,6.817675455240533,1,0.7675358156745118,0.3427190297563983,0.7689375817118886,0.46042850087916504,0.01718164779323013
site018,2021,9,66.30651111714542,23.485147927422076,0,1,6,11.723006003070624,6.817675455240533,1,0.7675358156745118,0.3427190297563983,0.7689375817118886,0.4806407973780385,0.02147159520766202
site018,2021,9,66.30651111714542,23.485147927422076,0,1,6,11.723006003070624,6.817675455240533,1,0.7675358156745118,0.3427190297563983,0.7689375817118886,0.5532864203926882,0.02582796016915826
site018,2022,32,91.41394473612309,17.187915132381022,1,9,5,7.742780409287661,9.46751007460989,3,0.4322184185483629,0.6987940064128261,0.41968332804074293,0.46042850087916504,0.01718164779323013
site018,2022,32,91.41394473612309,17.187915132381022,1,9,5,7.742780409287661,9.46751007460989,3,0.4322184185483629,0.6987940064128261,0.41968332804074293,0.4806407973780385,0.02147159520766202
site018,2022,32,91.41394473612309,17.187915132381022,1,9,5,7.742780409287661,9.46751007460989,3,0.4322184185483629,0.6987940064128261,0.41968332804074293,0.5532864203926882,0.02582796016915826
site019,2008,4,81.68753159232438,5.501862013479695,1,9,2,4.35291285905987,8.82978780893609,3,0.6282131547220478,0.4763050044127644,0.608401660906107,0.5839374382760949,0.020772564153930428
site019,2008,4,81.68753159232438,5.501862013479695,1,9,2,4.35291285905987,8.82978780893609,3,0.6282131547220478,0.4763050044127644,0.608401660906107,0.6803850273755776,0.015649044542198596
site019,2008,4,81.68753159232438,5.501862013479695,1,9,2,4.35291285905987,8.82978780893609,3,0.6282131547220478,0.4763050044127644,0.608401660906107,0.30600993335552373,0.0208089860786658
site019,2009,24,76.66189380921423,29.693135004024953,0,8,6,12.149618490133436,8.977215324994177,2,0.493481858098546,0.5849333626872111,0.46105708910217996,0.5839374382760949,0.020772564153930428
site019,2009,24,76.66189380921423,29.693135004024953,0,8,6,12.149618490133436,8.977215324994177,2,0.493481858098546,0.5849333626872111,0.46105708910217996,0.6803850273755776,0.015649044542198596
site019,2009,24,76.66189380921423,29.693135004024953,0,8,6,12.149618490133436,8.977215324994177,2,0.493481858098546,0.5849333626872111,0.46105708910217996,0.30600993335552373,0.0208089860786658
site019,2010,7,99.95530596002936,8.088946480304003,0,8,10,7.19823382422328,6.6151574230752885,3,0.267358093282972,0.4514668558098666,0.29854798745620686,0.5839374382760949,0.020772564153930428
site019,2010,7,99.95530596002936,8.088946480304003,0,8,10,7.19823382422328,6.6151574230752885,3,0.267358093282972,0.4514668558098666,0.29854798745620686,0.6803850273755776,0.015649044542198596
site019,2010,7,99.95530596002936,8.088946480304003,0,8,10,7.19823382422328,6.6151574230752885,3,0.267358093282972,0.4514668558098666,0.29854798745620686,0.30600993335552373,0.0208089860786658
site019,2011,24,70.2269246801734,4.780976853799075,0,10,11,3.3792974608950317,5.4625542217399925,2,0.18112678680630778,0.3567147880190734,0.2474708849028616,0.5839374382760949,0.020772564153930428
site019,2011,24,70.2269246801734,4.780976853799075,0,10,11,3.3792974608950317,5.4625542217399925,2,0.18112678680630778,0.3567147880190734,0.2474708849028616,0.6803850273755776,0.015649044542198596
site019,2011,24,70.2269246801734,4.780976853799075,0,10,11,3.3792974608950317,5.4625542217399925,2,0.18112678680630778,0.3567147880190734,0.2474708849028616,0.30600993335552373,0.0208089860786658
site019,2012,20,80.315026845783,7.167752926470712,1,2,7,3.311384417116642,9.769912399351597,3,0.7322003530458849,0.48756852631448655,0.699707021454842,0.5839374382760949,0.020772564153930428
site019,2012,20,80.315026845783,7.167752926470712,1,2,7,3.311384417116642,9.769912399351597,3,0.7322003530458849,0.48756852631448655,0.699707021454842,0.6803850273755776,0.015649044542198596
site019,2012,20,80.315026845783,7.167752926470712,1,2,7,3.311384417116642,9.769912399351597,3,0.7322003530458849,0.48756852631448655,0.699707021454842,0.30600993335552373,0.0208089860786658
site019,2013,44,63.15884710289538,12.020123202120883,1,1,3,14.561093339696528,7.250102111138403,1,0.6965593099001469,0.5070903572780163,0.6640985163768004,0.5839374382760949,0.020772564153930428
site019,2013,44,63.15884710289538,12.020123202120883,1,1,3,14.561093339696528,7.250102111138403,1,0.6965593099001469,0.5070903572780163,0.6640985163768004,0.6803850273755776,0.015649044542198596
site019,2013,44,63.15884710289538,12.020123202120883,1,1,3,14.561093339696528,7.250102111138403,1,0.6965593099001469,0.5070903572780163,0.6640985163768004,0.30600993335552373,0.0208089860786658
site019,2014,17,92.54673457704484,11.42901389556937,1,5,15,8.31229747692123,7.791349096223712,3,0.47113798573433974,0.6363816975450644,0.5179829062733284,0.5839374382760949,0.020772564153930428
site019,2014,17,92.54673457704484,11.42901389556937,1,5,15,8.31229747692123,7.791349096223712,3,0.47113798573433974,0.6363816975450644,0.5179829062733284,0.6803850273755776,0.015649044542198596
site019,2014,17,92.54673457704484,11.42901389556937,1,5,15,8.31229747692123,7.791349096223712,3,0.47113798573433974,0.6363816975450644,0.5179829062733284,0.30600993335552373,0.0208089860786658
site019,2015,41,75.28716640546918,9.777199419680985,1,10,0,8.315465820021927,5.854784949915484,2,0.32821073692514474,0.5242291850742449,0.3477314489499551,0.5839374382760949,0.020772564153930428
site019,2015,41,75.28716640546918,9.777199419680985,1,10,0,8.315465820021927,5.854784949915484,2,0.32821073692514474,0.5242291850742449,0.3477314489499551,0.6803850273755776,0.015649044542198596
site019,2015,41,75.28716640546918,9.777199419680985,1,10,0,8.315465820021927,5.854784949915484,2,0.32821073692514474,0.5242291850742449,0.3477314489499551,0.30600993335552373,0.0208089860786658
site019,2016,30,92.08730831742288,2.287591695319861,1,8,10,10.64267934113741,5.105927686672658,2,0.2248123924482685,0.5773988505540608,0.2664613550382502,0.5839374382760949,0.020772564153930428
site019,2016,30,92.08730831742288,2.287591695319861,1,8,10,10.64267934113741,5.105927686672658,2,0.2248123924482685,0.5773988505540608,0.2664613550382502,0.6803850273755776,0.015649044542198596
site019,2016,30,92.08730831742288,2.287591695319861,1,8,10,10.64267934113741,5.105927686672658,2,0.2248123924482685,0.5773988505540608,0.2664613550382502,0.30600993335552373,0.0208089860786658
site019,2017,5,67.91694547049701,28.108717230381444,0,2,0,12.033122638240457,6.059567099437118,1,0.8055231756221046,0.30407433433099307,0.8004286776994257,0.5839374382760949,0.020772564153930428
site019,2017,5,67.91694547049701,28.108717230381444,0,2,0,12.033122638240457,6.059567099437118,1,0.8055231756221046,0.30407433433099307,0.8004286776994257,0.6803850273755776,0.015649044542198596
site019,2017,5,67.91694547049701,28.108717230381444,0,2,0,12.033122638240457,6.059567099437118,1,0.8055231756221046,0.30407433433099307,0.8004286776994257,0.30600993335552373,0.0208089860786658
site019,2018,6,97.85599080845714,17.492793866433203,0,7,8,10.693011722527444,6.592013483168557,3,0.37837280151403735,0.48478449810405516,0.4015330706354967,0.5839374382760949,0.020772564153930428
site019,2018,6,97.85599080845714,17.492793866433203,0,7,8,10.693011722527444,6.592013483168557,3,0.37837280151403735,0.48478449810405516,0.4015330706354967,0.6803850273755776,0.015649044542198596
site019,2018,6,97.85599080845714,17.492793866433203,0,7,8,10.693011722527444,6.592013483168557,3,0.37837280151403735,0.48478449810405516,0.4015330706354967,0.30600993335552373,0.0208089860786658
site019,2019,40,73.82689896970987,7.403279607417062,0,0,3,13.312023014761508,7.912942226976156,1,0.5684776798817452,0.37836710095061704,0.5543506360151624,0.5839374382760949,0.020772564153930428
site019,2019,40,73.82689896970987,7.403279607417062,0,0,3,13.312023014761508,7.912942226976156,1,0.5684776798817452,0.37836710095061704,0.5543506360151624,0.6803850273755776,0.015649044542198596
site019,2019,40,73.82689896970987,7.403279607417062,0,0,3,13.312023014761508,7.912942226976156,1,0.5684776798817452,0.37836710095061704,0.5543506360151624,0.30600993335552373,0.0208089860786658
site019,2020,47,80.88200989179313,26.460874083219096,0,10,4,2.975814753677696,5.25650289375335,2,0.10976206583211927,0.47429127112518155,0.14608955336073504,0.5839374382760949,0.020772564153930428
site019,2020,47,80.88200989179313,26.460874083219096,0,10,4,2.975814753677696,5.25650289375335,2,0.10976206583211927,0.47429127112518155,0.14608955336073504,0.6803850273755776,0.015649044542198596
site019,2020,47,80.88200989179313,26.460874083219096,0,10,4,2.975814753677696,5.25650289375335,2,0.10976206583211927,0.47429127112518155,0.14608955336073504,0.30600993335552373,0.0208089860786658
site019,2021,16,64.46752025745809,14.551375383744016,0,1,15,4.713433802593499,6.249280881602317,1,0.5698179876290785,0.3135178298868016,0.5853936474093636,0.5839374382760949,0.020772564153930428
site019,2021,16,64.46752025745809,14.551375383744016,0,1,15,4.713433802593499,6.249280881602317,1,0.5698179876290785,0.3135178298868016,0.5853936474093636,0.6803850273755776,0.015649044542198596
site019,2021,16,64.46752025745809,14.551375383744016,0,1,15,4.713433802593499,6.249280881602317,1,0.5698179876290785,0.3135178298868016,0.5853936474093636,0.30600993335552373,0.0208089860786658
site019,2022,44,95.4389940481633,16.728144625434652,1,1,2,13.541364634875208,5.073448998155072,3,0.46943184550051126,0.5564872215228654,0.49365927613711397,0.5839374382760949,0.020772564153930428
site019,2022,44,95.4389940481633,16.728144625434652,1,1,2,13.541364634875208,5.073448998155072,3,0.46943184550051126,0.5564872215228654,0.49365927613711397,0.6803850273755776,0.015649044542198596
site019,2022,44,95.4389940481633,16.728144625434652,1,1,2,13.541364634875208,5.073448998155072,3,0.46943184550051126,0.5564872215228654,0.49365927613711397,0.30600993335552373,0.0208089860786658
site020,2008,27,98.1701989285648,23.74754704348743,0,6,14,5.954746396280825,6.092350204708055,2,0.19958127627927288,0.5477179526143476,0.28473423623130434,0.3184809449657998,0.024343199876381852
site020,2008,27,98.1701989285648,23.74754704348743,0,6,14,5.954746396280825,6.092350204708055,2,0.19958127627927288,0.5477179526143476,0.28473423623130434,0.6489422992640792,0.021466620909991473
site020,2008,27,98.1701989285648,23.74754704348743,0,6,14,5.954746396280825,6.092350204708055,2,0.19958127627927288,0.5477179526143476,0.28473423623130434,0.6701534691151475,0.021668501146219772
site020,2008,27,98.1701989285648,23.74754704348743,0,6,14,5.954746396280825,6.092350204708055,2,0.19958127627927288,0.5477179526143476,0.28473423623130434,0.4125678626508852,0.01615386824362289
site020,2009,39,61.61523052491248,19.788237899541855,1,4,8,14.051887896843256,7.618035197956488,1,0.633397799450393,0.6071885704554154,0.6143667147678967,0.3184809449657998,0.024343199876381852
site020,2009,39,61.61523052491248,19.788237899541855,1,4,8,14.051887896843256,7.618035197956488,1,0.633397799450393,0.6071885704554154,0.6143667147678967,0.6489422992640792,0.021466620909991473
site020,2009,39,61.61523052491248,19.788237899541855,1,4,8,14.051887896843256,7.618035197956488,1,0.633397799450393,0.6071885704554154,0.6143667147678967,0.6701534691151475,0.021668501146219772
site020,2009,39,61.61523052491248,19.788237899541855,1,4,8,14.051887896843256,7.618035197956488,1,0.633397799450393,0.6071885704554154,0.6143667147678967,0.4125678626508852,0.01615386824362289
site020,2010,6,79.74464754574001,5.201901264488697,0,5,7,5.579747090116143,6.64932670770213,3,0.49349528351752786,0.29700905117502024,0.5148728152117243,0.3184809449657998,0.024343199876381852
site020,2010,6,79.74464754574001,5.201901264488697,0,5,7,5.579747090116143,6.64932670770213,3,0.49349528351752786,0.29700905117502024,0.5148728152117243,0.6489422992640792,0.021466620909991473
site020,2010,6,79.74464754574001,5.201901264488697,0,5,7,5.579747090116143,6.64932670770213,3,0.49349528351752786,0.29700905117502024,0.5148728152117243,0.6701534691151475,0.021668501146219772
site020,2010,6,79.74464754574001,5.201901264488697,0,5,7,5.579747090116143,6.64932670770213,3,0.49349528351752786,0.29700905117502024,0.5148728152117243,0.4125678626508852,0.01615386824362289
site020,2011,19,69.04254819266498,10.32748393714428,1,4,12,10.03549424186349,8.707312264014035,1,0.679362246055399,0.5639818048710098,0.6685451088714268,0.3184809449657998,0.024343199876381852
site020,2011,19,69.04254819266498,10.32748393714428,1,4,12,10.03549424186349,8.707312264014035,1,0.679362246055399,0.5639818048710098,0.6685451088714268,0.6489422992640792,0.021466620909991473
site020,2011,19,69.04254819266498,10.32748393714428,1,4,12,10.03549424186349,8.707312264014035,1,0.679362246055399,0.5639818048710098,0.6685451088714268,0.6701534691151475,0.021668501146219772
site020,2011,19,69.04254819266498,10.32748393714428,1,4,12,10.03549424186349,8.707312264014035,1,0.679362246055399,0.5639818048710098,0.6685451088714268,0.4125678626508852,0.01615386824362289
site020,2012,17,94.35201357118784,28.580611895769835,1,4,0,8.298800067044795,9.777784779435024,3,0.7739887736265342,0.6284122441586864,0.7425798593583137,0.3184809449657998,0.024343199876381852
site020,2012,17,94.35201357118784,28.580611895769835,1,4,0,8.298800067044795,9.777784779435024,3,0.7739887736265342,0.6284122441586864,0.7425798593583137,0.6489422992640792,0.021466620909991473
site020,2012,17,94.35201357118784,28.580611895769835,1,4,0,8.298800067044795,9.777784779435024,3,0.7739887736265342,0.6284122441586864,0.7425798593583137,0.6701534691151475,0.021668501146219772
site020,2012,17,94.35201357118784,28.580611895769835,1,4,0,8.298800067044795,9.777784779435024,3,0.7739887736265342,0.6284122441586864,0.7425798593583137,0.4125678626508852,0.01615386824362289
site020,2013,28,81.23742935247719,6.457756238989532,0,3,5,8.875931569375098,6.1160053161438555,3,0.4163952259966303,0.336734732980337,0.4305738785328763,0.3184809449657998,0.024343199876381852
site020,2013,28,81.23742935247719,6.457756238989532,0,3,5,8.875931569375098,6.1160053161438555,3,0.4163952259966303,0.336734732980337,0.4305738785328763,0.6489422992640792,0.021466620909991473
site020,2013,28,81.23742935247719,6.457756238989532,0,3,5,8.875931569375098,6.1160053161438555,3,0.4163952259966303,0.336734732980337,0.4305738785328763,0.6701534691151475,0.021668501146219772
site020,2013,28,81.23742935247719,6.457756238989532,0,3,5,8.875931569375098,6.1160053161438555,3,0.4163952259966303,0.336734732980337,0.4305738785328763,0.4125678626508852,0.01615386824362289
site020,2014,16,60.18552603200078,22.76172320591286,1,3,4,7.983380765188485,9.884416232816877,1,0.9386452028947027,0.5144463908045624,0.9033068425352159,0.3184809449657998,0.024343199876381852
site020,2014,16,60.18552603200078,22.76172320591286,1,3,4,7.983380765188485,9.884416232816877,1,0.9386452028947027,0.5144463908045624,0.9033068425352159,0.6489422992640792,0.021466620909991473
site020,2014,16,60.18552603200078,22.76172320591286,1,3,4,7.983380765188485,9.884416232816877,1,0.9386452028947027,0.5144463908045624,0.9033068425352159,0.6701534691151475,0.021668501146219772
site020,2014,16,60.18552603200078,22.76172320591286,1,3,4,7.983380765188485,9.884416232816877,1,0.9386452028947027,0.5144463908045624,0.9033068425352159,0.4125678626508852,0.01615386824362289
site020,2015,32,71.10240320675075,14.315595783060417,0,7,13,8.431544638238847,5.459749995497987,2,0.24335072061230198,0.44525871970108644,0.259173962019952,0.3184809449657998,0.024343199876381852
site020,2015,32,71.10240320675075,14.315595783060417,0,7,13,8.431544638238847,5.459749995497987,2,0.24335072061230198,0.44525871970108644,0.259173962019952,0.6489422992640792,0.021466620909991473
site020,2015,32,71.10240320675075,14.315595783060417,0,7,13,8.431544638238847,5.459749995497987,2,0.24335072061230198,0.44525871970108644,0.259173962019952,0.6701534691151475,0.021668501146219772
site020,2015,32,71.10240320675075,14.315595783060417,0,7,13,8.431544638238847,5.459749995497987,2,0.24335072061230198,0.44525871970108644,0.259173962019952,0.4125678626508852,0.01615386824362289
site020,2016,1,73.0081257224083,5.09958641929552,0,8,8,6.3639184567146,8.68322974187322,3,0.5329648360011545,0.36680977016527705,0.5190290371732684,0.3184809449657998,0.024343199876381852
site020,2016,1,73.0081257224083,5.09958641929552,0,8,8,6.3639184567146,8.68322974187322,3,0.5329648360011545,0.36680977016527705,0.5190290371732684,0.6489422992640792,0.021466620909991473
site020,2016,1,73.0081257224083,5.09958641929552,0,8,8,6.3639184567146,8.68322974187322,3,0.5329648360011545,0.36680977016527705,0.5190290371732684,0.6701534691151475,0.021668501146219772
site020,2016,1,73.0081257224083,5.09958641929552,0,8,8,6.3639184567146,8.68322974187322,3,0.5329648360011545,0.36680977016527705,0.5190290371732684,0.4125678626508852,0.01615386824362289
site020,2017,48,83.54825106449425,6.950599205447361,0,0,9,9.422698558308184,6.367884200299159,2,0.33593662930203044,0.4031605284087925,0.37840853974557964,0.3184809449657998,0.024343199876381852
site020,2017,48,83.54825106449425,6.950599205447361,0,0,9,9.422698558308184,6.367884200299159,2,0.33593662930203044,0.4031605284087925,0.37840853974557964,0.6489422992640792,0.021466620909991473
site020,2017,48,83.54825106449425,6.950599205447361,0,0,9,9.422698558308184,6.367884200299159,2,0.33593662930203044,0.4031605284087925,0.37840853974557964,0.6701534691151475,0.021668501146219772
site020,2017,48,83.54825106449425,6.950599205447361,0,0,9,9.422698558308184,6.367884200299159,2,0.33593662930203044,0.4031605284087925,0.37840853974557964,0.4125678626508852,0.01615386824362289
site020,2018,1,69.98738802969456,20.58351148851216,0,9,12,4.684530395083129,6.382301945704967,2,0.44736180210087384,0.3974794174871039,0.4583951800417308,0.3184809449657998,0.024343199876381852
site020,2018,1,69.98738802969456,20.58351148851216,0,9,12,4.684530395083129,6.382301945704967,2,0.44736180210087384,0.3974794174871039,0.4583951800417308,0.6489422992640792,0.021466620909991473
site020,2018,1,69.98738802969456,20.58351148851216,0,9,12,4.684530395083129,6.382301945704967,2,0.44736180210087384,0.3974794174871039,0.4583951800417308,0.6701534691151475,0.021668501146219772
site020,2018,1,69.98738802969456,20.58351148851216,0,9,12,4.684530395083129,6.382301945704967,2,0.44736180210087384,0.3974794174871039,0.4583951800417308,0.4125678626508852,0.01615386824362289
site020,2019,12,61.72469123266637,5.002876104786992,1,3,8,10.053785920608789,5.3025387425441295,1,0.6988557842943397,0.36957666930527516,0.702605183217779,0.3184809449657998,0.024343199876381852
site020,2019,12,61.72469123266637,5.002876104786992,1,3,8,10.053785920608789,5.3025387425441295,1,0.6988557842943397,0.36957666930527516,0.702605183217779,0.6489422992640792,0.021466620909991473
site020,2019,12,61.72469123266637,5.002876104786992,1,3,8,10.053785920608789,5.3025387425441295,1,0.6988557842943397,0.36957666930527516,0.702605183217779,0.6701534691151475,0.021668501146219772
site020,2019,12,61.72469123266637,5.002876104786992,1,3,8,10.053785920608789,5.3025387425441295,1,0.6988557842943397,0.36957666930527516,0.702605183217779,0.4125678626508852,0.01615386824362289
site020,2020,23,64.42715150304139,13.05076732323505,0,9,4,10.324778698850425,6.140222852118313,2,0.3925567039957765,0.380458957942377,0.40005275440687854,0.3184809449657998,0.024343199876381852
site020,2020,23,64.42715150304139,13.05076732323505,0,9,4,10.324778698850425,6.140222852118313,2,0.3925567039957765,0.380458957942377,0.40005275440687854,0.6489422992640792,0.021466620909991473
site020,2020,23,64.42715150304139,13.05076732323505,0,9,4,10.324778698850425,6.140222852118313,2,0.3925567039957765,0.380458957942377,0.40005275440687854,0.6701534691151475,0.021668501146219772
site020,2020,23,64.42715150304139,13.05076732323505,0,9,4,10.324778698850425,6.140222852118313,2,0.3925567039957765,0.380458957942377,0.40005275440687854,0.4125678626508852,0.01615386824362289
site020,2021,48,88.15015248022974,14.086163922213018,1,7,0,8.761808479670435,8.7948634440545,3,0.4245953583004553,0.6408001800039653,0.3964064194187679,0.3184809449657998,0.024343199876381852
site020,2021,48,88.15015248022974,14.086163922213018,1,7,0,8.761808479670435,8.7948634440545,3,0.4245953583004553,0.6408001800039653,0.3964064194187679,0.6489422992640792,0.021466620909991473
site020,2021,48,88.15015248022974,14.086163922213018,1,7,0,8.761808479670435,8.7948634440545,3,0.4245953583004553,0.6408001800039653,0.3964064194187679,0.6701534691151475,0.021668501146219772
site020,2021,48,88.15015248022974,14.086163922213018,1,7,0,8.761808479670435,8.7948634440545,3,0.4245953583004553,0.6408001800039653,0.3964064194187679,0.4125678626508852,0.01615386824362289
site020,2022,2,97.5608495529741,19.06545052118599,0,10,3,5.314962568692863,6.722987124230713,3,0.35957512716310636,0.4314186501400725,0.3768087410196897,0.3184809449657998,0.024343199876381852
site020,2022,2,97.5608495529741,19.06545052118599,0,10,3,5.314962568692863,6.722987124230713,3,0.35957512716310636,0.4314186501400725,0.3768087410196897,0.6489422992640792,0.021466620909991473
site020,2022,2,97.5608495529741,19.06545052118599,0,10,3,5.314962568692863,6.722987124230713,3,0.35957512716310636,0.4314186501400725,0.3768087410196897,0.6701534691151475,0.021668501146219772
site020,2022,2,97.5608495529741,19.06545052118599,0,10,3,5.314962568692863,6.722987124230713,3,0.35957512716310636,0.4314186501400725,0.3768087410196897,0.4125678626508852,0.01615386824362289
site021,2008,17,72.44676072150469,8.284054625080898,0,1,11,11.407419769093394,8.585931335110217,1,0.6381844170148172,0.39925556955124963,0.6637365018653344,0.38649115833427916,0.01796304528950013
site021,2008,17,72.44676072150469,8.284054625080898,0,1,11,11.407419769093394,8.585931335110217,1,0.6381844170148172,0.39925556955124963,0.6637365018653344,0.5749571473640129,0.014767535481532352
site021,2008,17,72.44676072150469,8.284054625080898,0,1,11,11.407419769093394,8.585931335110217,1,0.6381844170148172,0.39925556955124963,0.6637365018653344,0.39048119029269707,0.016908993779865537
site021,2008,17,72.44676072150469,8.284054625080898,0,1,11,11.407419769093394,8.585931335110217,1,0.6381844170148172,0.39925556955124963,0.6637365018653344,0.3947091153948055,0.015438173025984788
site021,2008,17,72.44676072150469,8.284054625080898,0,1,11,11.407419769093394,8.585931335110217,1,0.6381844170148172,0.39925556955124963,0.6637365018653344,0.5547895784324046,0.02630990223172175
site021,2009,1,63.13971720635891,14.460450447862968,1,7,3,12.85869677271694,6.015627585584298,1,0.7564588100772178,0.43886420773147944,0.721843636884102,0.38649115833427916,0.01796304528950013
site021,2009,1,63.13971720635891,14.460450447862968,1,7,3,12.85869677271694,6.015627585584298,1,0.7564588100772178,0.43886420773147944,0.721843636884102,0.5749571473640129,0.014767535481532352
site021,2009,1,63.13971720635891,14.460450447862968,1,7,3,12.85869677271694,6.015627585584298,1,0.7564588100772178,0.43886420773147944,0.721843636884102,0.39048119029269707,0.016908993779865537
site021,2009,1,63.13971720635891,14.460450447862968,1,7,3,12.85869677271694,6.015627585584298,1,0.7564588100772178,0.43886420773147944,0.721843636884102,0.3947091153948055,0.015438173025984788
site021,2009,1,63.13971720635891,14.460450447862968,1,7,3,12.85869677271694,6.015627585584298,1,0.7564588100772178,0.43886420773147944,0.721843636884102,0.5547895784324046,0.02630990223172175
site021,2010,36,72.86976365372539,5.799767642747611,1,6,14,6.159317870624363,5.2766176499426365,2,0.3170221223065085,0.5197401498654054,0.37414236727092404,0.38649115833427916,0.01796304528950013
site021,2010,36,72.86976365372539,5.799767642747611,1,6,14,6.159317870624363,5.2766176499426365,2,0.3170221223065085,0.5197401498654054,0.37414236727092404,0.5749571473640129,0.014767535481532352
site021,2010,36,72.86976365372539,5.799767642747611,1,6,14,6.159317870624363,5.2766176499426365,2,0.3170221223065085,0.5197401498654054,0.37414236727092404,0.39048119029269707,0.016908993779865537
site021,2010,36,72.86976365372539,5.799767642747611,1,6,14,6.159317870624363,5.2766176499426365,2,0.3170221223065085,0.5197401498654054,0.37414236727092404,0.3947091153948055,0.015438173025984788
site021,2010,36,72.86976365372539,5.799767642747611,1,6,14,6.159317870624363,5.2766176499426365,2,0.3170221223065085,0.5197401498654054,0.37414236727092404,0.5547895784324046,0.02630990223172175
site021,2011,11,84.99622147530317,25.87638715095818,0,1,12,7.177408947609365,8.634363575838506,1,0.652244438729002,0.4711971626914352,0.6301182644673782,0.38649115833427916,0.01796304528950013
site021,2011,11,84.99622147530317,25.87638715095818,0,1,12,7.177408947609365,8.634363575838506,1,0.652244438729002,0.4711971626914352,0.6301182644673782,0.5749571473640129,0.014767535481532352
site021,2011,11,84.99622147530317,25.87638715095818,0,1,12,7.177408947609365,8.634363575838506,1,0.652244438729002,0.4711971626914352,0.6301182644673782,0.39048119029269707,0.016908993779865537
site021,2011,11,84.99622147530317,25.87638715095818,0,1,12,7.177408947609365,8.634363575838506,1,0.652244438729002,0.4711971626914352,0.6301182644673782,0.3947091153948055,0.015438173025984788
site021,2011,11,84.99622147530317,25.87638715095818,0,1,12,7.177408947609365,8.634363575838506,1,0.652244438729002,0.4711971626914352,0.6301182644673782,0.5547895784324046,0.02630990223172175
site021,2012,12,77.60967398062348,5.540005021495745,1,4,15,13.188733509276062,6.331455917097628,1,0.557459712714973,0.5464206731608126,0.5738701408176351,0.38649115833427916,0.01796304528950013
site021,2012,12,77.60967398062348,5.540005021495745,1,4,15,13.188733509276062,6.331455917097628,1,0.557459712714973,0.5464206731608126,0.5738701408176351,0.5749571473640129,0.014767535481532352
site021,2012,12,77.60967398062348,5.540005021495745,1,4,15,13.188733509276062,6.331455917097628,1,0.557459712714973,0.5464206731608126,0.5738701408176351,0.39048119029269707,0.016908993779865537
site021,2012,12,77.60967398062348,5.540005021495745,1,4,15,13.188733509276062,6.331455917097628,1,0.557459712714973,0.5464206731608126,0.5738701408176351,0.3947091153948055,0.015438173025984788
site021,2012,12,77.60967398062348,5.540005021495745,1,4,15,13.188733509276062,6.331455917097628,1,0.557459712714973,0.5464206731608126,0.5738701408176351,0.5547895784324046,0.02630990223172175
site021,2013,41,92.0538120251149,3.561617377679795,0,8,13,6.723866993095726,6.65135693969205,2,0.03837042460937177,0.5137772915353115,0.0773443960672791,0.38649115833427916,0.01796304528950013
site021,2013,41,92.0538120251149,3.561617377679795,0,8,13,6.723866993095726,6.65135693969205,2,0.03837042460937177,0.5137772915353115,0.0773443960672791,0.5749571473640129,0.014767535481532352
site021,2013,41,92.0538120251149,3.561617377679795,0,8,13,6.723866993095726,6.65135693969205,2,0.03837042460937177,0.5137772915353115,0.0773443960672791,0.39048119029269707,0.016908993779865537
site021,2013,41,92.0538120251149,3.561617377679795,0,8,13,6.723866993095726,6.65135693969205,2,0.03837042460937177,0.5137772915353115,0.0773443960672791,0.3947091153948055,0.015438173025984788
site021,2013,41,92.0538120251149,3.561617377679795,0,8,13,6.723866993095726,6.65135693969205,2,0.03837042460937177,0.5137772915353115,0.0773443960672791,0.5547895784324046,0.02630990223172175
site021,2014,5,71.17135220207274,26.90911538526416,0,9,1,7.789584079291672,9.262500165496022,1,0.6571428986087707,0.44696611992408103,0.6043846658638613,0.38649115833427916,0.01796304528950013
site021,2014,5,71.17135220207274,26.90911538526416,0,9,1,7.789584079291672,9.262500165496022,1,0.6571428986087707,0.44696611992408103,0.6043846658638613,0.5749571473640129,0.014767535481532352
site021,2014,5,71.17135220207274,26.90911538526416,0,9,1,7.789584079291672,9.262500165496022,1,0.6571428986087707,0.44696611992408103,0.6043846658638613,0.39048119029269707,0.016908993779865537
site021,2014,5,71.17135220207274,26.90911538526416,0,9,1,7.789584079291672,9.262500165496022,1,0.6571428986087707,0.44696611992408103,0.6043846658638613,0.3947091153948055,0.015438173025984788
site021,2014,5,71.17135220207274,26.90911538526416,0,9,1,7.789584079291672,9.262500165496022,1,0.6571428986087707,0.44696611992408103,0.6043846658638613,0.5547895784324046,0.02630990223172175
site021,2015,41,82.82852773554623,9.717994743026791,0,9,9,8.051966707222164,5.027920544380322,2,0.06614592268154257,0.46199759404245894,0.09469473402329111,0.38649115833427916,0.01796304528950013
site021,2015,41,82.82852773554623,9.717994743026791,0,9,9,8.051966707222164,5.027920544380322,2,0.06614592268154257,0.46199759404245894,0.09469473402329111,0.5749571473640129,0.014767535481532352
site021,2015,41,82.82852773554623,9.717994743026791,0,9,9,8.051966707222164,5.027920544380322,2,0.06614592268154257,0.46199759404245894,0.09469473402329111,0.39048119029269707,0.016908993779865537
site021,2015,41,82.82852773554623,9.717994743026791,0,9,9,8.051966707222164,5.027920544380322,2,0.06614592268154257,0.46199759404245894,0.09469473402329111,0.3947091153948055,0.015438173025984788
site021,2015,41,82.82852773554623,9.717994743026791,0,9,9,8.051966707222164,5.027920544380322,2,0.06614592268154257,0.46199759404245894,0.09469473402329111,0.5547895784324046,0.02630990223172175
site021,2016,41,61.68512048199773,22.810513461008668,1,10,13,1.5539847072213888,7.166341706179082,2,0.34421924909683754,0.6184519970369139,0.3554749947423377,0.38649115833427916,0.01796304528950013
site021,2016,41,61.68512048199773,22.810513461008668,1,10,13,1.5539847072213888,7.166341706179082,2,0.34421924909683754,0.6184519970369139,0.3554749947423377,0.5749571473640129,0.014767535481532352
site021,2016,41,61.68512048199773,22.810513461008668,1,10,13,1.5539847072213888,7.166341706179082,2,0.34421924909683754,0.6184519970369139,0.3554749947423377,0.39048119029269707,0.016908993779865537
site021,2016,41,61.68512048199773,22.810513461008668,1,10,13,1.5539847072213888,7.166341706179082,2,0.34421924909683754,0.6184519970369139,0.3554749947423377,0.3947091153948055,0.015438173025984788
site021,2016,41,61.68512048199773,22.810513461008668,1,10,13,1.5539847072213888,7.166341706179082,2,0.34421924909683754,0.6184519970369139,0.3554749947423377,0.5547895784324046,0.02630990223172175
site021,2017,37,67.62869821861386,12.646592791890724,0,0,4,6.53397789504379,5.591899494174868,1,0.5307488027524818,0.26340650160131274,0.5242309509627484,0.38649115833427916,0.01796304528950013
site021,2017,37,67.62869821861386,12.646592791890724,0,0,4,6.53397789504379,5.591899494174868,1,0.5307488027524818,0.26340650160131274,0.5242309509627484,0.5749571473640129,0.014767535481532352
site021,2017,37,67.62869821861386,12.646592791890724,0,0,4,6.53397789504379,5.591899494174868,1,0.5307488027524818,0.26340650160131274,0.5242309509627484,0.39048119029269707,0.016908993779865537
site021,2017,37,67.62869821861386,12.646592791890724,0,0,4,6.53397789504379,5.591899494174868,1,0.5307488027524818,0.26340650160131274,0.5242309509627484,0.3947091153948055,0.015438173025984788
site021,2017,37,67.62869821861386,12.646592791890724,0,0,4,6.53397789504379,5.591899494174868,1,0.5307488027524818,0.26340650160131274,0.5242309509627484,0.5547895784324046,0.02630990223172175
site021,2018,47,89.0834588278085,14.008185076527296,1,5,2,7.443964269012213,7.518981144530699,3,0.419492871670353,0.5887417306397287,0.435347267645837,0.38649115833427916,0.01796304528950013
site021,2018,47,89.0834588278085,14.008185076527296,1,5,2,7.443964269012213,7.518981144530699,3,0.419492871670353,0.5887417306397287,0.435347267645837,0.5749571473640129,0.014767535481532352
site021,2018,47,89.0834588278085,14.008185076527296,1,5,2,7.443964269012213,7.518981144530699,3,0.419492871670353,0.5887417306397287,0.435347267645837,0.39048119029269707,0.016908993779865537
site021,2018,47,89.0834588278085,14.008185076527296,1,5,2,7.443964269012213,7.518981144530699,3,0.419492871670353,0.5887417306397287,0.435347267645837,0.3947091153948055,0.015438173025984788
site021,2018,47,89.0834588278085,14.008185076527296,1,5,2,7.443964269012213,7.518981144530699,3,0.419492871670353,0.5887417306397287,0.435347267645837,0.5547895784324046,0.02630990223172175
site021,2019,15,93.06760201230644,5.6305454259272665,1,7,4,8.797006797976792,9.879270392702892,3,0.5846694947407411,0.5979013908127806,0.5740546149909632,0.38649115833427916,0.01796304528950013
site021,2019,15,93.06760201230644,5.6305454259272665,1,7,4,8.797006797976792,9.879270392702892,3,0.5846694947407411,0.5979013908127806,0.5740546149909632,0.5749571473640129,0.014767535481532352
site021,2019,15,93.06760201230644,5.6305454259272665,1,7,4,8.797006797976792,9.879270392702892,3,0.5846694947407411,0.5979013908127806,0.5740546149909632,0.39048119029269707,0.016908993779865537
site021,2019,15,93.06760201230644,5.6305454259272665,1,7,4,8.797006797976792,9.879270392702892,3,0.5846694947407411,0.5979013908127806,0.5740546149909632,0.3947091153948055,0.015438173025984788
site021,2019,15,93.06760201230644,5.6305454259272665,1,7,4,8.797006797976792,9.879270392702892,3,0.5846694947407411,0.5979013908127806,0.5740546149909632,0.5547895784324046,0.02630990223172175
site021,2020,34,80.42884301394224,5.190959687111899,1,7,12,10.415977942291647,8.308743224479258,2,0.3940774169245038,0.6458255873436521,0.3737638669958573,0.38649115833427916,0.01796304528950013
site021,2020,34,80.42884301394224,5.190959687111899,1,7,12,10.415977942291647,8.308743224479258,2,0.3940774169245038,0.6458255873436521,0.3737638669958573,0.5749571473640129,0.014767535481532352
site021,2020,34,80.42884301394224,5.190959687111899,1,7,12,10.415977942291647,8.308743224479258,2,0.3940774169245038,0.6458255873436521,0.3737638669958573,0.39048119029269707,0.016908993779865537
site021,2020,34,80.42884301394224,5.190959687111899,1,7,12,10.415977942291647,8.308743224479258,2,0.3940774169245038,0.6458255873436521,0.3737638669958573,0.3947091153948055,0.015438173025984788
site021,2020,34,80.42884301394224,5.190959687111899,1,7,12,10.415977942291647,8.308743224479258,2,0.3940774169245038,0.6458255873436521,0.3737638669958573,0.5547895784324046,0.02630990223172175
site021,2021,35,82.70904663018882,5.32623136905022,1,1,12,10.551909622270614,9.420730082783848,3,0.6010523694605212,0.6101234679033235,0.5907085088877299,0.38649115833427916,0.01796304528950013
site021,2021,35,82.70904663018882,5.32623136905022,1,1,12,10.551909622270614,9.420730082783848,3,0.6010523694605212,0.6101234679033235,0.5907085088877299,0.5749571473640129,0.014767535481532352
site021,2021,35,82.70904663018882,5.32623136905022,1,1,12,10.551909622270614,9.420730082783848,3,0.6010523694605212,0.6101234679033235,0.5907085088877299,0.39048119029269707,0.016908993779865537
site021,2021,35,82.70904663018882,5.32623136905022,1,1,12,10.551909622270614,9.420730082783848,3,0.6010523694605212,0.6101234679033235,0.5907085088877299,0.3947091153948055,0.015438173025984788
site021,2021,35,82.70904663018882,5.32623136905022,1,1,12,10.551909622270614,9.420730082783848,3,0.6010523694605212,0.6101234679033235,0.5907085088877299,0.5547895784324046,0.02630990223172175
site021,2022,26,60.04623278975487,15.918593535665424,1,6,14,13.469203280750662,8.673080179141834,1,0.6271803630720264,0.6492129636805071,0.5458221192139519,0.38649115833427916,0.01796304528950013
site021,2022,26,60.04623278975487,15.918593535665424,1,6,14,13.469203280750662,8.673080179141834,1,0.6271803630720264,0.6492129636805071,0.5458221192139519,0.5749571473640129,0.014767535481532352
site021,2022,26,60.04623278975487,15.918593535665424,1,6,14,13.469203280750662,8.673080179141834,1,0.6271803630720264,0.6492129636805071,0.5458221192139519,0.39048119029269707,0.016908993779865537
site021,2022,26,60.04623278975487,15.918593535665424,1,6,14,13.469203280750662,8.673080179141834,1,0.6271803630720264,0.6492129636805071,0.5458221192139519,0.3947091153948055,0.015438173025984788
site021,2022,26,60.04623278975487,15.918593535665424,1,6,14,13.469203280750662,8.673080179141834,1,0.6271803630720264,0.6492129636805071,0.5458221192139519,0.5547895784324046,0.02630990223172175
site022,2008,26,65.75112412683666,15.291991881793365,1,7,5,10.3245191834867,7.526378878392279,1,0.6053291268393507,0.544855847454727,0.567240470214014,0.2147011599935817,0.02030572769622603
site022,2009,34,94.63868332095444,18.87394028762355,0,7,0,8.336083811242133,9.430690607987344,3,0.3888894234202816,0.5339327824566763,0.36257227504487494,0.2147011599935817,0.02030572769622603
site022,2010,22,63.302442422136664,13.975263830041513,0,9,9,5.354393159970641,7.477045539999381,2,0.39145417244871267,0.4088937417413783,0.4088472980666074,0.2147011599935817,0.02030572769622603
site022,2011,2,69.78282728232443,2.6146247412543744,1,7,6,1.3665990270674229,8.900550869293511,3,0.7118375035326571,0.4047942457682398,0.6964216092894913,0.2147011599935817,0.02030572769622603
site022,2012,30,99.2617262993008,1.1564929767046124,0,10,1,2.820581539068371,7.533826031722128,3,0.1433855039192044,0.41042990307269406,0.20132559383548243,0.2147011599935817,0.02030572769622603
site022,2013,47,83.10325117781758,7.433191832853481,0,4,8,8.02698618825525,5.4208424827083945,2,0.19573952529656585,0.406750853546358,0.2339447990418641,0.2147011599935817,0.02030572769622603
site022,2014,1,69.94905457831919,25.67793349479325,0,3,10,8.152933986391872,7.738529072375968,1,0.7287655189267475,0.39290633653076174,0.7331861225613125,0.2147011599935817,0.02030572769622603
site022,2015,46,84.59815815091133,8.753039977513254,0,9,3,2.6131188650615513,6.792582555208355,2,0.12777610555281502,0.421149841191088,0.14634807675372058,0.2147011599935817,0.02030572769622603
site022,2016,22,61.270292829722166,18.35940792434849,1,8,1,4.585873322561383,7.691109136212617,1,0.6666331517725247,0.46579492945587514,0.6111313328212021,0.2147011599935817,0.02030572769622603
site022,2017,2,65.8569417707622,18.649391219951212,0,7,14,3.303084664978087,8.093938688980415,1,0.5543624339815006,0.40079432697007067,0.5572073590306325,0.2147011599935817,0.02030572769622603
site022,2018,8,88.12291895970702,29.7725947718136,1,5,9,4.911548444069922,6.235868880758062,1,0.6164469653995074,0.5598969455336562,0.6265386174327394,0.2147011599935817,0.02030572769622603
site022,2019,38,62.62242834083736,6.544508863473311,0,10,6,3.13547186832875,7.282847841270268,2,0.24931367272049645,0.377280553052972,0.2771157235657979,0.2147011599935817,0.02030572769622603
site022,2020,29,84.87228249199688,22.84832695359364,1,7,2,7.004712185822427,5.510684791952372,2,0.45926727238019305,0.5395742823601383,0.43200842764712144,0.2147011599935817,0.02030572769622603
site022,2021,30,97.49309461563826,8.029232777189463,0,3,7,3.969111892860383,5.073298480128869,3,0.25066565232105725,0.34584267608759955,0.30828289216800236,0.2147011599935817,0.02030572769622603
site022,2022,29,63.515784591436386,10.496114380657673,1,9,12,2.0919388066977262,5.481800098204985,2,0.3540243850503568,0.48268629830551296,0.3640857973210768,0.2147011599935817,0.02030572769622603
site023,2008,8,98.91214037314056,1.1025293455459175,0,2,2,13.211609748657793,6.120955776423216,3,0.5076218290691497,0.3204906372409129,0.5279315183456696,0.5603564562766684,0.020767332228827096
site023,2008,8,98.91214037314056,1.1025293455459175,0,2,2,13.211609748657793,6.120955776423216,3,0.5076218290691497,0.3204906372409129,0.5279315183456696,0.5401075408769623,0.019708145104240547
site023,2008,8,98.91214037314056,1.1025293455459175,0,2,2,13.211609748657793,6.120955776423216,3,0.5076218290691497,0.3204906372409129,0.5279315183456696,0.4491818751396811,0.01662370643921107
site023,2008,8,98.91214037314056,1.1025293455459175,0,2,2,13.211609748657793,6.120955776423216,3,0.5076218290691497,0.3204906372409129,0.5279315183456696,0.5645408850073624,0.027223352724047654
site023,2009,35,61.04042842052877,29.92530016438104,1,4,4,3.998484983574599,5.722323681693524,1,0.6456925083023624,0.4680461217075568,0.5578006971463119,0.5603564562766684,0.020767332228827096
site023,2009,35,61.04042842052877,29.92530016438104,1,4,4,3.998484983574599,5.722323681693524,1,0.6456925083023624,0.4680461217075568,0.5578006971463119,0.5401075408769623,0.019708145104240547
site023,2009,35,61.04042842052877,29.92530016438104,1,4,4,3.998484983574599,5.722323681693524,1,0.6456925083023624,0.4680461217075568,0.5578006971463119,0.4491818751396811,0.01662370643921107
site023,2009,35,61.04042842052877,29.92530016438104,1,4,4,3.998484983574599,5.722323681693524,1,0.6456925083023624,0.4680461217075568,0.5578006971463119,0.5645408850073624,0.027223352724047654
site023,2010,33,89.00911808013916,13.703725626925008,1,0,14,3.839724433142692,9.224200411699712,3,0.5955797140082323,0.5999906325690672,0.558098028921339,0.5603564562766684,0.020767332228827096
site023,2010,33,89.00911808013916,13.703725626925008,1,0,14,3.839724433142692,9.224200411699712,3,0.5955797140082323,0.5999906325690672,0.558098028921339,0.5401075408769623,0.019708145104240547
site023,2010,33,89.00911808013916,13.703725626925008,1,0,14,3.839724433142692,9.224200411699712,3,0.5955797140082323,0.5999906325690672,0.558098028921339,0.4491818751396811,0.01662370643921107
site023,2010,33,89.00911808013916,13.703725626925008,1,0,14,3.839724433142692,9.224200411699712,3,0.5955797140082323,0.5999906325690672,0.558098028921339,0.5645408850073624,0.027223352724047654
site023,2011,21,78.14825566485524,29.93297360255383,1,1,2,5.431754264514893,7.076959336409345,1,0.810517851165545,0.47928150464634356,0.7937489827960618,0.5603564562766684,0.020767332228827096
site023,2011,21,78.14825566485524,29.93297360255383,1,1,2,5.431754264514893,7.076959336409345,1,0.810517851165545,0.47928150464634356,0.7937489827960618,0.5401075408769623,0.019708145104240547
site023,2011,21,78.14825566485524,29.93297360255383,1,1,2,5.431754264514893,7.076959336409345,1,0.810517851165545,0.47928150464634356,0.7937489827960618,0.4491818751396811,0.01662370643921107
site023,2011,21,78.14825566485524,29.93297360255383,1,1,2,5.431754264514893,7.076959336409345,1,0.810517851165545,0.47928150464634356,0.7937489827960618,0.5645408850073624,0.027223352724047654
site023,2012,43,82.64729619957507,6.7048559053801,1,5,5,5.624312369618565,7.813950916752219,3,0.4302384246137774,0.5430058033532261,0.4456610569814059,0.5603564562766684,0.020767332228827096
site023,2012,43,82.64729619957507,6.7048559053801,1,5,5,5.624312369618565,7.813950916752219,3,0.4302384246137774,0.5430058033532261,0.4456610569814059,0.5401075408769623,0.019708145104240547
site023,2012,43,82.64729619957507,6.7048559053801,1,5,5,5.624312369618565,7.813950916752219,3,0.4302384246137774,0.5430058033532261,0.4456610569814059,0.4491818751396811,0.01662370643921107
site023,2012,43,82.64729619957507,6.7048559053801,1,5,5,5.624312369618565,7.813950916752219,3,0.4302384246137774,0.5430058033532261,0.4456610569814059,0.5645408850073624,0.027223352724047654
site023,2013,40,94.9092418514192,4.232827076688409,0,2,6,11.769213376101106,7.928529741475359,3,0.3471331883422829,0.46714915063890694,0.36525674511548606,0.5603564562766684,0.020767332228827096
site023,2013,40,94.9092418514192,4.232827076688409,0,2,6,11.769213376101106,7.928529741475359,3,0.3471331883422829,0.46714915063890694,0.36525674511548606,0.5401075408769623,0.019708145104240547
site023,2013,40,94.9092418514192,4.232827076688409,0,2,6,11.769213376101106,7.928529741475359,3,0.3471331883422829,0.46714915063890694,0.36525674511548606,0.4491818751396811,0.01662370643921107
site023,2013,40,94.9092418514192,4.232827076688409,0,2,6,11.769213376101106,7.928529741475359,3,0.3471331883422829,0.46714915063890694,0.36525674511548606,0.5645408850073624,0.027223352724047654
site023,2014,27,82.18252718448639,8.271357065765187,0,1,11,9.022858369164169,5.352173977298662,1,0.3993730040633753,0.3522328132671064,0.45807996795040673,0.5603564562766684,0.020767332228827096
site023,2014,27,82.18252718448639,8.271357065765187,0,1,11,9.022858369164169,5.352173977298662,1,0.3993730040633753,0.3522328132671064,0.45807996795040673,0.5401075408769623,0.019708145104240547
site023,2014,27,82.18252718448639,8.271357065765187,0,1,11,9.022858369164169,5.352173977298662,1,0.3993730040633753,0.3522328132671064,0.45807996795040673,0.4491818751396811,0.01662370643921107
site023,2014,27,82.18252718448639,8.271357065765187,0,1,11,9.022858369164169,5.352173977298662,1,0.3993730040633753,0.3522328132671064,0.45807996795040673,0.5645408850073624,0.027223352724047654
site023,2015,28,89.50608829036355,20.733821489848197,1,7,15,3.269653088413179,8.852614957140759,2,0.4090014553130381,0.7008775014802661,0.3916425680550531,0.5603564562766684,0.020767332228827096
site023,2015,28,89.50608829036355,20.733821489848197,1,7,15,3.269653088413179,8.852614957140759,2,0.4090014553130381,0.7008775014802661,0.3916425680550531,0.5401075408769623,0.019708145104240547
site023,2015,28,89.50608829036355,20.733821489848197,1,7,15,3.269653088413179,8.852614957140759,2,0.4090014553130381,0.7008775014802661,0.3916425680550531,0.4491818751396811,0.01662370643921107
site023,2015,28,89.50608829036355,20.733821489848197,1,7,15,3.269653088413179,8.852614957140759,2,0.4090014553130381,0.7008775014802661,0.3916425680550531,0.5645408850073624,0.027223352724047654
site023,2016,42,84.9251664802432,17.740374605637044,1,9,4,12.387165378779171,7.927386800292879,2,0.3716606535795621,0.7007311058174938,0.3773398124124756,0.5603564562766684,0.020767332228827096
site023,2016,42,84.9251664802432,17.740374605637044,1,9,4,12.387165378779171,7.927386800292879,2,0.3716606535795621,0.7007311058174938,0.3773398124124756,0.5401075408769623,0.019708145104240547
site023,2016,42,84.9251664802432,17.740374605637044,1,9,4,12.387165378779171,7.927386800292879,2,0.3716606535795621,0.7007311058174938,0.3773398124124756,0.4491818751396811,0.01662370643921107
site023,2016,42,84.9251664802432,17.740374605637044,1,9,4,12.387165378779171,7.927386800292879,2,0.3716606535795621,0.7007311058174938,0.3773398124124756,0.5645408850073624,0.027223352724047654
site023,2017,38,72.44113623164594,13.07407159009017,1,0,7,13.907550842966884,8.862456243950874,1,0.7351292249935818,0.5810490551601976,0.6900871691102515,0.5603564562766684,0.020767332228827096
site023,2017,38,72.44113623164594,13.07407159009017,1,0,7,13.907550842966884,8.862456243950874,1,0.7351292249935818,0.5810490551601976,0.6900871691102515,0.5401075408769623,0.019708145104240547
site023,2017,38,72.44113623164594,13.07407159009017,1,0,7,13.907550842966884,8.862456243950874,1,0.7351292249935818,0.5810490551601976,0.6900871691102515,0.4491818751396811,0.01662370643921107
site023,2017,38,72.44113623164594,13.07407159009017,1,0,7,13.907550842966884,8.862456243950874,1,0.7351292249935818,0.5810490551601976,0.6900871691102515,0.5645408850073624,0.027223352724047654
site023,2018,44,75.68785938434303,22.14625606359914,0,9,15,4.534724065102637,7.184748352738097,2,0.1342124137829435,0.5733395054299597,0.17606475698357124,0.5603564562766684,0.020767332228827096
site023,2018,44,75.68785938434303,22.14625606359914,0,9,15,4.534724065102637,7.184748352738097,2,0.1342124137829435,0.5733395054299597,0.17606475698357124,0.5401075408769623,0.019708145104240547
site023,2018,44,75.68785938434303,22.14625606359914,0,9,15,4.534724065102637,7.184748352738097,2,0.1342124137829435,0.5733395054299597,0.17606475698357124,0.4491818751396811,0.01662370643921107
site023,2018,44,75.68785938434303,22.14625606359914,0,9,15,4.534724065102637,7.184748352738097,2,0.1342124137829435,0.5733395054299597,0.17606475698357124,0.5645408850073624,0.027223352724047654
site023,2019,36,68.08349821716547,17.651502257445827,1,5,7,11.520058655180035,8.158188795205206,1,0.6018991871514159,0.6056134952967722,0.5729297391252213,0.5603564562766684,0.020767332228827096
site023,2019,36,68.08349821716547,17.651502257445827,1,5,7,11.520058655180035,8.158188795205206,1,0.6018991871514159,0.6056134952967722,0.5729297391252213,0.5401075408769623,0.019708145104240547
site023,2019,36,68.08349821716547,17.651502257445827,1,5,7,11.520058655180035,8.158188795205206,1,0.6018991871514159,0.6056134952967722,0.5729297391252213,0.4491818751396811,0.01662370643921107
site023,2019,36,68.08349821716547,17.651502257445827,1,5,7,11.520058655180035,8.158188795205206,1,0.6018991871514159,0.6056134952967722,0.5729297391252213,0.5645408850073624,0.027223352724047654
site023,2020,42,94.11121558398008,17.751419321168214,0,7,2,3.8607397470623255,8.745808185776696,3,0.2784637590478744,0.5066887719043832,0.26270803814967636,0.5603564562766684,0.020767332228827096
site023,2020,42,94.11121558398008,17.751419321168214,0,7,2,3.8607397470623255,8.745808185776696,3,0.2784637590478744,0.5066887719043832,0.26270803814967636,0.5401075408769623,0.019708145104240547
site023,2020,42,94.11121558398008,17.751419321168214,0,7,2,3.8607397470623255,8.745808185776696,3,0.2784637590478744,0.5066887719043832,0.26270803814967636,0.4491818751396811,0.01662370643921107
site023,2020,42,94.11121558398008,17.751419321168214,0,7,2,3.8607397470623255,8.745808185776696,3,0.2784637590478744,0.5066887719043832,0.26270803814967636,0.5645408850073624,0.027223352724047654
site023,2021,32,84.2732060328126,18.109974695602432,0,10,9,12.609406542498618,8.473900585668162,2,0.24959035105616473,0.620144427552384,0.2539293551784675,0.5603564562766684,0.020767332228827096
site023,2021,32,84.2732060328126,18.109974695602432,0,10,9,12.609406542498618,8.473900585668162,2,0.24959035105616473,0.620144427552384,0.2539293551784675,0.5401075408769623,0.019708145104240547
site023,2021,32,84.2732060328126,18.109974695602432,0,10,9,12.609406542498618,8.473900585668162,2,0.24959035105616473,0.620144427552384,0.2539293551784675,0.4491818751396811,0.01662370643921107
site023,2021,32,84.2732060328126,18.109974695602432,0,10,9,12.609406542498618,8.473900585668162,2,0.24959035105616473,0.620144427552384,0.2539293551784675,0.5645408850073624,0.027223352724047654
site023,2022,18,90.24392055347562,7.464921862352639,0,4,0,5.22820119606331,9.912110369186848,3,0.5801324811387915,0.377399326660439,0.6002427261063652,0.5603564562766684,0.020767332228827096
site023,2022,18,90.24392055347562,7.464921862352639,0,4,0,5.22820119606331,9.912110369186848,3,0.5801324811387915,0.377399326660439,0.6002427261063652,0.5401075408769623,0.019708145104240547
site023,2022,18,90.24392055347562,7.464921862352639,0,4,0,5.22820119606331,9.912110369186848,3,0.5801324811387915,0.377399326660439,0.6002427261063652,0.4491818751396811,0.01662370643921107
site023,2022,18,90.24392055347562,7.464921862352639,0,4,0,5.22820119606331,9.912110369186848,3,0.5801324811387915,0.377399326660439,0.6002427261063652,0.5645408850073624,0.027223352724047654
site024,2008,11,82.50067234970629,4.001276660244912,0,8,3,11.732520387507977,6.402524170698598,3,0.39645067094959524,0.36625386867247717,0.39687076181628916,0.4073391722629325,0.01919337706796986
site024,2008,11,82.50067234970629,4.001276660244912,0,8,3,11.732520387507977,6.402524170698598,3,0.39645067094959524,0.36625386867247717,0.39687076181628916,0.4570205345599775,0.02052244364161412
site024,2008,11,82.50067234970629,4.001276660244912,0,8,3,11.732520387507977,6.402524170698598,3,0.39645067094959524,0.36625386867247717,0.39687076181628916,0.5977597593895054,0.01399076198373086
site024,2008,11,82.50067234970629,4.001276660244912,0,8,3,11.732520387507977,6.402524170698598,3,0.39645067094959524,0.36625386867247717,0.39687076181628916,0.24354025126150494,0.022847719851224264
site024,2009,33,71.03596051223576,22.35867478116415,0,8,3,2.689170074649155,5.323861530050635,2,0.31521491803147017,0.3564906109672819,0.2972698327264639,0.4073391722629325,0.01919337706796986
site024,2009,33,71.03596051223576,22.35867478116415,0,8,3,2.689170074649155,5.323861530050635,2,0.31521491803147017,0.3564906109672819,0.2972698327264639,0.4570205345599775,0.02052244364161412
site024,2009,33,71.03596051223576,22.35867478116415,0,8,3,2.689170074649155,5.323861530050635,2,0.31521491803147017,0.3564906109672819,0.2972698327264639,0.5977597593895054,0.01399076198373086
site024,2009,33,71.03596051223576,22.35867478116415,0,8,3,2.689170074649155,5.323861530050635,2,0.31521491803147017,0.3564906109672819,0.2972698327264639,0.24354025126150494,0.022847719851224264
site024,2010,20,89.42233614623547,18.7597089309711,1,1,10,12.82511929841712,7.124610630562529,1,0.6574523253215809,0.5980510078349036,0.6636345349671018,0.4073391722629325,0.01919337706796986
site024,2010,20,89.42233614623547,18.7597089309711,1,1,10,12.82511929841712,7.124610630562529,1,0.6574523253215809,0.5980510078349036,0.6636345349671018,0.4570205345599775,0.02052244364161412
site024,2010,20,89.42233614623547,18.7597089309711,1,1,10,12.82511929841712,7.124610630562529,1,0.6574523253215809,0.5980510078349036,0.6636345349671018,0.5977597593895054,0.01399076198373086
site024,2010,20,89.42233614623547,18.7597089309711,1,1,10,12.82511929841712,7.124610630562529,1,0.6574523253215809,0.5980510078349036,0.6636345349671018,0.24354025126150494,0.022847719851224264
site024,2011,16,81.97119175456464,28.585158455185592,0,7,14,12.497112662065774,6.533785541541874,2,0.3794101246133093,0.5728453311167758,0.3954496409187083,0.4073391722629325,0.01919337706796986
site024,2011,16,81.97119175456464,28.585158455185592,0,7,14,12.497112662065774,6.533785541541874,2,0.3794101246133093,0.5728453311167758,0.3954496409187083,0.4570205345599775,0.02052244364161412
site024,2011,16,81.97119175456464,28.585158455185592,0,7,14,12.497112662065774,6.533785541541874,2,0.3794101246133093,0.5728453311167758,0.3954496409187083,0.5977597593895054,0.01399076198373086
site024,2011,16,81.97119175456464,28.585158455185592,0,7,14,12.497112662065774,6.533785541541874,2,0.3794101246133093,0.5728453311167758,0.3954496409187083,0.24354025126150494,0.022847719851224264
site024,2012,11,73.84508175775409,28.836400102591146,0,5,3,12.954457303043457,7.146084817359224,1,0.6533459978422201,0.43878008159929915,0.6639776473924921,0.4073391722629325,0.01919337706796986
site024,2012,11,73.84508175775409,28.836400102591146,0,5,3,12.954457303043457,7.146084817359224,1,0.6533459978422201,0.43878008159929915,0.6639776473924921,0.4570205345599775,0.02052244364161412
site024,2012,11,73.84508175775409,28.836400102591146,0,5,3,12.954457303043457,7.146084817359224,1,0.6533459978422201,0.43878008159929915,0.6639776473924921,0.5977597593895054,0.01399076198373086
site024,2012,11,73.84508175775409,28.836400102591146,0,5,3,12.954457303043457,7.146084817359224,1,0.6533459978422201,0.43878008159929915,0.6639776473924921,0.24354025126150494,0.022847719851224264
site024,2013,29,80.59862539172173,22.60024545248598,1,5,8,1.2037883712910116,7.224093682598323,2,0.5273545510167906,0.5408737432345125,0.5082979351242674,0.4073391722629325,0.01919337706796986
site024,2013,29,80.59862539172173,22.60024545248598,1,5,8,1.2037883712910116,7.224093682598323,2,0.5273545510167906,0.5408737432345125,0.5082979351242674,0.4570205345599775,0.02052244364161412
site024,2013,29,80.59862539172173,22.60024545248598,1,5,8,1.2037883712910116,7.224093682598323,2,0.5273545510167906,0.5408737432345125,0.5082979351242674,0.5977597593895054,0.01399076198373086
site024,2013,29,80.59862539172173,22.60024545248598,1,5,8,1.2037883712910116,7.224093682598323,2,0.5273545510167906,0.5408737432345125,0.5082979351242674,0.24354025126150494,0.022847719851224264
site024,2014,34,92.63071790337564,13.610074224648995,1,4,4,1.5309651517309248,8.247560157906264,3,0.5054954177552505,0.5348632046655472,0.4952145802384401,0.4073391722629325,0.01919337706796986
site024,2014,34,92.63071790337564,13.610074224648995,1,4,4,1.5309651517309248,8.247560157906264,3,0.5054954177552505,0.5348632046655472,0.4952145802384401,0.4570205345599775,0.02052244364161412
site024,2014,34,92.63071790337564,13.610074224648995,1,4,4,1.5309651517309248,8.247560157906264,3,0.5054954177552505,0.5348632046655472,0.4952145802384401,0.5977597593895054,0.01399076198373086
site024,2014,34,92.63071790337564,13.610074224648995,1,4,4,1.5309651517309248,8.247560157906264,3,0.5054954177552505,0.5348632046655472,0.4952145802384401,0.24354025126150494,0.022847719851224264
site024,2015,29,81.05090277269483,6.068478982662782,0,1,6,5.183991535566747,5.081656778929755,1,0.41516017288086443,0.2611903196096173,0.45242581005098276,0.4073391722629325,0.01919337706796986
site024,2015,29,81.05090277269483,6.068478982662782,0,1,6,5.183991535566747,5.081656778929755,1,0.41516017288086443,0.2611903196096173,0.45242581005098276,0.4570205345599775,0.02052244364161412
site024,2015,29,81.05090277269483,6.068478982662782,0,1,6,5.183991535566747,5.081656778929755,1,0.41516017288086443,0.2611903196096173,0.45242581005098276,0.5977597593895054,0.01399076198373086
site024,2015,29,81.05090277269483,6.068478982662782,0,1,6,5.183991535566747,5.081656778929755,1,0.41516017288086443,0.2611903196096173,0.45242581005098276,0.24354025126150494,0.022847719851224264
site024,2016,24,68.12160199508071,13.623353996314108,0,7,4,5.573667054064572,6.1650733556598425,2,0.41804844730411583,0.32989831521637136,0.39948919325327764,0.4073391722629325,0.01919337706796986
site024,2016,24,68.12160199508071,13.623353996314108,0,7,4,5.573667054064572,6.1650733556598425,2,0.41804844730411583,0.32989831521637136,0.39948919325327764,0.4570205345599775,0.02052244364161412
site024,2016,24,68.12160199508071,13.623353996314108,0,7,4,5.573667054064572,6.1650733556598425,2,0.41804844730411583,0.32989831521637136,0.39948919325327764,0.5977597593895054,0.01399076198373086
site024,2016,24,68.12160199508071,13.623353996314108,0,7,4,5.573667054064572,6.1650733556598425,2,0.41804844730411583,0.32989831521637136,0.39948919325327764,0.24354025126150494,0.022847719851224264
site024,2017,49,93.92430721782148,23.11128744506277,1,3,0,2.0468158796429634,7.43773523485288,3,0.4769793526435493,0.5560624713466799,0.4803756054067557,0.4073391722629325,0.01919337706796986
site024,2017,49,93.92430721782148,23.11128744506277,1,3,0,2.0468158796429634,7.43773523485288,3,0.4769793526435493,0.5560624713466799,0.4803756054067557,0.4570205345599775,0.02052244364161412
site024,2017,49,93.92430721782148,23.11128744506277,1,3,0,2.0468158796429634,7.43773523485288,3,0.4769793526435493,0.5560624713466799,0.4803756054067557,0.5977597593895054,0.01399076198373086
site024,2017,49,93.92430721782148,23.11128744506277,1,3,0,2.0468158796429634,7.43773523485288,3,0.4769793526435493,0.5560624713466799,0.4803756054067557,0.24354025126150494,0.022847719851224264
site024,2018,46,74.81976860202849,27.651850020280108,1,3,3,10.913150722160935,9.444222347810864,1,0.6802479813271817,0.6634091404501801,0.6020478975737292,0.4073391722629325,0.01919337706796986
site024,2018,46,74.81976860202849,27.651850020280108,1,3,3,10.913150722160935,9.444222347810864,1,0.6802479813271817,0.6634091404501801,0.6020478975737292,0.4570205345599775,0.02052244364161412
site024,2018,46,74.81976860202849,27.651850020280108,1,3,3,10.913150722160935,9.444222347810864,1,0.6802479813271817,0.6634091404501801,0.6020478975737292,0.5977597593895054,0.01399076198373086
site024,2018,46,74.81976860202849,27.651850020280108,1,3,3,10.913150722160935,9.444222347810864,1,0.6802479813271817,0.6634091404501801,0.6020478975737292,0.24354025126150494,0.022847719851224264
site024,2019,2,72.13300683535635,27.294229904655367,1,3,1,1.3526093675754964,6.382670084713027,1,0.8725326114628005,0.36412404885623095,0.8460016207744069,0.4073391722629325,0.01919337706796986
site024,2019,2,72.13300683535635,27.294229904655367,1,3,1,1.3526093675754964,6.382670084713027,1,0.8725326114628005,0.36412404885623095,0.8460016207744069,0.4570205345599775,0.02052244364161412
site024,2019,2,72.13300683535635,27.294229904655367,1,3,1,1.3526093675754964,6.382670084713027,1,0.8725326114628005,0.36412404885623095,0.8460016207744069,0.5977597593895054,0.01399076198373086
site024,2019,2,72.13300683535635,27.294229904655367,1,3,1,1.3526093675754964,6.382670084713027,1,0.8725326114628005,0.36412404885623095,0.8460016207744069,0.24354025126150494,0.022847719851224264
site024,2020,50,90.82388187758625,24.64987204084173,0,8,10,12.536846512928603,6.499072937294841,2,0.10036886266698787,0.6471746832385412,0.11396258569727392,0.4073391722629325,0.01919337706796986
site024,2020,50,90.82388187758625,24.64987204084173,0,8,10,12.536846512928603,6.499072937294841,2,0.10036886266698787,0.6471746832385412,0.11396258569727392,0.4570205345599775,0.02052244364161412
site024,2020,50,90.82388187758625,24.64987204084173,0,8,10,12.536846512928603,6.499072937294841,2,0.10036886266698787,0.6471746832385412,0.11396258569727392,0.5977597593895054,0.01399076198373086
site024,2020,50,90.82388187758625,24.64987204084173,0,8,10,12.536846512928603,6.499072937294841,2,0.10036886266698787,0.6471746832385412,0.11396258569727392,0.24354025126150494,0.022847719851224264
site024,2021,17,89.33794219978154,6.792835337109864,1,10,0,8.160039602778852,9.936555484309793,3,0.5433302814163643,0.5961318784646427,0.5549110573150687,0.4073391722629325,0.01919337706796986
site024,2021,17,89.33794219978154,6.792835337109864,1,10,0,8.160039602778852,9.936555484309793,3,0.5433302814163643,0.5961318784646427,0.5549110573150687,0.4570205345599775,0.02052244364161412
site024,2021,17,89.33794219978154,6.792835337109864,1,10,0,8.160039602778852,9.936555484309793,3,0.5433302814163643,0.5961318784646427,0.5549110573150687,0.5977597593895054,0.01399076198373086
site024,2021,17,89.33794219978154,6.792835337109864,1,10,0,8.160039602778852,9.936555484309793,3,0.5433302814163643,0.5961318784646427,0.5549110573150687,0.24354025126150494,0.022847719851224264
site024,2022,31,93.55623993091284,2.439141974318773,0,7,12,11.733907310757786,7.32027257210575,3,0.17066664405961654,0.5295967204133545,0.2120573140197891,0.4073391722629325,0.01919337706796986
site024,2022,31,93.55623993091284,2.439141974318773,0,7,12,11.733907310757786,7.32027257210575,3,0.17066664405961654,0.5295967204133545,0.2120573140197891,0.4570205345599775,0.02052244364161412
site024,2022,31,93.55623993091284,2.439141974318773,0,7,12,11.733907310757786,7.32027257210575,3,0.17066664405961654,0.5295967204133545,0.2120573140197891,0.5977597593895054,0.01399076198373086
site024,2022,31,93.55623993091284,2.439141974318773,0,7,12,11.733907310757786,7.32027257210575,3,0.17066664405961654,0.5295967204133545,0.2120573140197891,0.24354025126150494,0.022847719851224264
site025,2008,16,82.76195369660854,14.889507242944092,0,9,14,14.132063013035804,5.008807788835838,2,0.2157545623239658,0.5175405529000877,0.2641831300781697,0.5344051961476991,0.018023953135312135
site025,2008,16,82.76195369660854,14.889507242944092,0,9,14,14.132063013035804,5.008807788835838,2,0.2157545623239658,0.5175405529000877,0.2641831300781697,0.583817122012438,0.02064368370802323
site025,2008,16,82.76195369660854,14.889507242944092,0,9,14,14.132063013035804,5.008807788835838,2,0.2157545623239658,0.5175405529000877,0.2641831300781697,0.44098066079672105,0.015768498165663305
site025,2009,37,61.0512335319072,18.121407696744427,0,3,9,8.587454036809504,5.300095698330551,2,0.4373991061377725,0.35684181084076294,0.4594751076048524,0.5344051961476991,0.018023953135312135
site025,2009,37,61.0512335319072,18.121407696744427,0,3,9,8.587454036809504,5.300095698330551,2,0.4373991061377725,0.35684181084076294,0.4594751076048524,0.583817122012438,0.02064368370802323
site025,2009,37,61.0512335319072,18.121407696744427,0,3,9,8.587454036809504,5.300095698330551,2,0.4373991061377725,0.35684181084076294,0.4594751076048524,0.44098066079672105,0.015768498165663305
site025,2010,41,79.44508912973106,3.801986838923767,0,0,15,14.285128737334162,9.658268553903326,3,0.4612365519421836,0.5353306023761366,0.47398467857936083,0.5344051961476991,0.018023953135312135
site025,2010,41,79.44508912973106,3.801986838923767,0,0,15,14.285128737334162,9.658268553903326,3,0.4612365519421836,0.5353306023761366,0.47398467857936083,0.583817122012438,0.02064368370802323
site025,2010,41,79.44508912973106,3.801986838923767,0,0,15,14.285128737334162,9.658268553903326,3,0.4612365519421836,0.5353306023761366,0.47398467857936083,0.44098066079672105,0.015768498165663305
site025,2011,39,81.70724131166935,28.57581681222655,1,10,1,5.437225336674601,7.363610926549882,2,0.4079996114294072,0.6409424715449024,0.38535200270916575,0.5344051961476991,0.018023953135312135
site025,2011,39,81.70724131166935,28.57581681222655,1,10,1,5.437225336674601,7.363610926549882,2,0.4079996114294072,0.6409424715449024,0.38535200270916575,0.583817122012438,0.02064368370802323
site025,2011,39,81.70724131166935,28.57581681222655,1,10,1,5.437225336674601,7.363610926549882,2,0.4079996114294072,0.6409424715449024,0.38535200270916575,0.44098066079672105,0.015768498165663305
site025,2012,41,93.46640467643738,5.719551019836217,1,1,3,5.015110929030925,9.216393444221469,3,0.5732307548898516,0.5305883693010212,0.5463408495564406,0.5344051961476991,0.018023953135312135
site025,2012,41,93.46640467643738,5.719551019836217,1,1,3,5.015110929030925,9.216393444221469,3,0.5732307548898516,0.5305883693010212,0.5463408495564406,0.583817122012438,0.02064368370802323
site025,2012,41,93.46640467643738,5.719551019836217,1,1,3,5.015110929030925,9.216393444221469,3,0.5732307548898516,0.5305883693010212,0.5463408495564406,0.44098066079672105,0.015768498165663305
site025,2013,31,89.14658152498305,27.723681615898386,0,7,3,14.557328748516738,9.15912237134762,3,0.44669288090325454,0.6216947867712718,0.39962683919116954,0.5344051961476991,0.018023953135312135
site025,2013,31,89.14658152498305,27.723681615898386,0,7,3,14.557328748516738,9.15912237134762,3,0.44669288090325454,0.6216947867712718,0.39962683919116954,0.583817122012438,0.02064368370802323
site025,2013,31,89.14658152498305,27.723681615898386,0,7,3,14.557328748516738,9.15912237134762,3,0.44669288090325454,0.6216947867712718,0.39962683919116954,0.44098066079672105,0.015768498165663305
site025,2014,25,82.20455227419734,4.705477111740038,0,5,9,4.400813557207584,8.844290772685781,3,0.40591870984630457,0.4111033085916172,0.4276773961466216,0.5344051961476991,0.018023953135312135
site025,2014,25,82.20455227419734,4.705477111740038,0,5,9,4.400813557207584,8.844290772685781,3,0.40591870984630457,0.4111033085916172,0.4276773961466216,0.583817122012438,0.02064368370802323
site025,2014,25,82.20455227419734,4.705477111740038,0,5,9,4.400813557207584,8.844290772685781,3,0.40591870984630457,0.4111033085916172,0.4276773961466216,0.44098066079672105,0.015768498165663305
site025,2015,12,62.93657589703798,20.219448124757037,1,6,15,12.19628442125395,8.017612476833165,1,0.6830471829960238,0.6223458954305264,0.6529710250837664,0.5344051961476991,0.018023953135312135
site025,2015,12,62.93657589703798,20.219448124757037,1,6,15,12.19628442125395,8.017612476833165,1,0.6830471829960238,0.6223458954305264,0.6529710250837664,0.583817122012438,0.02064368370802323
site025,2015,12,62.93657589703798,20.219448124757037,1,6,15,12.19628442125395,8.017612476833165,1,0.6830471829960238,0.6223458954305264,0.6529710250837664,0.44098066079672105,0.015768498165663305
site025,2016,19,65.46009196899831,23.737215895438567,1,1,1,5.132945696357638,7.791798945982009,1,0.9049912999718372,0.4146306132850934,0.8781149406720327,0.5344051961476991,0.018023953135312135
site025,2016,19,65.46009196899831,23.737215895438567,1,1,1,5.132945696357638,7.791798945982009,1,0.9049912999718372,0.4146306132850934,0.8781149406720327,0.583817122012438,0.02064368370802323
site025,2016,19,65.46009196899831,23.737215895438567,1,1,1,5.132945696357638,7.791798945982009,1,0.9049912999718372,0.4146306132850934,0.8781149406720327,0.44098066079672105,0.015768498165663305
site025,2017,37,87.38434785045683,23.173781692050397,0,9,15,10.754998431541026,7.627189122140408,2,0.1531814935779239,0.6639184026058892,0.17129298246271205,0.5344051961476991,0.018023953135312135
site025,2017,37,87.38434785045683,23.173781692050397,0,9,15,10.754998431541026,7.627189122140408,2,0.1531814935779239,0.6639184026058892,0.17129298246271205,0.583817122012438,0.02064368370802323
site025,2017,37,87.38434785045683,23.173781692050397,0,9,15,10.754998431541026,7.627189122140408,2,0.1531814935779239,0.6639184026058892,0.17129298246271205,0.44098066079672105,0.015768498165663305
site025,2018,19,63.984877448529005,20.504539005458355,0,3,11,11.656549557112156,6.193019998027012,1,0.568642419042025,0.3979725303826233,0.6018924399219743,0.5344051961476991,0.018023953135312135
site025,2018,19,63.984877448529005,20.504539005458355,0,3,11,11.656549557112156,6.193019998027012,1,0.568642419042025,0.3979725303826233,0.6018924399219743,0.583817122012438,0.02064368370802323
site025,2018,19,63.984877448529005,20.504539005458355,0,3,11,11.656549557112156,6.193019998027012,1,0.568642419042025,0.3979725303826233,0.6018924399219743,0.44098066079672105,0.015768498165663305
site025,2019,28,68.15143620595336,4.35431116912514,1,4,15,4.832224149722606,8.08133393758908,1,0.5371630666478512,0.5203647412628009,0.5353076942072008,0.5344051961476991,0.018023953135312135
site025,2019,28,68.15143620595336,4.35431116912514,1,4,15,4.832224149722606,8.08133393758908,1,0.5371630666478512,0.5203647412628009,0.5353076942072008,0.583817122012438,0.02064368370802323
site025,2019,28,68.15143620595336,4.35431116912514,1,4,15,4.832224149722606,8.08133393758908,1,0.5371630666478512,0.5203647412628009,0.5353076942072008,0.44098066079672105,0.015768498165663305
site025,2020,19,74.63920553214848,25.68774313852191,0,2,7,1.072913542855531,9.327784753404558,1,0.6819432661726312,0.3912674563688446,0.6876290636713971,0.5344051961476991,0.018023953135312135
site025,2020,19,74.63920553214848,25.68774313852191,0,2,7,1.072913542855531,9.327784753404558,1,0.6819432661726312,0.3912674563688446,0.6876290636713971,0.583817122012438,0.02064368370802323
site025,2020,19,74.63920553214848,25.68774313852191,0,2,7,1.072913542855531,9.327784753404558,1,0.6819432661726312,0.3912674563688446,0.6876290636713971,0.44098066079672105,0.015768498165663305
site025,2021,29,93.84783030487596,18.92088625021279,0,3,12,6.909399127587676,8.821816623676568,3,0.4041834814990759,0.5410798304651462,0.41452125758203756,0.5344051961476991,0.018023953135312135
site025,2021,29,93.84783030487596,18.92088625021279,0,3,12,6.909399127587676,8.821816623676568,3,0.4041834814990759,0.5410798304651462,0.41452125758203756,0.583817122012438,0.02064368370802323
site025,2021,29,93.84783030487596,18.92088625021279,0,3,12,6.909399127587676,8.821816623676568,3,0.4041834814990759,0.5410798304651462,0.41452125758203756,0.44098066079672105,0.015768498165663305
site025,2022,40,69.47490382008255,25.255935123888776,1,2,5,9.36943686241284,5.9393845906015486,1,0.6244138790268949,0.5238042360298718,0.6174942514760505,0.5344051961476991,0.018023953135312135
site025,2022,40,69.47490382008255,25.255935123888776,1,2,5,9.36943686241284,5.9393845906015486,1,0.6244138790268949,0.5238042360298718,0.6174942514760505,0.583817122012438,0.02064368370802323
site025,2022,40,69.47490382008255,25.255935123888776,1,2,5,9.36943686241284,5.9393845906015486,1,0.6244138790268949,0.5238042360298718,0.6174942514760505,0.44098066079672105,0.015768498165663305
site026,2008,47,88.19511402398348,5.927918517962098,0,10,2,7.190343210939318,6.861835763556883,2,0.08554192332906782,0.46974262610934114,0.12725188656681496,0.719933413177575,0.024516491718856538
site026,2008,47,88.19511402398348,5.927918517962098,0,10,2,7.190343210939318,6.861835763556883,2,0.08554192332906782,0.46974262610934114,0.12725188656681496,0.6642529377431484,0.017980755717452643
site026,2008,47,88.19511402398348,5.927918517962098,0,10,2,7.190343210939318,6.861835763556883,2,0.08554192332906782,0.46974262610934114,0.12725188656681496,0.26059624042017393,0.012294146510958637
site026,2008,47,88.19511402398348,5.927918517962098,0,10,2,7.190343210939318,6.861835763556883,2,0.08554192332906782,0.46974262610934114,0.12725188656681496,0.4753598517174398,0.018164180485182327
site026,2009,7,64.30435323156416,1.2981553822755814,0,1,3,5.795562354847789,8.781988550908864,1,0.7965355354247599,0.20630631943576175,0.7859321942861672,0.719933413177575,0.024516491718856538
site026,2009,7,64.30435323156416,1.2981553822755814,0,1,3,5.795562354847789,8.781988550908864,1,0.7965355354247599,0.20630631943576175,0.7859321942861672,0.6642529377431484,0.017980755717452643
site026,2009,7,64.30435323156416,1.2981553822755814,0,1,3,5.795562354847789,8.781988550908864,1,0.7965355354247599,0.20630631943576175,0.7859321942861672,0.26059624042017393,0.012294146510958637
site026,2009,7,64.30435323156416,1.2981553822755814,0,1,3,5.795562354847789,8.781988550908864,1,0.7965355354247599,0.20630631943576175,0.7859321942861672,0.4753598517174398,0.018164180485182327
site026,2010,38,91.1627547442913,10.380622206488624,0,3,1,8.233049483969808,5.438621958019212,3,0.3251038097287867,0.3537018671254261,0.3369159397788371,0.719933413177575,0.024516491718856538
site026,2010,38,91.1627547442913,10.380622206488624,0,3,1,8.233049483969808,5.438621958019212,3,0.3251038097287867,0.3537018671254261,0.3369159397788371,0.6642529377431484,0.017980755717452643
site026,2010,38,91.1627547442913,10.380622206488624,0,3,1,8.233049483969808,5.438621958019212,3,0.3251038097287867,0.3537018671254261,0.3369159397788371,0.26059624042017393,0.012294146510958637
site026,2010,38,91.1627547442913,10.380622206488624,0,3,1,8.233049483969808,5.438621958019212,3,0.3251038097287867,0.3537018671254261,0.3369159397788371,0.4753598517174398,0.018164180485182327
site026,2011,9,70.20422733388841,8.820799010340124,0,1,10,4.198395762126893,8.281965793576092,1,0.6853000472539231,0.29378350104713286,0.7112875352300843,0.719933413177575,0.024516491718856538
site026,2011,9,70.20422733388841,8.820799010340124,0,1,10,4.198395762126893,8.281965793576092,1,0.6853000472539231,0.29378350104713286,0.7112875352300843,0.6642529377431484,0.017980755717452643
site026,2011,9,70.20422733388841,8.820799010340124,0,1,10,4.198395762126893,8.281965793576092,1,0.6853000472539231,0.29378350104713286,0.7112875352300843,0.26059624042017393,0.012294146510958637
site026,2011,9,70.20422733388841,8.820799010340124,0,1,10,4.198395762126893,8.281965793576092,1,0.6853000472539231,0.29378350104713286,0.7112875352300843,0.4753598517174398,0.018164180485182327
site026,2012,16,81.9217330403626,24.932579326210544,0,0,0,5.051879805047065,8.577962359413505,1,0.7769711672018149,0.33696099048673095,0.730829820817387,0.719933413177575,0.024516491718856538
site026,2012,16,81.9217330403626,24.932579326210544,0,0,0,5.051879805047065,8.577962359413505,1,0.7769711672018149,0.33696099048673095,0.730829820817387,0.6642529377431484,0.017980755717452643
site026,2012,16,81.9217330403626,24.932579326210544,0,0,0,5.051879805047065,8.577962359413505,1,0.7769711672018149,0.33696099048673095,0.730829820817387,0.26059624042017393,0.012294146510958637
site026,2012,16,81.9217330403626,24.932579326210544,0,0,0,5.051879805047065,8.577962359413505,1,0.7769711672018149,0.33696099048673095,0.730829820817387,0.4753598517174398,0.018164180485182327
site026,2013,17,61.35606083087623,28.07619037339464,1,10,15,1.313904112204909,9.295448159100488,2,0.5774781304456363,0.6480527620627151,0.5755654906983776,0.719933413177575,0.024516491718856538
site026,2013,17,61.35606083087623,28.07619037339464,1,10,15,1.313904112204909,9.295448159100488,2,0.5774781304456363,0.6480527620627151,0.5755654906983776,0.6642529377431484,0.017980755717452643
site026,2013,17,61.35606083087623,28.07619037339464,1,10,15,1.313904112204909,9.295448159100488,2,0.5774781304456363,0.6480527620627151,0.5755654906983776,0.26059624042017393,0.012294146510958637
site026,2013,17,61.35606083087623,28.07619037339464,1,10,15,1.313904112204909,9.295448159100488,2,0.5774781304456363,0.6480527620627151,0.5755654906983776,0.4753598517174398,0.018164180485182327
site026,2014,39,92.24437904544176,4.7059530259575695,0,9,1,8.397131280973554,6.0491210606414825,3,0.12827033103695912,0.426790106399711,0.15627041520575716,0.719933413177575,0.024516491718856538
site026,2014,39,92.24437904544176,4.7059530259575695,0,9,1,8.397131280973554,6.0491210606414825,3,0.12827033103695912,0.426790106399711,0.15627041520575716,0.6642529377431484,0.017980755717452643
site026,2014,39,92.24437904544176,4.7059530259575695,0,9,1,8.397131280973554,6.0491210606414825,3,0.12827033103695912,0.426790106399711,0.15627041520575716,0.26059624042017393,0.012294146510958637
site026,2014,39,92.24437904544176,4.7059530259575695,0,9,1,8.397131280973554,6.0491210606414825,3,0.12827033103695912,0.426790106399711,0.15627041520575716,0.4753598517174398,0.018164180485182327
site026,2015,50,73.51011228747666,27.486790580907837,1,10,7,6.858485521748662,6.377025595866144,2,0.28424891562823845,0.6761398729887536,0.32331045783213175,0.719933413177575,0.024516491718856538
site026,2015,50,73.51011228747666,27.486790580907837,1,10,7,6.858485521748662,6.377025595866144,2,0.28424891562823845,0.6761398729887536,0.32331045783213175,0.6642529377431484,0.017980755717452643
site026,2015,50,73.51011228747666,27.486790580907837,1,10,7,6.858485521748662,6.377025595866144,2,0.28424891562823845,0.6761398729887536,0.32331045783213175,0.26059624042017393,0.012294146510958637
site026,2015,50,73.51011228747666,27.486790580907837,1,10,7,6.858485521748662,6.377025595866144,2,0.28424891562823845,0.6761398729887536,0.32331045783213175,0.4753598517174398,0.018164180485182327
site026,2016,41,96.65143432095648,18.551784484647214,1,3,4,14.647171526681632,9.176780651323496,3,0.5536636367813853,0.7150661123379634,0.5266590170850559,0.719933413177575,0.024516491718856538
site026,2016,41,96.65143432095648,18.551784484647214,1,3,4,14.647171526681632,9.176780651323496,3,0.5536636367813853,0.7150661123379634,0.5266590170850559,0.6642529377431484,0.017980755717452643
site026,2016,41,96.65143432095648,18.551784484647214,1,3,4,14.647171526681632,9.176780651323496,3,0.5536636367813853,0.7150661123379634,0.5266590170850559,0.26059624042017393,0.012294146510958637
site026,2016,41,96.65143432095648,18.551784484647214,1,3,4,14.647171526681632,9.176780651323496,3,0.5536636367813853,0.7150661123379634,0.5266590170850559,0.4753598517174398,0.018164180485182327
site026,2017,10,74.2842567153275,12.60826982720755,1,3,11,1.6939520230516791,6.4031219587195665,1,0.6566261801406744,0.4142004419095665,0.6687632421851046,0.719933413177575,0.024516491718856538
site026,2017,10,74.2842567153275,12.60826982720755,1,3,11,1.6939520230516791,6.4031219587195665,1,0.6566261801406744,0.4142004419095665,0.6687632421851046,0.6642529377431484,0.017980755717452643
site026,2017,10,74.2842567153275,12.60826982720755,1,3,11,1.6939520230516791,6.4031219587195665,1,0.6566261801406744,0.4142004419095665,0.6687632421851046,0.26059624042017393,0.012294146510958637
site026,2017,10,74.2842567153275,12.60826982720755,1,3,11,1.6939520230516791,6.4031219587195665,1,0.6566261801406744,0.4142004419095665,0.6687632421851046,0.4753598517174398,0.018164180485182327
site026,2018,48,99.01460052467884,20.308063799049705,0,9,10,9.939017147291452,9.239833692554384,2,0.11194230704209118,0.7068055545567467,0.22237841593291974,0.719933413177575,0.024516491718856538
site026,2018,48,99.01460052467884,20.308063799049705,0,9,10,9.939017147291452,9.239833692554384,2,0.11194230704209118,0.7068055545567467,0.22237841593291974,0.6642529377431484,0.017980755717452643
site026,2018,48,99.01460052467884,20.308063799049705,0,9,10,9.939017147291452,9.239833692554384,2,0.11194230704209118,0.7068055545567467,0.22237841593291974,0.26059624042017393,0.012294146510958637
site026,2018,48,99.01460052467884,20.308063799049705,0,9,10,9.939017147291452,9.239833692554384,2,0.11194230704209118,0.7068055545567467,0.22237841593291974,0.4753598517174398,0.018164180485182327
site026,2019,43,75.37514090538025,23.260379038751125,1,5,14,7.914506029803306,8.093515780055895,2,0.453051601632656,0.6945062557633017,0.48594113815297385,0.719933413177575,0.024516491718856538
site026,2019,43,75.37514090538025,23.260379038751125,1,5,14,7.914506029803306,8.093515780055895,2,0.453051601632656,0.6945062557633017,0.48594113815297385,0.6642529377431484,0.017980755717452643
site026,2019,43,75.37514090538025,23.260379038751125,1,5,14,7.914506029803306,8.093515780055895,2,0.453051601632656,0.6945062557633017,0.48594113815297385,0.26059624042017393,0.012294146510958637
site026,2019,43,75.37514090538025,23.260379038751125,1,5,14,7.914506029803306,8.093515780055895,2,0.453051601632656,0.6945062557633017,0.48594113815297385,0.4753598517174398,0.018164180485182327
site026,2020,1,79.54694140702486,16.13497530389577,0,4,14,1.0658875429071486,6.248104500118643,1,0.5003629580189859,0.32640872126260684,0.5222709143522156,0.719933413177575,0.024516491718856538
site026,2020,1,79.54694140702486,16.13497530389577,0,4,14,1.0658875429071486,6.248104500118643,1,0.5003629580189859,0.32640872126260684,0.5222709143522156,0.6642529377431484,0.017980755717452643
site026,2020,1,79.54694140702486,16.13497530389577,0,4,14,1.0658875429071486,6.248104500118643,1,0.5003629580189859,0.32640872126260684,0.5222709143522156,0.26059624042017393,0.012294146510958637
site026,2020,1,79.54694140702486,16.13497530389577,0,4,14,1.0658875429071486,6.248104500118643,1,0.5003629580189859,0.32640872126260684,0.5222709143522156,0.4753598517174398,0.018164180485182327
site026,2021,18,79.63104925118387,12.4407179960981,1,1,6,3.5958775095641613,8.100389085011557,1,0.7511768407313034,0.44316063320965154,0.7329238774528513,0.719933413177575,0.024516491718856538
site026,2021,18,79.63104925118387,12.4407179960981,1,1,6,3.5958775095641613,8.100389085011557,1,0.7511768407313034,0.44316063320965154,0.7329238774528513,0.6642529377431484,0.017980755717452643
site026,2021,18,79.63104925118387,12.4407179960981,1,1,6,3.5958775095641613,8.100389085011557,1,0.7511768407313034,0.44316063320965154,0.7329238774528513,0.26059624042017393,0.012294146510958637
site026,2021,18,79.63104925118387,12.4407179960981,1,1,6,3.5958775095641613,8.100389085011557,1,0.7511768407313034,0.44316063320965154,0.7329238774528513,0.4753598517174398,0.018164180485182327
site026,2022,12,60.49018496647477,29.007818172918633,1,3,1,9.8795126946643,5.275393757037818,1,0.8595125080351399,0.4090444965629913,0.8228707260335988,0.719933413177575,0.024516491718856538
site026,2022,12,60.49018496647477,29.007818172918633,1,3,1,9.8795126946643,5.275393757037818,1,0.8595125080351399,0.4090444965629913,0.8228707260335988,0.6642529377431484,0.017980755717452643
site026,2022,12,60.49018496647477,29.007818172918633,1,3,1,9.8795126946643,5.275393757037818,1,0.8595125080351399,0.4090444965629913,0.8228707260335988,0.26059624042017393,0.012294146510958637
site026,2022,12,60.49018496647477,29.007818172918633,1,3,1,9.8795126946643,5.275393757037818,1,0.8595125080351399,0.4090444965629913,0.8228707260335988,0.4753598517174398,0.018164180485182327
site027,2008,12,85.65892802551389,2.4205806783866137,0,5,14,8.258612061850727,9.576394512550904,3,0.4508980767560475,0.4742215140361157,0.46886991214535845,0.369770385971696,0.015101191777421216
site027,2008,12,85.65892802551389,2.4205806783866137,0,5,14,8.258612061850727,9.576394512550904,3,0.4508980767560475,0.4742215140361157,0.46886991214535845,0.603591828838006,0.015319806665887717
site027,2008,12,85.65892802551389,2.4205806783866137,0,5,14,8.258612061850727,9.576394512550904,3,0.4508980767560475,0.4742215140361157,0.46886991214535845,0.5908633951228941,0.011223847360949685
site027,2009,30,80.50299886614084,5.44593987823464,0,10,4,13.483510300982744,9.428370003588498,3,0.32492105381384057,0.5386244440879057,0.3512373866588,0.369770385971696,0.015101191777421216
site027,2009,30,80.50299886614084,5.44593987823464,0,10,4,13.483510300982744,9.428370003588498,3,0.32492105381384057,0.5386244440879057,0.3512373866588,0.603591828838006,0.015319806665887717
site027,2009,30,80.50299886614084,5.44593987823464,0,10,4,13.483510300982744,9.428370003588498,3,0.32492105381384057,0.5386244440879057,0.3512373866588,0.5908633951228941,0.011223847360949685
site027,2010,29,72.81408472917974,21.20833290019073,0,1,8,10.486430299002675,8.431517403805628,1,0.6246114572667315,0.4492018917714992,0.6006586386322712,0.369770385971696,0.015101191777421216
site027,2010,29,72.81408472917974,21.20833290019073,0,1,8,10.486430299002675,8.431517403805628,1,0.6246114572667315,0.4492018917714992,0.6006586386322712,0.603591828838006,0.015319806665887717
site027,2010,29,72.81408472917974,21.20833290019073,0,1,8,10.486430299002675,8.431517403805628,1,0.6246114572667315,0.4492018917714992,0.6006586386322712,0.5908633951228941,0.011223847360949685
site027,2011,50,83.25732630677521,22.10579032357782,1,4,14,8.192751863971353,9.76971626165323,2,0.45036069609096624,0.7636674170922478,0.45909744705233413,0.369770385971696,0.015101191777421216
site027,2011,50,83.25732630677521,22.10579032357782,1,4,14,8.192751863971353,9.76971626165323,2,0.45036069609096624,0.7636674170922478,0.45909744705233413,0.603591828838006,0.015319806665887717
site027,2011,50,83.25732630677521,22.10579032357782,1,4,14,8.192751863971353,9.76971626165323,2,0.45036069609096624,0.7636674170922478,0.45909744705233413,0.5908633951228941,0.011223847360949685
site027,2012,21,84.69377633184195,4.14300304860808,1,2,6,5.301114732399583,7.787907078163698,3,0.6372179603051288,0.45059632709346475,0.6363816852071338,0.369770385971696,0.015101191777421216
site027,2012,21,84.69377633184195,4.14300304860808,1,2,6,5.301114732399583,7.787907078163698,3,0.6372179603051288,0.45059632709346475,0.6363816852071338,0.603591828838006,0.015319806665887717
site027,2012,21,84.69377633184195,4.14300304860808,1,2,6,5.301114732399583,7.787907078163698,3,0.6372179603051288,0.45059632709346475,0.6363816852071338,0.5908633951228941,0.011223847360949685
site027,2013,29,77.53098150715232,14.472487821709365,0,8,8,6.563450482673943,8.916131225414574,2,0.36452295152545433,0.4991681211509942,0.3546890885324718,0.369770385971696,0.015101191777421216
site027,2013,29,77.53098150715232,14.472487821709365,0,8,8,6.563450482673943,8.916131225414574,2,0.36452295152545433,0.4991681211509942,0.3546890885324718,0.603591828838006,0.015319806665887717
site027,2013,29,77.53098150715232,14.472487821709365,0,8,8,6.563450482673943,8.916131225414574,2,0.36452295152545433,0.4991681211509942,0.3546890885324718,0.5908633951228941,0.011223847360949685
site027,2014,9,66.81475922465324,19.621640550438315,0,4,7,3.1461464362218976,9.001397269312292,1,0.7013509006170212,0.3509861018298335,0.7141336836523935,0.369770385971696,0.015101191777421216
site027,2014,9,66.81475922465324,19.621640550438315,0,4,7,3.1461464362218976,9.001397269312292,1,0.7013509006170212,0.3509861018298335,0.7141336836523935,0.603591828838006,0.015319806665887717
site027,2014,9,66.81475922465324,19.621640550438315,0,4,7,3.1461464362218976,9.001397269312292,1,0.7013509006170212,0.3509861018298335,0.7141336836523935,0.5908633951228941,0.011223847360949685
site027,2015,15,88.60321986488998,12.516217197990043,1,3,8,6.317325270734727,6.325510613387451,3,0.585644056757861,0.4857548864457389,0.6309682344345009,0.369770385971696,0.015101191777421216
site027,2015,15,88.60321986488998,12.516217197990043,1,3,8,6.317325270734727,6.325510613387451,3,0.585644056757861,0.4857548864457389,0.6309682344345009,0.603591828838006,0.015319806665887717
site027,2015,15,88.60321986488998,12.516217197990043,1,3,8,6.317325270734727,6.325510613387451,3,0.585644056757861,0.4857548864457389,0.6309682344345009,0.5908633951228941,0.011223847360949685
site027,2016,4,89.9114619474858,29.722477454459295,1,2,10,4.784958192612976,6.4667784492485225,1,0.7238351595954762,0.5307570011786532,0.710335541026722,0.369770385971696,0.015101191777421216
site027,2016,4,89.9114619474858,29.722477454459295,1,2,10,4.784958192612976,6.4667784492485225,1,0.7238351595954762,0.5307570011786532,0.710335541026722,0.603591828838006,0.015319806665887717
site027,2016,4,89.9114619474858,29.722477454459295,1,2,10,4.784958192612976,6.4667784492485225,1,0.7238351595954762,0.5307570011786532,0.710335541026722,0.5908633951228941,0.011223847360949685
site027,2017,35,93.75658832490444,20.68255548691377,0,10,9,14.23405663203448,6.128986285766587,2,0.10963644249687576,0.624340200794908,0.1425349258093214,0.369770385971696,0.015101191777421216
site027,2017,35,93.75658832490444,20.68255548691377,0,10,9,14.23405663203448,6.128986285766587,2,0.10963644249687576,0.624340200794908,0.1425349258093214,0.603591828838006,0.015319806665887717
site027,2017,35,93.75658832490444,20.68255548691377,0,10,9,14.23405663203448,6.128986285766587,2,0.10963644249687576,0.624340200794908,0.1425349258093214,0.5908633951228941,0.011223847360949685
site027,2018,49,81.39036187902093,10.1442352689337,0,4,0,4.531645625829697,9.313984629698098,3,0.4091058775025748,0.4175393216327431,0.393963338364143,0.369770385971696,0.015101191777421216
site027,2018,49,81.39036187902093,10.1442352689337,0,4,0,4.531645625829697,9.313984629698098,3,0.4091058775025748,0.4175393216327431,0.393963338364143,0.603591828838006,0.015319806665887717
site027,2018,49,81.39036187902093,10.1442352689337,0,4,0,4.531645625829697,9.313984629698098,3,0.4091058775025748,0.4175393216327431,0.393963338364143,0.5908633951228941,0.011223847360949685
site027,2019,32,72.08941046148539,5.459308541147038,1,1,9,11.300240178126842,8.618737101787701,1,0.6831687926274239,0.531600481379275,0.6002232836578436,0.369770385971696,0.015101191777421216
site027,2019,32,72.08941046148539,5.459308541147038,1,1,9,11.300240178126842,8.618737101787701,1,0.6831687926274239,0.531600481379275,0.6002232836578436,0.603591828838006,0.015319806665887717
site027,2019,32,72.08941046148539,5.459308541147038,1,1,9,11.300240178126842,8.618737101787701,1,0.6831687926274239,0.531600481379275,0.6002232836578436,0.5908633951228941,0.011223847360949685
site027,2020,15,78.26072728261352,9.736300337361172,1,7,14,1.9475550260394812,5.766311559127644,2,0.415757107786762,0.4880450723293526,0.4523141078756904,0.369770385971696,0.015101191777421216
site027,2020,15,78.26072728261352,9.736300337361172,1,7,14,1.9475550260394812,5.766311559127644,2,0.415757107786762,0.4880450723293526,0.4523141078756904,0.603591828838006,0.015319806665887717
site027,2020,15,78.26072728261352,9.736300337361172,1,7,14,1.9475550260394812,5.766311559127644,2,0.415757107786762,0.4880450723293526,0.4523141078756904,0.5908633951228941,0.011223847360949685
site027,2021,27,75.37370137870312,3.740950388135389,1,8,6,6.191325911786407,9.265038503799587,3,0.5144750423146706,0.5546871967481265,0.49699412892066386,0.369770385971696,0.015101191777421216
site027,2021,27,75.37370137870312,3.740950388135389,1,8,6,6.191325911786407,9.265038503799587,3,0.5144750423146706,0.5546871967481265,0.49699412892066386,0.603591828838006,0.015319806665887717
site027,2021,27,75.37370137870312,3.740950388135389,1,8,6,6.191325911786407,9.265038503799587,3,0.5144750423146706,0.5546871967481265,0.49699412892066386,0.5908633951228941,0.011223847360949685
site027,2022,48,69.96187418699265,1.7793896987568587,0,7,11,4.045189469587058,8.161869681207463,2,0.20224118222057266,0.43899156816663015,0.22382105481602474,0.369770385971696,0.015101191777421216
site027,2022,48,69.96187418699265,1.7793896987568587,0,7,11,4.045189469587058,8.161869681207463,2,0.20224118222057266,0.43899156816663015,0.22382105481602474,0.603591828838006,0.015319806665887717
site027,2022,48,69.96187418699265,1.7793896987568587,0,7,11,4.045189469587058,8.161869681207463,2,0.20224118222057266,0.43899156816663015,0.22382105481602474,0.5908633951228941,0.011223847360949685
site028,2008,11,86.18506979197264,10.004015825223178,1,7,0,13.305744089186192,7.777264618780464,3,0.6428327544209039,0.5398526893648679,0.6408326303635964,0.4363727076098562,0.024139463662652613
site028,2008,11,86.18506979197264,10.004015825223178,1,7,0,13.305744089186192,7.777264618780464,3,0.6428327544209039,0.5398526893648679,0.6408326303635964,0.716594465162242,0.016138106928407423
site028,2009,27,98.2129480689764,22.530727189965543,1,10,11,6.926491878926754,5.219626812031493,2,0.20473670043695968,0.6794634512098552,0.24482182749281722,0.4363727076098562,0.024139463662652613
site028,2009,27,98.2129480689764,22.530727189965543,1,10,11,6.926491878926754,5.219626812031493,2,0.20473670043695968,0.6794634512098552,0.24482182749281722,0.716594465162242,0.016138106928407423
site028,2010,1,71.64331829175353,28.84267415688373,0,2,4,5.494497800711542,6.397533525014296,1,0.7682544298265751,0.29191357174589516,0.7754827680804288,0.4363727076098562,0.024139463662652613
site028,2010,1,71.64331829175353,28.84267415688373,0,2,4,5.494497800711542,6.397533525014296,1,0.7682544298265751,0.29191357174589516,0.7754827680804288,0.716594465162242,0.016138106928407423
site028,2011,49,86.0075634624809,13.05827721906826,0,10,2,6.776555581018329,7.986663788324222,2,0.14756408848623195,0.5232143688157533,0.16960053426608718,0.4363727076098562,0.024139463662652613
site028,2011,49,86.0075634624809,13.05827721906826,0,10,2,6.776555581018329,7.986663788324222,2,0.14756408848623195,0.5232143688157533,0.16960053426608718,0.716594465162242,0.016138106928407423
site028,2012,11,81.4543972350657,16.14482681057416,0,1,1,3.1895438102073967,9.783676089718938,3,0.7777566692506013,0.3192438315489538,0.7435001971423334,0.4363727076098562,0.024139463662652613
site028,2012,11,81.4543972350657,16.14482681057416,0,1,1,3.1895438102073967,9.783676089718938,3,0.7777566692506013,0.3192438315489538,0.7435001971423334,0.716594465162242,0.016138106928407423
site028,2013,46,83.89807466417551,2.9580721349921077,0,3,13,9.807776177767664,5.292224331060424,2,0.16308618512892714,0.42932622061269643,0.22942500880946853,0.4363727076098562,0.024139463662652613
site028,2013,46,83.89807466417551,2.9580721349921077,0,3,13,9.807776177767664,5.292224331060424,2,0.16308618512892714,0.42932622061269643,0.22942500880946853,0.716594465162242,0.016138106928407423
site028,2014,50,60.99593077786267,19.265412357635796,0,5,12,11.771552476100624,7.287343282951042,2,0.34135376029682035,0.522530611801928,0.3659195463760651,0.4363727076098562,0.024139463662652613
site028,2014,50,60.99593077786267,19.265412357635796,0,5,12,11.771552476100624,7.287343282951042,2,0.34135376029682035,0.522530611801928,0.3659195463760651,0.716594465162242,0.016138106928407423
site028,2015,5,60.1936695817858,11.248999828938397,1,0,6,13.625198691152036,7.042345197405666,1,0.9594676431395839,0.39585088187649503,0.9055967441367692,0.4363727076098562,0.024139463662652613
site028,2015,5,60.1936695817858,11.248999828938397,1,0,6,13.625198691152036,7.042345197405666,1,0.9594676431395839,0.39585088187649503,0.9055967441367692,0.716594465162242,0.016138106928407423
site028,2016,15,65.25513017550111,13.31672491156496,1,5,12,9.542103671468794,7.546436575939879,1,0.6639225410663235,0.5340524481204071,0.6492058045909243,0.4363727076098562,0.024139463662652613
site028,2016,15,65.25513017550111,13.31672491156496,1,5,12,9.542103671468794,7.546436575939879,1,0.6639225410663235,0.5340524481204071,0.6492058045909243,0.716594465162242,0.016138106928407423
site028,2017,14,60.992684150114655,28.94929493055679,0,9,14,9.82960532978177,5.197100498480722,2,0.39151002377061833,0.4712875051549711,0.4066887530820182,0.4363727076098562,0.024139463662652613
site028,2017,14,60.992684150114655,28.94929493055679,0,9,14,9.82960532978177,5.197100498480722,2,0.39151002377061833,0.4712875051549711,0.4066887530820182,0.716594465162242,0.016138106928407423
site028,2018,18,63.68517807684839,20.74895612103865,0,3,2,10.268898513633758,9.315026606200265,1,0.7743229489643799,0.3863124732435383,0.7395393057451701,0.4363727076098562,0.024139463662652613
site028,2018,18,63.68517807684839,20.74895612103865,0,3,2,10.268898513633758,9.315026606200265,1,0.7743229489643799,0.3863124732435383,0.7395393057451701,0.716594465162242,0.016138106928407423
site028,2019,2,79.02232896536589,21.83545264857821,0,1,1,14.019992293324322,6.306049465201795,1,0.7780596281102014,0.3240543436688522,0.7438283617386126,0.4363727076098562,0.024139463662652613
site028,2019,2,79.02232896536589,21.83545264857821,0,1,1,14.019992293324322,6.306049465201795,1,0.7780596281102014,0.3240543436688522,0.7438283617386126,0.716594465162242,0.016138106928407423
site028,2020,45,67.86627044901252,5.948263195808977,0,10,8,14.891448789741844,7.303504940355197,2,0.18459492334159225,0.5315163731760683,0.21158413541732582,0.4363727076098562,0.024139463662652613
site028,2020,45,67.86627044901252,5.948263195808977,0,10,8,14.891448789741844,7.303504940355197,2,0.18459492334159225,0.5315163731760683,0.21158413541732582,0.716594465162242,0.016138106928407423
site028,2021,32,92.58695794269444,6.904663584893569,1,3,10,4.619229924399406,6.094126089010388,3,0.39863736648102976,0.512033591292503,0.4161489539831176,0.4363727076098562,0.024139463662652613
site028,2021,32,92.58695794269444,6.904663584893569,1,3,10,4.619229924399406,6.094126089010388,3,0.39863736648102976,0.512033591292503,0.4161489539831176,0.716594465162242,0.016138106928407423
site028,2022,32,69.76236912421882,26.419941645581275,1,10,9,5.071804786100984,9.679420334286988,2,0.5108293518133394,0.698107440681361,0.47703517536003887,0.4363727076098562,0.024139463662652613
site028,2022,32,69.76236912421882,26.419941645581275,1,10,9,5.071804786100984,9.679420334286988,2,0.5108293518133394,0.698107440681361,0.47703517536003887,0.716594465162242,0.016138106928407423
site029,2008,47,79.5523055177182,25.28815324162133,1,5,8,13.762388278264552,8.552377971354872,2,0.5035140617793541,0.7404412023882817,0.5013024673828368,0.5717186600111043,0.025645584932360504
site029,2008,47,79.5523055177182,25.28815324162133,1,5,8,13.762388278264552,8.552377971354872,2,0.5035140617793541,0.7404412023882817,0.5013024673828368,0.6397679268017752,0.017713524800558017
site029,2008,47,79.5523055177182,25.28815324162133,1,5,8,13.762388278264552,8.552377971354872,2,0.5035140617793541,0.7404412023882817,0.5013024673828368,0.4932633718053618,0.023523951749103125
site029,2009,10,85.95529918558896,21.89818423148245,0,5,15,6.22630117693916,6.996848783455789,2,0.4253044627803147,0.47990939932577253,0.4578620053627457,0.5717186600111043,0.025645584932360504
site029,2009,10,85.95529918558896,21.89818423148245,0,5,15,6.22630117693916,6.996848783455789,2,0.4253044627803147,0.47990939932577253,0.4578620053627457,0.6397679268017752,0.017713524800558017
site029,2009,10,85.95529918558896,21.89818423148245,0,5,15,6.22630117693916,6.996848783455789,2,0.4253044627803147,0.47990939932577253,0.4578620053627457,0.4932633718053618,0.023523951749103125
site029,2010,35,66.34865880012512,9.150837762048468,1,3,8,11.129647281952202,6.401211034972221,1,0.5772912568630135,0.4966999742016685,0.5624679966105808,0.5717186600111043,0.025645584932360504
site029,2010,35,66.34865880012512,9.150837762048468,1,3,8,11.129647281952202,6.401211034972221,1,0.5772912568630135,0.4966999742016685,0.5624679966105808,0.6397679268017752,0.017713524800558017
site029,2010,35,66.34865880012512,9.150837762048468,1,3,8,11.129647281952202,6.401211034972221,1,0.5772912568630135,0.4966999742016685,0.5624679966105808,0.4932633718053618,0.023523951749103125
site029,2011,43,93.47911643795668,7.089736005757004,0,4,7,12.7596113816835,8.517253758618608,3,0.29619684144737846,0.5395255785692981,0.3127756256392005,0.5717186600111043,0.025645584932360504
site029,2011,43,93.47911643795668,7.089736005757004,0,4,7,12.7596113816835,8.517253758618608,3,0.29619684144737846,0.5395255785692981,0.3127756256392005,0.6397679268017752,0.017713524800558017
site029,2011,43,93.47911643795668,7.089736005757004,0,4,7,12.7596113816835,8.517253758618608,3,0.29619684144737846,0.5395255785692981,0.3127756256392005,0.4932633718053618,0.023523951749103125
site029,2012,44,77.46386119164526,15.330359268467872,0,10,3,2.6336278640665114,6.10533430473879,2,0.14783212030117823,0.4177610704442372,0.18156155476536295,0.5717186600111043,0.025645584932360504
site029,2012,44,77.46386119164526,15.330359268467872,0,10,3,2.6336278640665114,6.10533430473879,2,0.14783212030117823,0.4177610704442372,0.18156155476536295,0.6397679268017752,0.017713524800558017
site029,2012,44,77.46386119164526,15.330359268467872,0,10,3,2.6336278640665114,6.10533430473879,2,0.14783212030117823,0.4177610704442372,0.18156155476536295,0.4932633718053618,0.023523951749103125
site029,2013,9,69.33982100337744,16.130831439048052,1,4,10,12.823636692017317,6.468151295557618,1,0.7138237146611135,0.5173546240211061,0.7195227830309294,0.5717186600111043,0.025645584932360504
site029,2013,9,69.33982100337744,16.130831439048052,1,4,10,12.823636692017317,6.468151295557618,1,0.7138237146611135,0.5173546240211061,0.7195227830309294,0.6397679268017752,0.017713524800558017
site029,2013,9,69.33982100337744,16.130831439048052,1,4,10,12.823636692017317,6.468151295557618,1,0.7138237146611135,0.5173546240211061,0.7195227830309294,0.4932633718053618,0.023523951749103125
site029,2014,41,71.9542396813631,7.375122540164739,0,9,9,10.187092882115394,9.445272934390232,2,0.2772855106831111,0.5476630090080814,0.29924251853887884,0.5717186600111043,0.025645584932360504
site029,2014,41,71.9542396813631,7.375122540164739,0,9,9,10.187092882115394,9.445272934390232,2,0.2772855106831111,0.5476630090080814,0.29924251853887884,0.6397679268017752,0.017713524800558017
site029,2014,41,71.9542396813631,7.375122540164739,0,9,9,10.187092882115394,9.445272934390232,2,0.2772855106831111,0.5476630090080814,0.29924251853887884,0.4932633718053618,0.023523951749103125
site029,2015,23,66.37685347348452,23.13009436847642,0,9,2,1.1299295099452138,7.496541058644652,2,0.460479194622495,0.3648116323782603,0.43663892881693817,0.5717186600111043,0.025645584932360504
site029,2015,23,66.37685347348452,23.13009436847642,0,9,2,1.1299295099452138,7.496541058644652,2,0.460479194622495,0.3648116323782603,0.43663892881693817,0.6397679268017752,0.017713524800558017
site029,2015,23,66.37685347348452,23.13009436847642,0,9,2,1.1299295099452138,7.496541058644652,2,0.460479194622495,0.3648116323782603,0.43663892881693817,0.4932633718053618,0.023523951749103125
site029,2016,27,83.42268416658044,1.7110699387267232,1,3,3,2.5108098769560456,9.76229096762836,3,0.6566610873569817,0.4629513525686823,0.6275994320988793,0.5717186600111043,0.025645584932360504
site029,2016,27,83.42268416658044,1.7110699387267232,1,3,3,2.5108098769560456,9.76229096762836,3,0.6566610873569817,0.4629513525686823,0.6275994320988793,0.6397679268017752,0.017713524800558017
site029,2016,27,83.42268416658044,1.7110699387267232,1,3,3,2.5108098769560456,9.76229096762836,3,0.6566610873569817,0.4629513525686823,0.6275994320988793,0.4932633718053618,0.023523951749103125
site029,2017,38,65.95111908391118,21.633092409465466,0,6,6,6.980340324342251,8.878813366172835,2,0.47488386985163034,0.4775662860383702,0.41458991215986624,0.5717186600111043,0.025645584932360504
site029,2017,38,65.95111908391118,21.633092409465466,0,6,6,6.980340324342251,8.878813366172835,2,0.47488386985163034,0.4775662860383702,0.41458991215986624,0.6397679268017752,0.017713524800558017
site029,2017,38,65.95111908391118,21.633092409465466,0,6,6,6.980340324342251,8.878813366172835,2,0.47488386985163034,0.4775662860383702,0.41458991215986624,0.4932633718053618,0.023523951749103125
site029,2018,17,67.16238238848746,25.38574037561193,0,6,9,12.595351240597664,9.31454264675267,1,0.6209262300413658,0.5315106763024956,0.5797834569641134,0.5717186600111043,0.025645584932360504
site029,2018,17,67.16238238848746,25.38574037561193,0,6,9,12.595351240597664,9.31454264675267,1,0.6209262300413658,0.5315106763024956,0.5797834569641134,0.6397679268017752,0.017713524800558017
site029,2018,17,67.16238238848746,25.38574037561193,0,6,9,12.595351240597664,9.31454264675267,1,0.6209262300413658,0.5315106763024956,0.5797834569641134,0.4932633718053618,0.023523951749103125
site029,2019,16,73.56886019930243,27.99381109024398,1,7,3,5.693742213305086,7.875109809683636,1,0.6940474948107334,0.5497343789568051,0.6410570517075475,0.5717186600111043,0.025645584932360504
site029,2019,16,73.56886019930243,27.99381109024398,1,7,3,5.693742213305086,7.875109809683636,1,0.6940474948107334,0.5497343789568051,0.6410570517075475,0.6397679268017752,0.017713524800558017
site029,2019,16,73.56886019930243,27.99381109024398,1,7,3,5.693742213305086,7.875109809683636,1,0.6940474948107334,0.5497343789568051,0.6410570517075475,0.4932633718053618,0.023523951749103125
site029,2020,19,67.35607755370438,20.200657770968977,0,6,13,5.125604786910117,5.339744595112279,2,0.38852545085836077,0.381272072536715,0.43022963756438437,0.5717186600111043,0.025645584932360504
site029,2020,19,67.35607755370438,20.200657770968977,0,6,13,5.125604786910117,5.339744595112279,2,0.38852545085836077,0.381272072536715,0.43022963756438437,0.6397679268017752,0.017713524800558017
site029,2020,19,67.35607755370438,20.200657770968977,0,6,13,5.125604786910117,5.339744595112279,2,0.38852545085836077,0.381272072536715,0.43022963756438437,0.4932633718053618,0.023523951749103125
site029,2021,8,76.22166088782251,8.82832436170429,1,6,0,13.694789276923984,7.589609932620078,1,0.7380471563670329,0.48237511599493604,0.7226063794619398,0.5717186600111043,0.025645584932360504
site029,2021,8,76.22166088782251,8.82832436170429,1,6,0,13.694789276923984,7.589609932620078,1,0.7380471563670329,0.48237511599493604,0.7226063794619398,0.6397679268017752,0.017713524800558017
site029,2021,8,76.22166088782251,8.82832436170429,1,6,0,13.694789276923984,7.589609932620078,1,0.7380471563670329,0.48237511599493604,0.7226063794619398,0.4932633718053618,0.023523951749103125
site029,2022,10,84.54238473437726,7.328770349500701,0,7,4,6.693430200684816,9.495688122697176,3,0.5194581990172707,0.4125429676965526,0.48848856028242493,0.5717186600111043,0.025645584932360504
site029,2022,10,84.54238473437726,7.328770349500701,0,7,4,6.693430200684816,9.495688122697176,3,0.5194581990172707,0.4125429676965526,0.48848856028242493,0.6397679268017752,0.017713524800558017
site029,2022,10,84.54238473437726,7.328770349500701,0,7,4,6.693430200684816,9.495688122697176,3,0.5194581990172707,0.4125429676965526,0.48848856028242493,0.4932633718053618,0.023523951749103125
site030,2008,43,87.42685337550938,26.166726963594556,0,2,10,8.94715217826888,5.153854051604867,2,0.29989685945216615,0.4846318799885633,0.3519241192505265,0.3724820396646804,0.015878164889942054
site030,2008,43,87.42685337550938,26.166726963594556,0,2,10,8.94715217826888,5.153854051604867,2,0.29989685945216615,0.4846318799885633,0.3519241192505265,0.422811692825294,0.019123534499920946
site030,2009,7,92.94102400541306,1.7125749995466322,1,5,13,4.477585998829454,5.54811307345517,3,0.4323375857622153,0.46321627853282554,0.4764821390712716,0.3724820396646804,0.015878164889942054
site030,2009,7,92.94102400541306,1.7125749995466322,1,5,13,4.477585998829454,5.54811307345517,3,0.4323375857622153,0.46321627853282554,0.4764821390712716,0.422811692825294,0.019123534499920946
site030,2010,49,74.95928455144167,25.650775007437915,1,8,2,2.87972415657714,8.157464532414451,2,0.440773636424447,0.6123771617684263,0.4271628975998112,0.3724820396646804,0.015878164889942054
site030,2010,49,74.95928455144167,25.650775007437915,1,8,2,2.87972415657714,8.157464532414451,2,0.440773636424447,0.6123771617684263,0.4271628975998112,0.422811692825294,0.019123534499920946
site030,2011,4,98.1136401835829,16.194059232948348,0,1,3,3.758806033525616,7.356602204963565,3,0.6304280270387538,0.3150956584196512,0.6023123776792061,0.3724820396646804,0.015878164889942054
site030,2011,4,98.1136401835829,16.194059232948348,0,1,3,3.758806033525616,7.356602204963565,3,0.6304280270387538,0.3150956584196512,0.6023123776792061,0.422811692825294,0.019123534499920946
site030,2012,28,60.75328635983169,13.628418353153393,1,10,13,8.421599474269897,9.951066204812378,2,0.5191696101640952,0.6747975889064478,0.4777310457824189,0.3724820396646804,0.015878164889942054
site030,2012,28,60.75328635983169,13.628418353153393,1,10,13,8.421599474269897,9.951066204812378,2,0.5191696101640952,0.6747975889064478,0.4777310457824189,0.422811692825294,0.019123534499920946
site030,2013,49,84.49499889276922,28.007547647459432,0,7,15,14.37889570137486,8.843326176283881,2,0.22072018262931029,0.7438490739529602,0.23685151973670876,0.3724820396646804,0.015878164889942054
site030,2013,49,84.49499889276922,28.007547647459432,0,7,15,14.37889570137486,8.843326176283881,2,0.22072018262931029,0.7438490739529602,0.23685151973670876,0.422811692825294,0.019123534499920946
site030,2014,5,78.54295055381954,5.771961481543258,1,1,0,6.879556304775178,8.870322782313451,3,0.9162152754593662,0.37720153106501997,0.8603091281404915,0.3724820396646804,0.015878164889942054
site030,2014,5,78.54295055381954,5.771961481543258,1,1,0,6.879556304775178,8.870322782313451,3,0.9162152754593662,0.37720153106501997,0.8603091281404915,0.422811692825294,0.019123534499920946
site030,2015,9,74.18918482027948,11.984863369725645,1,0,4,12.750949784647672,7.076587782939896,1,0.878782581691536,0.4291728507728935,0.8401893279467559,0.3724820396646804,0.015878164889942054
site030,2015,9,74.18918482027948,11.984863369725645,1,0,4,12.750949784647672,7.076587782939896,1,0.878782581691536,0.4291728507728935,0.8401893279467559,0.422811692825294,0.019123534499920946
site030,2016,25,95.29692115262152,5.003303174395114,0,7,13,2.115785939618945,9.985447024228051,3,0.2674081460064236,0.5197408871643351,0.2993253718760178,0.3724820396646804,0.015878164889942054
site030,2016,25,95.29692115262152,5.003303174395114,0,7,13,2.115785939618945,9.985447024228051,3,0.2674081460064236,0.5197408871643351,0.2993253718760178,0.422811692825294,0.019123534499920946
site030,2017,8,63.03211433812976,5.341911238152534,0,10,2,11.503217211458832,7.2011367755476385,1,0.5019301778383259,0.3382264532572161,0.4867177168704729,0.3724820396646804,0.015878164889942054
site030,2017,8,63.03211433812976,5.341911238152534,0,10,2,11.503217211458832,7.2011367755476385,1,0.5019301778383259,0.3382264532572161,0.4867177168704729,0.422811692825294,0.019123534499920946
site030,2018,10,95.3316476661712,20.6169701742474,0,9,13,4.724987101275474,9.83690073247999,3,0.3615497467608781,0.5946811659249803,0.38498757986976984,0.3724820396646804,0.015878164889942054
site030,2018,10,95.3316476661712,20.6169701742474,0,9,13,4.724987101275474,9.83690073247999,3,0.3615497467608781,0.5946811659249803,0.38498757986976984,0.422811692825294,0.019123534499920946
site030,2019,5,67.528873430565,17.301368520129472,1,9,0,8.410810548812151,7.7494479808956385,1,0.7331841138624694,0.478329683336603,0.692266504212336,0.3724820396646804,0.015878164889942054
site030,2019,5,67.528873430565,17.301368520129472,1,9,0,8.410810548812151,7.7494479808956385,1,0.7331841138624694,0.478329683336603,0.692266504212336,0.422811692825294,0.019123534499920946
site030,2020,31,68.60266987234354,14.677804840961471,0,3,10,1.6310013863258064,8.762342829722911,2,0.5165785379557225,0.3830684952721837,0.5150010047373973,0.3724820396646804,0.015878164889942054
site030,2020,31,68.60266987234354,14.677804840961471,0,3,10,1.6310013863258064,8.762342829722911,2,0.5165785379557225,0.3830684952721837,0.5150010047373973,0.422811692825294,0.019123534499920946
site030,2021,11,94.78129166178404,24.52190488995984,0,8,0,11.769306973088533,8.328113766619936,3,0.5001811685193998,0.5170853367385456,0.48437819394287923,0.3724820396646804,0.015878164889942054
site030,2021,11,94.78129166178404,24.52190488995984,0,8,0,11.769306973088533,8.328113766619936,3,0.5001811685193998,0.5170853367385456,0.48437819394287923,0.422811692825294,0.019123534499920946
site030,2022,18,62.4335222505033,28.909267434850335,1,4,8,13.747383065056056,9.150429852306845,1,0.8532733434565314,0.6323774578485593,0.8229201715130346,0.3724820396646804,0.015878164889942054
site030,2022,18,62.4335222505033,28.909267434850335,1,4,8,13.747383065056056,9.150429852306845,1,0.8532733434565314,0.6323774578485593,0.8229201715130346,0.422811692825294,0.019123534499920946
site031,2008,26,69.39598402939737,15.9468866372481,0,2,10,11.442912800237536,8.297961483476683,1,0.5911299888140235,0.44265000760444106,0.5985388487370238,0.2780419323081815,0.019970871719055736
site031,2009,31,99.72062051296234,21.40796031919308,1,8,10,2.3637693617492914,5.029090973548591,2,0.2192625084657038,0.6101850166440194,0.2398022431386771,0.2780419323081815,0.019970871719055736
site031,2010,26,87.12790911085904,6.2455057902261615,0,3,2,14.238261634949597,5.210706101497635,3,0.4100607310354575,0.3498004686159575,0.42871623902898276,0.2780419323081815,0.019970871719055736
site031,2011,29,77.41947202011943,11.294041466200724,0,0,3,3.499393677338958,9.627639808459207,3,0.6693107688432368,0.3336607781017175,0.6382768582693438,0.2780419323081815,0.019970871719055736
site031,2012,3,75.09239767678082,2.447180889546871,0,8,11,12.232879132032394,7.151425767224282,3,0.4309060436583301,0.4062623033710381,0.4300801844978385,0.2780419323081815,0.019970871719055736
site031,2013,23,78.44736097380519,5.424057378433645,1,5,5,10.397754552774131,8.173529327614233,3,0.6065780254087015,0.5262483671006852,0.5994617509277761,0.2780419323081815,0.019970871719055736
site031,2014,27,92.07407486625016,3.8788798407185823,1,9,11,6.8565028556622565,8.064410064835101,3,0.30269756740894177,0.6376338038325261,0.3239684256753478,0.2780419323081815,0.019970871719055736
site031,2015,2,86.51867900975049,9.124294207664208,1,5,15,11.549111132044343,9.766371690202504,3,0.6730565937552672,0.6486141750091868,0.6401743892630324,0.2780419323081815,0.019970871719055736
site031,2016,45,78.64014656282961,12.236055861925706,1,10,8,6.808955533895642,8.613263427978382,2,0.3039386275218218,0.677580532253028,0.33085728570114376,0.2780419323081815,0.019970871719055736
site031,2017,39,62.13037746027112,19.390604805201292,1,10,13,9.316441621631384,6.057942617917433,2,0.3251081609452854,0.6420849664088661,0.3324711581177821,0.2780419323081815,0.019970871719055736
site031,2018,5,69.48791673406959,21.504844655282795,0,3,8,5.478128843475133,6.877425607526675,1,0.6728456521877925,0.3211092775773665,0.7061268322324219,0.2780419323081815,0.019970871719055736
site031,2019,35,69.32958950288594,10.454531244235111,1,10,14,10.050737098325044,8.316568258451298,2,0.35212802585422337,0.6874467696409142,0.3606133467161945,0.2780419323081815,0.019970871719055736
site031,2020,41,69.2261440306902,28.9903161379043,0,8,13,6.012372640892863,6.205682158470154,2,0.23416415324419582,0.5348383832443846,0.23555151523665874,0.2780419323081815,0.019970871719055736
site031,2021,47,62.46905095875263,21.197178976377472,1,10,2,13.205842301249504,7.8849664819426835,2,0.46221979834704774,0.6600378227463638,0.4373123653188542,0.2780419323081815,0.019970871719055736
site031,2022,29,79.8847443703562,5.671267630532384,0,4,7,6.690313952974975,5.428602830506861,2,0.3331079522016015,0.3238902142761081,0.3323055451350897,0.2780419323081815,0.019970871719055736
site032,2008,47,69.76500354707241,11.70280500734225,0,10,15,7.381618769373745,9.693343564867972,2,0.17409168765691888,0.6180286581661129,0.21101976020193036,0.6588405499241217,0.02070225100343129
site032,2008,47,69.76500354707241,11.70280500734225,0,10,15,7.381618769373745,9.693343564867972,2,0.17409168765691888,0.6180286581661129,0.21101976020193036,0.4734261444186732,0.019931552723750152
site032,2009,9,90.32742155715825,9.764315016567709,0,1,0,13.45037676533684,6.165298935957253,3,0.6314667742583656,0.30770582058397594,0.6106017059942629,0.6588405499241217,0.02070225100343129
site032,2009,9,90.32742155715825,9.764315016567709,0,1,0,13.45037676533684,6.165298935957253,3,0.6314667742583656,0.30770582058397594,0.6106017059942629,0.4734261444186732,0.019931552723750152
site032,2010,24,81.89210710115731,14.281007256824523,1,1,9,10.129160662647337,6.427183757768944,1,0.6343150333740728,0.5150468108991322,0.636491051465022,0.6588405499241217,0.02070225100343129
site032,2010,24,81.89210710115731,14.281007256824523,1,1,9,10.129160662647337,6.427183757768944,1,0.6343150333740728,0.5150468108991322,0.636491051465022,0.4734261444186732,0.019931552723750152
site032,2011,37,97.92267585173248,24.87519964459352,0,1,10,1.1392511394806206,7.258188180858269,3,0.3619831999901988,0.4668879778991872,0.3846464863736482,0.6588405499241217,0.02070225100343129
site032,2011,37,97.92267585173248,24.87519964459352,0,1,10,1.1392511394806206,7.258188180858269,3,0.3619831999901988,0.4668879778991872,0.3846464863736482,0.4734261444186732,0.019931552723750152
site032,2012,50,63.44688769429922,7.743641175096855,1,7,0,10.177824296522886,7.319470338989049,2,0.4748888496174463,0.516799663883494,0.4589738391825736,0.6588405499241217,0.02070225100343129
site032,2012,50,63.44688769429922,7.743641175096855,1,7,0,10.177824296522886,7.319470338989049,2,0.4748888496174463,0.516799663883494,0.4589738391825736,0.4734261444186732,0.019931552723750152
site032,2013,35,97.91530339978635,12.66734453290701,0,4,14,4.379427183419466,6.313235105480999,2,0.17436836515812443,0.4853223375722741,0.22061352558972214,0.6588405499241217,0.02070225100343129
site032,2013,35,97.91530339978635,12.66734453290701,0,4,14,4.379427183419466,6.313235105480999,2,0.17436836515812443,0.4853223375722741,0.22061352558972214,0.4734261444186732,0.019931552723750152
site032,2014,40,88.89595472253859,29.176771285245195,0,8,6,14.51768307061866,6.013401544187218,2,0.22183987482504783,0.608051060941427,0.1902079059756,0.6588405499241217,0.02070225100343129
site032,2014,40,88.89595472253859,29.176771285245195,0,8,6,14.51768307061866,6.013401544187218,2,0.22183987482504783,0.608051060941427,0.1902079059756,0.4734261444186732,0.019931552723750152
site032,2015,24,96.88018418848516,4.608201633905992,1,2,12,7.2600140161812305,8.619894455187023,3,0.5267642217206526,0.5867101143841492,0.5352162137694029,0.6588405499241217,0.02070225100343129
site032,2015,24,96.88018418848516,4.608201633905992,1,2,12,7.2600140161812305,8.619894455187023,3,0.5267642217206526,0.5867101143841492,0.5352162137694029,0.4734261444186732,0.019931552723750152
site032,2016,3,84.5536377467215,19.27841222146526,1,5,13,10.36083510145545,7.113479583058506,1,0.6369479324543806,0.5951172311470392,0.6333156638693285,0.6588405499241217,0.02070225100343129
site032,2016,3,84.5536377467215,19.27841222146526,1,5,13,10.36083510145545,7.113479583058506,1,0.6369479324543806,0.5951172311470392,0.6333156638693285,0.4734261444186732,0.019931552723750152
site032,2017,14,66.4386600535363,21.412143170600757,0,4,5,2.395810934714973,8.216887058224529,1,0.6672435143601263,0.32699519525904785,0.6716185769177276,0.6588405499241217,0.02070225100343129
site032,2017,14,66.4386600535363,21.412143170600757,0,4,5,2.395810934714973,8.216887058224529,1,0.6672435143601263,0.32699519525904785,0.6716185769177276,0.4734261444186732,0.019931552723750152
site032,2018,21,67.31762768700719,18.144808241631836,0,1,6,3.894155371002853,8.14581785700284,1,0.6890590765981196,0.3156303514629803,0.7119359025070373,0.6588405499241217,0.02070225100343129
site032,2018,21,67.31762768700719,18.144808241631836,0,1,6,3.894155371002853,8.14581785700284,1,0.6890590765981196,0.3156303514629803,0.7119359025070373,0.4734261444186732,0.019931552723750152
site032,2019,48,89.20734248124063,29.89897186658345,0,10,14,14.262020682916043,5.269183871569112,2,0,0.7028786593226705,0.06767378932155735,0.6588405499241217,0.02070225100343129
site032,2019,48,89.20734248124063,29.89897186658345,0,10,14,14.262020682916043,5.269183871569112,2,0,0.7028786593226705,0.06767378932155735,0.4734261444186732,0.019931552723750152
site032,2020,23,83.58102601952851,2.314746941672638,0,8,10,8.952448967844248,7.3928536649327725,2,0.2615372976671906,0.4504730048480627,0.27561590337253156,0.6588405499241217,0.02070225100343129
site032,2020,23,83.58102601952851,2.314746941672638,0,8,10,8.952448967844248,7.3928536649327725,2,0.2615372976671906,0.4504730048480627,0.27561590337253156,0.4734261444186732,0.019931552723750152
site032,2021,38,72.49929450452328,29.71210359944962,0,3,13,6.705175820738077,8.122520461911336,2,0.46302920235326267,0.5324506427319068,0.4660824708531988,0.6588405499241217,0.02070225100343129
site032,2021,38,72.49929450452328,29.71210359944962,0,3,13,6.705175820738077,8.122520461911336,2,0.46302920235326267,0.5324506427319068,0.4660824708531988,0.4734261444186732,0.019931552723750152
site032,2022,46,90.911775957793,22.61388297006488,1,4,4,9.11713714711368,6.638535927049816,3,0.43106074487965884,0.6263769316588887,0.44672836222786044,0.6588405499241217,0.02070225100343129
site032,2022,46,90.911775957793,22.61388297006488,1,4,4,9.11713714711368,6.638535927049816,3,0.43106074487965884,0.6263769316588887,0.44672836222786044,0.4734261444186732,0.019931552723750152
site033,2008,36,73.45192808657885,13.665738335577773,1,0,14,2.8482053433544934,8.529945035697892,1,0.6328148043754345,0.5323245445652205,0.6198862725092668,0.39984919520799483,0.01838028240220306
site033,2009,45,94.22706764191388,5.437189914053306,0,0,13,7.971545828040689,9.498423376353458,3,0.35799988528977195,0.5212311409273054,0.4043516042027741,0.39984919520799483,0.01838028240220306
site033,2010,46,83.22113974019885,14.017090088920668,1,1,7,3.6081998688168824,6.984600877622142,3,0.5024325842131905,0.5117180925924603,0.5273292901156342,0.39984919520799483,0.01838028240220306
site033,2011,14,76.6289060562849,6.403416665038094,1,9,15,4.366962557658553,6.96391106932424,2,0.39579340123053286,0.551097502431119,0.4369551546362807,0.39984919520799483,0.01838028240220306
site033,2012,15,97.30291141197084,13.369908892549574,1,10,9,12.319050068501385,7.447154809487984,3,0.36972264986083553,0.6945813917995325,0.41149261827830996,0.39984919520799483,0.01838028240220306
site033,2013,18,78.50795365869999,24.80261612962931,1,9,0,10.499780640937388,5.265028990106657,1,0.5325556815514392,0.5342235980858905,0.5070206547757814,0.39984919520799483,0.01838028240220306
site033,2014,7,63.97385319694877,2.4609885124955326,0,10,0,14.568649449851364,6.663920567370951,1,0.5029527887947514,0.3236473969626961,0.49415123979533687,0.39984919520799483,0.01838028240220306
site033,2015,30,78.61797452904284,10.436082397587596,0,9,9,2.9381971484981477,5.957063973182812,2,0.18320047354344907,0.40171236624536877,0.22336260149579512,0.39984919520799483,0.01838028240220306
site033,2016,36,99.3633543048054,25.429945955751464,0,10,7,7.307718804106116,6.923066405579448,2,0.11873338347942677,0.6058765384741251,0.14558688991131988,0.39984919520799483,0.01838028240220306
site033,2017,38,97.01091463677584,2.165793995372951,1,6,2,7.853979393374175,7.185915027512237,3,0.35288904058033876,0.5476369291574386,0.35067299634185534,0.39984919520799483,0.01838028240220306
site033,2018,47,77.4159505404532,23.964315875200555,1,4,3,8.596637115813792,5.784788741730154,2,0.48107869348971455,0.5580808690867681,0.48220299757143403,0.39984919520799483,0.01838028240220306
site033,2019,15,94.788828631863,28.88722468772903,0,10,7,7.388666426297277,5.359561117365956,2,0.2404240966052716,0.515589473012883,0.28399948693190513,0.39984919520799483,0.01838028240220306
site033,2020,8,72.01416687108576,20.166694137034938,1,6,4,3.399999935179949,8.32328665535897,1,0.7583583262378495,0.47741802203462064,0.7330569600674827,0.39984919520799483,0.01838028240220306
site033,2021,10,91.91890524700284,1.2528051543049514,0,4,13,11.007763853296638,7.09355179569684,3,0.38770102323565453,0.4254607443710869,0.4362230999444218,0.39984919520799483,0.01838028240220306
site033,2022,42,92.0204284787178,14.507887503365057,0,3,15,13.684295849874616,5.551610816037282,2,0.18568981255089143,0.5527712108198929,0.2453826245447701,0.39984919520799483,0.01838028240220306
site034,2008,50,75.47702784650028,21.781801612116396,0,1,10,5.064051954075694,7.314301774604246,2,0.3989708235340314,0.45244040306933503,0.4861649092022887,0.46338832613762604,0.017001635984092087
site034,2008,50,75.47702784650028,21.781801612116396,0,1,10,5.064051954075694,7.314301774604246,2,0.3989708235340314,0.45244040306933503,0.4861649092022887,0.6973809398049666,0.024225059584966725
site034,2008,50,75.47702784650028,21.781801612116396,0,1,10,5.064051954075694,7.314301774604246,2,0.3989708235340314,0.45244040306933503,0.4861649092022887,0.819588489375091,0.015882533968208615
site034,2008,50,75.47702784650028,21.781801612116396,0,1,10,5.064051954075694,7.314301774604246,2,0.3989708235340314,0.45244040306933503,0.4861649092022887,0.5230835404019464,0.01622619006781287
site034,2009,29,75.26358780451119,1.8172811847180128,1,4,15,11.710765176918358,6.387197958538309,1,0.4422577563184388,0.5535674248119901,0.4710692154488343,0.46338832613762604,0.017001635984092087
site034,2009,29,75.26358780451119,1.8172811847180128,1,4,15,11.710765176918358,6.387197958538309,1,0.4422577563184388,0.5535674248119901,0.4710692154488343,0.6973809398049666,0.024225059584966725
site034,2009,29,75.26358780451119,1.8172811847180128,1,4,15,11.710765176918358,6.387197958538309,1,0.4422577563184388,0.5535674248119901,0.4710692154488343,0.819588489375091,0.015882533968208615
site034,2009,29,75.26358780451119,1.8172811847180128,1,4,15,11.710765176918358,6.387197958538309,1,0.4422577563184388,0.5535674248119901,0.4710692154488343,0.5230835404019464,0.01622619006781287
site034,2010,9,85.8206245675683,25.518994202604517,1,2,2,14.013909659348428,5.463310481281951,1,0.768562771817317,0.5034490531859556,0.7234797937758682,0.46338832613762604,0.017001635984092087
site034,2010,9,85.8206245675683,25.518994202604517,1,2,2,14.013909659348428,5.463310481281951,1,0.768562771817317,0.5034490531859556,0.7234797937758682,0.6973809398049666,0.024225059584966725
site034,2010,9,85.8206245675683,25.518994202604517,1,2,2,14.013909659348428,5.463310481281951,1,0.768562771817317,0.5034490531859556,0.7234797937758682,0.819588489375091,0.015882533968208615
site034,2010,9,85.8206245675683,25.518994202604517,1,2,2,14.013909659348428,5.463310481281951,1,0.768562771817317,0.5034490531859556,0.7234797937758682,0.5230835404019464,0.01622619006781287
site034,2011,33,94.46669816970824,22.646046861773357,1,2,13,1.1389194494113326,5.902267645578831,2,0.4219549724962832,0.5649552828402618,0.4432704363295427,0.46338832613762604,0.017001635984092087
site034,2011,33,94.46669816970824,22.646046861773357,1,2,13,1.1389194494113326,5.902267645578831,2,0.4219549724962832,0.5649552828402618,0.4432704363295427,0.6973809398049666,0.024225059584966725
site034,2011,33,94.46669816970824,22.646046861773357,1,2,13,1.1389194494113326,5.902267645578831,2,0.4219549724962832,0.5649552828402618,0.4432704363295427,0.819588489375091,0.015882533968208615
site034,2011,33,94.46669816970824,22.646046861773357,1,2,13,1.1389194494113326,5.902267645578831,2,0.4219549724962832,0.5649552828402618,0.4432704363295427,0.5230835404019464,0.01622619006781287
site034,2012,37,86.26530683599412,8.65689216600731,1,5,9,8.006738712545484,7.620814699912444,3,0.41656283178367687,0.5977009051341611,0.42227261512310493,0.46338832613762604,0.017001635984092087
site034,2012,37,86.26530683599412,8.65689216600731,1,5,9,8.006738712545484,7.620814699912444,3,0.41656283178367687,0.5977009051341611,0.42227261512310493,0.6973809398049666,0.024225059584966725
site034,2012,37,86.26530683599412,8.65689216600731,1,5,9,8.006738712545484,7.620814699912444,3,0.41656283178367687,0.5977009051341611,0.42227261512310493,0.819588489375091,0.015882533968208615
site034,2012,37,86.26530683599412,8.65689216600731,1,5,9,8.006738712545484,7.620814699912444,3,0.41656283178367687,0.5977009051341611,0.42227261512310493,0.5230835404019464,0.01622619006781287
site034,2013,19,80.65304294228554,22.63149661035277,1,0,0,4.631435520481318,5.959497707663104,1,0.7943924980080438,0.38616165774766653,0.7341561932473433,0.46338832613762604,0.017001635984092087
site034,2013,19,80.65304294228554,22.63149661035277,1,0,0,4.631435520481318,5.959497707663104,1,0.7943924980080438,0.38616165774766653,0.7341561932473433,0.6973809398049666,0.024225059584966725
site034,2013,19,80.65304294228554,22.63149661035277,1,0,0,4.631435520481318,5.959497707663104,1,0.7943924980080438,0.38616165774766653,0.7341561932473433,0.819588489375091,0.015882533968208615
site034,2013,19,80.65304294228554,22.63149661035277,1,0,0,4.631435520481318,5.959497707663104,1,0.7943924980080438,0.38616165774766653,0.7341561932473433,0.5230835404019464,0.01622619006781287
site034,2014,45,65.95126333646476,20.475891669047996,0,10,14,7.469918905291706,7.5769482215400785,2,0.17515412900891186,0.5785181671377454,0.20466189291312414,0.46338832613762604,0.017001635984092087
site034,2014,45,65.95126333646476,20.475891669047996,0,10,14,7.469918905291706,7.5769482215400785,2,0.17515412900891186,0.5785181671377454,0.20466189291312414,0.6973809398049666,0.024225059584966725
site034,2014,45,65.95126333646476,20.475891669047996,0,10,14,7.469918905291706,7.5769482215400785,2,0.17515412900891186,0.5785181671377454,0.20466189291312414,0.819588489375091,0.015882533968208615
site034,2014,45,65.95126333646476,20.475891669047996,0,10,14,7.469918905291706,7.5769482215400785,2,0.17515412900891186,0.5785181671377454,0.20466189291312414,0.5230835404019464,0.01622619006781287
site034,2015,13,84.51063611544669,5.98952926765196,0,2,14,6.704256279394031,6.781147383153439,3,0.4540375638926057,0.36708418543533194,0.49102996994061177,0.46338832613762604,0.017001635984092087
site034,2015,13,84.51063611544669,5.98952926765196,0,2,14,6.704256279394031,6.781147383153439,3,0.4540375638926057,0.36708418543533194,0.49102996994061177,0.6973809398049666,0.024225059584966725
site034,2015,13,84.51063611544669,5.98952926765196,0,2,14,6.704256279394031,6.781147383153439,3,0.4540375638926057,0.36708418543533194,0.49102996994061177,0.819588489375091,0.015882533968208615
site034,2015,13,84.51063611544669,5.98952926765196,0,2,14,6.704256279394031,6.781147383153439,3,0.4540375638926057,0.36708418543533194,0.49102996994061177,0.5230835404019464,0.01622619006781287
site034,2016,5,61.678672758862376,20.42177758109756,1,4,0,12.694366249721496,9.131846828386188,1,0.99098420930825,0.48417243234246016,0.8659441461198785,0.46338832613762604,0.017001635984092087
site034,2016,5,61.678672758862376,20.42177758109756,1,4,0,12.694366249721496,9.131846828386188,1,0.99098420930825,0.48417243234246016,0.8659441461198785,0.6973809398049666,0.024225059584966725
site034,2016,5,61.678672758862376,20.42177758109756,1,4,0,12.694366249721496,9.131846828386188,1,0.99098420930825,0.48417243234246016,0.8659441461198785,0.819588489375091,0.015882533968208615
site034,2016,5,61.678672758862376,20.42177758109756,1,4,0,12.694366249721496,9.131846828386188,1,0.99098420930825,0.48417243234246016,0.8659441461198785,0.5230835404019464,0.01622619006781287
site034,2017,17,79.93435970507562,27.9802669135388,0,1,12,2.8745469921268523,6.568743088282645,1,0.5633236398025873,0.38902664820289684,0.5800909051152887,0.46338832613762604,0.017001635984092087
site034,2017,17,79.93435970507562,27.9802669135388,0,1,12,2.8745469921268523,6.568743088282645,1,0.5633236398025873,0.38902664820289684,0.5800909051152887,0.6973809398049666,0.024225059584966725
site034,2017,17,79.93435970507562,27.9802669135388,0,1,12,2.8745469921268523,6.568743088282645,1,0.5633236398025873,0.38902664820289684,0.5800909051152887,0.819588489375091,0.015882533968208615
site034,2017,17,79.93435970507562,27.9802669135388,0,1,12,2.8745469921268523,6.568743088282645,1,0.5633236398025873,0.38902664820289684,0.5800909051152887,0.5230835404019464,0.01622619006781287
site034,2018,1,89.58032886497676,25.678267993265763,1,7,3,13.173438912723212,7.606974112568423,3,0.7094146925677802,0.6128756396416645,0.6675756892539281,0.46338832613762604,0.017001635984092087
site034,2018,1,89.58032886497676,25.678267993265763,1,7,3,13.173438912723212,7.606974112568423,3,0.7094146925677802,0.6128756396416645,0.6675756892539281,0.6973809398049666,0.024225059584966725
site034,2018,1,89.58032886497676,25.678267993265763,1,7,3,13.173438912723212,7.606974112568423,3,0.7094146925677802,0.6128756396416645,0.6675756892539281,0.819588489375091,0.015882533968208615
site034,2018,1,89.58032886497676,25.678267993265763,1,7,3,13.173438912723212,7.606974112568423,3,0.7094146925677802,0.6128756396416645,0.6675756892539281,0.5230835404019464,0.01622619006781287
site034,2019,7,90.15599117614327,23.65112382103689,1,9,1,6.492766307666898,6.2098777666687965,3,0.5505540848644725,0.5341639723843592,0.5391112735179826,0.46338832613762604,0.017001635984092087
site034,2019,7,90.15599117614327,23.65112382103689,1,9,1,6.492766307666898,6.2098777666687965,3,0.5505540848644725,0.5341639723843592,0.5391112735179826,0.6973809398049666,0.024225059584966725
site034,2019,7,90.15599117614327,23.65112382103689,1,9,1,6.492766307666898,6.2098777666687965,3,0.5505540848644725,0.5341639723843592,0.5391112735179826,0.819588489375091,0.015882533968208615
site034,2019,7,90.15599117614327,23.65112382103689,1,9,1,6.492766307666898,6.2098777666687965,3,0.5505540848644725,0.5341639723843592,0.5391112735179826,0.5230835404019464,0.01622619006781287
site034,2020,10,62.52374964766205,20.88942760671489,0,4,15,9.680135768372566,6.62637215689756,1,0.5760147239817872,0.41147945689088167,0.5938881457750609,0.46338832613762604,0.017001635984092087
site034,2020,10,62.52374964766205,20.88942760671489,0,4,15,9.680135768372566,6.62637215689756,1,0.5760147239817872,0.41147945689088167,0.5938881457750609,0.6973809398049666,0.024225059584966725
site034,2020,10,62.52374964766205,20.88942760671489,0,4,15,9.680135768372566,6.62637215689756,1,0.5760147239817872,0.41147945689088167,0.5938881457750609,0.819588489375091,0.015882533968208615
site034,2020,10,62.52374964766205,20.88942760671489,0,4,15,9.680135768372566,6.62637215689756,1,0.5760147239817872,0.41147945689088167,0.5938881457750609,0.5230835404019464,0.01622619006781287
site034,2021,20,77.69927733577788,18.14970424864441,1,2,13,2.7992032393813133,6.99983234400861,1,0.6260557139076437,0.5029296768663082,0.6348997196203099,0.46338832613762604,0.017001635984092087
site034,2021,20,77.69927733577788,18.14970424864441,1,2,13,2.7992032393813133,6.99983234400861,1,0.6260557139076437,0.5029296768663082,0.6348997196203099,0.6973809398049666,0.024225059584966725
site034,2021,20,77.69927733577788,18.14970424864441,1,2,13,2.7992032393813133,6.99983234400861,1,0.6260557139076437,0.5029296768663082,0.6348997196203099,0.819588489375091,0.015882533968208615
site034,2021,20,77.69927733577788,18.14970424864441,1,2,13,2.7992032393813133,6.99983234400861,1,0.6260557139076437,0.5029296768663082,0.6348997196203099,0.5230835404019464,0.01622619006781287
site034,2022,6,80.02686796709895,12.69492329051718,0,7,4,13.343441806267949,8.251212175237015,3,0.5637018501470848,0.4402688355569659,0.5563849539472457,0.46338832613762604,0.017001635984092087
site034,2022,6,80.02686796709895,12.69492329051718,0,7,4,13.343441806267949,8.251212175237015,3,0.5637018501470848,0.4402688355569659,0.5563849539472457,0.6973809398049666,0.024225059584966725
site034,2022,6,80.02686796709895,12.69492329051718,0,7,4,13.343441806267949,8.251212175237015,3,0.5637018501470848,0.4402688355569659,0.5563849539472457,0.819588489375091,0.015882533968208615
site034,2022,6,80.02686796709895,12.69492329051718,0,7,4,13.343441806267949,8.251212175237015,3,0.5637018501470848,0.4402688355569659,0.5563849539472457,0.5230835404019464,0.01622619006781287
site035,2008,50,70.80972401425242,4.722095264587551,0,4,15,9.96444695070386,5.282474001869559,2,0.162514736952336,0.4363257126861692,0.21145795647508028,0.4170037450857893,0.016471602077469186
site035,2008,50,70.80972401425242,4.722095264587551,0,4,15,9.96444695070386,5.282474001869559,2,0.162514736952336,0.4363257126861692,0.21145795647508028,0.591805621192647,0.01982432276256438
site035,2008,50,70.80972401425242,4.722095264587551,0,4,15,9.96444695070386,5.282474001869559,2,0.162514736952336,0.4363257126861692,0.21145795647508028,0.5160042840396949,0.017144050760741925
site035,2008,50,70.80972401425242,4.722095264587551,0,4,15,9.96444695070386,5.282474001869559,2,0.162514736952336,0.4363257126861692,0.21145795647508028,0.5209452297887032,0.02325997161264947
site035,2008,50,70.80972401425242,4.722095264587551,0,4,15,9.96444695070386,5.282474001869559,2,0.162514736952336,0.4363257126861692,0.21145795647508028,0.39089250479435717,0.019272743169528584
site035,2008,50,70.80972401425242,4.722095264587551,0,4,15,9.96444695070386,5.282474001869559,2,0.162514736952336,0.4363257126861692,0.21145795647508028,0.35288811443273266,0.0205605467717661
site035,2008,50,70.80972401425242,4.722095264587551,0,4,15,9.96444695070386,5.282474001869559,2,0.162514736952336,0.4363257126861692,0.21145795647508028,0.24241615247233125,0.01687259938328516
site035,2008,50,70.80972401425242,4.722095264587551,0,4,15,9.96444695070386,5.282474001869559,2,0.162514736952336,0.4363257126861692,0.21145795647508028,0.42346843531155137,0.023927723463845425
site035,2009,22,83.95208596251905,24.784769468009472,1,10,13,8.16789505444467,8.526974016567692,2,0.42208970042591243,0.7427542279811309,0.437775597007629,0.4170037450857893,0.016471602077469186
site035,2009,22,83.95208596251905,24.784769468009472,1,10,13,8.16789505444467,8.526974016567692,2,0.42208970042591243,0.7427542279811309,0.437775597007629,0.591805621192647,0.01982432276256438
site035,2009,22,83.95208596251905,24.784769468009472,1,10,13,8.16789505444467,8.526974016567692,2,0.42208970042591243,0.7427542279811309,0.437775597007629,0.5160042840396949,0.017144050760741925
site035,2009,22,83.95208596251905,24.784769468009472,1,10,13,8.16789505444467,8.526974016567692,2,0.42208970042591243,0.7427542279811309,0.437775597007629,0.5209452297887032,0.02325997161264947
site035,2009,22,83.95208596251905,24.784769468009472,1,10,13,8.16789505444467,8.526974016567692,2,0.42208970042591243,0.7427542279811309,0.437775597007629,0.39089250479435717,0.019272743169528584
site035,2009,22,83.95208596251905,24.784769468009472,1,10,13,8.16789505444467,8.526974016567692,2,0.42208970042591243,0.7427542279811309,0.437775597007629,0.35288811443273266,0.0205605467717661
site035,2009,22,83.95208596251905,24.784769468009472,1,10,13,8.16789505444467,8.526974016567692,2,0.42208970042591243,0.7427542279811309,0.437775597007629,0.24241615247233125,0.01687259938328516
site035,2009,22,83.95208596251905,24.784769468009472,1,10,13,8.16789505444467,8.526974016567692,2,0.42208970042591243,0.7427542279811309,0.437775597007629,0.42346843531155137,0.023927723463845425
site035,2010,7,89.433505050838,21.78489369736053,0,2,8,9.840028622653335,7.721035198774189,3,0.6248804969998235,0.4376094385380706,0.6239259011857667,0.4170037450857893,0.016471602077469186
site035,2010,7,89.433505050838,21.78489369736053,0,2,8,9.840028622653335,7.721035198774189,3,0.6248804969998235,0.4376094385380706,0.6239259011857667,0.591805621192647,0.01982432276256438
site035,2010,7,89.433505050838,21.78489369736053,0,2,8,9.840028622653335,7.721035198774189,3,0.6248804969998235,0.4376094385380706,0.6239259011857667,0.5160042840396949,0.017144050760741925
site035,2010,7,89.433505050838,21.78489369736053,0,2,8,9.840028622653335,7.721035198774189,3,0.6248804969998235,0.4376094385380706,0.6239259011857667,0.5209452297887032,0.02325997161264947
site035,2010,7,89.433505050838,21.78489369736053,0,2,8,9.840028622653335,7.721035198774189,3,0.6248804969998235,0.4376094385380706,0.6239259011857667,0.39089250479435717,0.019272743169528584
site035,2010,7,89.433505050838,21.78489369736053,0,2,8,9.840028622653335,7.721035198774189,3,0.6248804969998235,0.4376094385380706,0.6239259011857667,0.35288811443273266,0.0205605467717661
site035,2010,7,89.433505050838,21.78489369736053,0,2,8,9.840028622653335,7.721035198774189,3,0.6248804969998235,0.4376094385380706,0.6239259011857667,0.24241615247233125,0.01687259938328516
site035,2010,7,89.433505050838,21.78489369736053,0,2,8,9.840028622653335,7.721035198774189,3,0.6248804969998235,0.4376094385380706,0.6239259011857667,0.42346843531155137,0.023927723463845425
site035,2011,9,88.54311247356236,23.86142072174698,1,3,7,14.504638354759663,6.695882733911276,1,0.7109290265666163,0.5942481340010703,0.7096984207199809,0.4170037450857893,0.016471602077469186
site035,2011,9,88.54311247356236,23.86142072174698,1,3,7,14.504638354759663,6.695882733911276,1,0.7109290265666163,0.5942481340010703,0.7096984207199809,0.591805621192647,0.01982432276256438
site035,2011,9,88.54311247356236,23.86142072174698,1,3,7,14.504638354759663,6.695882733911276,1,0.7109290265666163,0.5942481340010703,0.7096984207199809,0.5160042840396949,0.017144050760741925
site035,2011,9,88.54311247356236,23.86142072174698,1,3,7,14.504638354759663,6.695882733911276,1,0.7109290265666163,0.5942481340010703,0.7096984207199809,0.5209452297887032,0.02325997161264947
site035,2011,9,88.54311247356236,23.86142072174698,1,3,7,14.504638354759663,6.695882733911276,1,0.7109290265666163,0.5942481340010703,0.7096984207199809,0.39089250479435717,0.019272743169528584
site035,2011,9,88.54311247356236,23.86142072174698,1,3,7,14.504638354759663,6.695882733911276,1,0.7109290265666163,0.5942481340010703,0.7096984207199809,0.35288811443273266,0.0205605467717661
site035,2011,9,88.54311247356236,23.86142072174698,1,3,7,14.504638354759663,6.695882733911276,1,0.7109290265666163,0.5942481340010703,0.7096984207199809,0.24241615247233125,0.01687259938328516
site035,2011,9,88.54311247356236,23.86142072174698,1,3,7,14.504638354759663,6.695882733911276,1,0.7109290265666163,0.5942481340010703,0.7096984207199809,0.42346843531155137,0.023927723463845425
site035,2012,36,64.65971747413278,1.5311640338040888,0,3,14,12.078377339057624,8.681281476747245,2,0.44331711339774904,0.4515714929471543,0.45411554993586145,0.4170037450857893,0.016471602077469186
site035,2012,36,64.65971747413278,1.5311640338040888,0,3,14,12.078377339057624,8.681281476747245,2,0.44331711339774904,0.4515714929471543,0.45411554993586145,0.591805621192647,0.01982432276256438
site035,2012,36,64.65971747413278,1.5311640338040888,0,3,14,12.078377339057624,8.681281476747245,2,0.44331711339774904,0.4515714929471543,0.45411554993586145,0.5160042840396949,0.017144050760741925
site035,2012,36,64.65971747413278,1.5311640338040888,0,3,14,12.078377339057624,8.681281476747245,2,0.44331711339774904,0.4515714929471543,0.45411554993586145,0.5209452297887032,0.02325997161264947
site035,2012,36,64.65971747413278,1.5311640338040888,0,3,14,12.078377339057624,8.681281476747245,2,0.44331711339774904,0.4515714929471543,0.45411554993586145,0.39089250479435717,0.019272743169528584
site035,2012,36,64.65971747413278,1.5311640338040888,0,3,14,12.078377339057624,8.681281476747245,2,0.44331711339774904,0.4515714929471543,0.45411554993586145,0.35288811443273266,0.0205605467717661
site035,2012,36,64.65971747413278,1.5311640338040888,0,3,14,12.078377339057624,8.681281476747245,2,0.44331711339774904,0.4515714929471543,0.45411554993586145,0.24241615247233125,0.01687259938328516
site035,2012,36,64.65971747413278,1.5311640338040888,0,3,14,12.078377339057624,8.681281476747245,2,0.44331711339774904,0.4515714929471543,0.45411554993586145,0.42346843531155137,0.023927723463845425
site035,2013,16,83.0048247333616,6.060214088531211,1,10,12,14.285983372945338,6.332653014687821,2,0.350698104240342,0.6354572707798741,0.4225380797612969,0.4170037450857893,0.016471602077469186
site035,2013,16,83.0048247333616,6.060214088531211,1,10,12,14.285983372945338,6.332653014687821,2,0.350698104240342,0.6354572707798741,0.4225380797612969,0.591805621192647,0.01982432276256438
site035,2013,16,83.0048247333616,6.060214088531211,1,10,12,14.285983372945338,6.332653014687821,2,0.350698104240342,0.6354572707798741,0.4225380797612969,0.5160042840396949,0.017144050760741925
site035,2013,16,83.0048247333616,6.060214088531211,1,10,12,14.285983372945338,6.332653014687821,2,0.350698104240342,0.6354572707798741,0.4225380797612969,0.5209452297887032,0.02325997161264947
site035,2013,16,83.0048247333616,6.060214088531211,1,10,12,14.285983372945338,6.332653014687821,2,0.350698104240342,0.6354572707798741,0.4225380797612969,0.39089250479435717,0.019272743169528584
site035,2013,16,83.0048247333616,6.060214088531211,1,10,12,14.285983372945338,6.332653014687821,2,0.350698104240342,0.6354572707798741,0.4225380797612969,0.35288811443273266,0.0205605467717661
site035,2013,16,83.0048247333616,6.060214088531211,1,10,12,14.285983372945338,6.332653014687821,2,0.350698104240342,0.6354572707798741,0.4225380797612969,0.24241615247233125,0.01687259938328516
site035,2013,16,83.0048247333616,6.060214088531211,1,10,12,14.285983372945338,6.332653014687821,2,0.350698104240342,0.6354572707798741,0.4225380797612969,0.42346843531155137,0.023927723463845425
site035,2014,5,91.92527948878706,18.36082008318044,0,0,4,10.260466182604432,5.498643744504079,1,0.6383180000987333,0.3153687999325286,0.6099685344742618,0.4170037450857893,0.016471602077469186
site035,2014,5,91.92527948878706,18.36082008318044,0,0,4,10.260466182604432,5.498643744504079,1,0.6383180000987333,0.3153687999325286,0.6099685344742618,0.591805621192647,0.01982432276256438
site035,2014,5,91.92527948878706,18.36082008318044,0,0,4,10.260466182604432,5.498643744504079,1,0.6383180000987333,0.3153687999325286,0.6099685344742618,0.5160042840396949,0.017144050760741925
site035,2014,5,91.92527948878706,18.36082008318044,0,0,4,10.260466182604432,5.498643744504079,1,0.6383180000987333,0.3153687999325286,0.6099685344742618,0.5209452297887032,0.02325997161264947
site035,2014,5,91.92527948878706,18.36082008318044,0,0,4,10.260466182604432,5.498643744504079,1,0.6383180000987333,0.3153687999325286,0.6099685344742618,0.39089250479435717,0.019272743169528584
site035,2014,5,91.92527948878706,18.36082008318044,0,0,4,10.260466182604432,5.498643744504079,1,0.6383180000987333,0.3153687999325286,0.6099685344742618,0.35288811443273266,0.0205605467717661
site035,2014,5,91.92527948878706,18.36082008318044,0,0,4,10.260466182604432,5.498643744504079,1,0.6383180000987333,0.3153687999325286,0.6099685344742618,0.24241615247233125,0.01687259938328516
site035,2014,5,91.92527948878706,18.36082008318044,0,0,4,10.260466182604432,5.498643744504079,1,0.6383180000987333,0.3153687999325286,0.6099685344742618,0.42346843531155137,0.023927723463845425
site035,2015,39,69.27295186556876,3.338525863131508,1,3,10,7.380737838335335,6.86722697573714,1,0.5004351735962697,0.4853191556918888,0.5365088232562425,0.4170037450857893,0.016471602077469186
site035,2015,39,69.27295186556876,3.338525863131508,1,3,10,7.380737838335335,6.86722697573714,1,0.5004351735962697,0.4853191556918888,0.5365088232562425,0.591805621192647,0.01982432276256438
site035,2015,39,69.27295186556876,3.338525863131508,1,3,10,7.380737838335335,6.86722697573714,1,0.5004351735962697,0.4853191556918888,0.5365088232562425,0.5160042840396949,0.017144050760741925
site035,2015,39,69.27295186556876,3.338525863131508,1,3,10,7.380737838335335,6.86722697573714,1,0.5004351735962697,0.4853191556918888,0.5365088232562425,0.5209452297887032,0.02325997161264947
site035,2015,39,69.27295186556876,3.338525863131508,1,3,10,7.380737838335335,6.86722697573714,1,0.5004351735962697,0.4853191556918888,0.5365088232562425,0.39089250479435717,0.019272743169528584
site035,2015,39,69.27295186556876,3.338525863131508,1,3,10,7.380737838335335,6.86722697573714,1,0.5004351735962697,0.4853191556918888,0.5365088232562425,0.35288811443273266,0.0205605467717661
site035,2015,39,69.27295186556876,3.338525863131508,1,3,10,7.380737838335335,6.86722697573714,1,0.5004351735962697,0.4853191556918888,0.5365088232562425,0.24241615247233125,0.01687259938328516
site035,2015,39,69.27295186556876,3.338525863131508,1,3,10,7.380737838335335,6.86722697573714,1,0.5004351735962697,0.4853191556918888,0.5365088232562425,0.42346843531155137,0.023927723463845425
site035,2016,5,88.99423302151263,21.512162312399596,0,6,1,14.223626513499768,5.394065352156758,3,0.5164820098195967,0.40285622460104675,0.565690749139598,0.4170037450857893,0.016471602077469186
site035,2016,5,88.99423302151263,21.512162312399596,0,6,1,14.223626513499768,5.394065352156758,3,0.5164820098195967,0.40285622460104675,0.565690749139598,0.591805621192647,0.01982432276256438
site035,2016,5,88.99423302151263,21.512162312399596,0,6,1,14.223626513499768,5.394065352156758,3,0.5164820098195967,0.40285622460104675,0.565690749139598,0.5160042840396949,0.017144050760741925
site035,2016,5,88.99423302151263,21.512162312399596,0,6,1,14.223626513499768,5.394065352156758,3,0.5164820098195967,0.40285622460104675,0.565690749139598,0.5209452297887032,0.02325997161264947
site035,2016,5,88.99423302151263,21.512162312399596,0,6,1,14.223626513499768,5.394065352156758,3,0.5164820098195967,0.40285622460104675,0.565690749139598,0.39089250479435717,0.019272743169528584
site035,2016,5,88.99423302151263,21.512162312399596,0,6,1,14.223626513499768,5.394065352156758,3,0.5164820098195967,0.40285622460104675,0.565690749139598,0.35288811443273266,0.0205605467717661
site035,2016,5,88.99423302151263,21.512162312399596,0,6,1,14.223626513499768,5.394065352156758,3,0.5164820098195967,0.40285622460104675,0.565690749139598,0.24241615247233125,0.01687259938328516
site035,2016,5,88.99423302151263,21.512162312399596,0,6,1,14.223626513499768,5.394065352156758,3,0.5164820098195967,0.40285622460104675,0.565690749139598,0.42346843531155137,0.023927723463845425
site035,2017,46,93.52092791348696,17.346394452033564,1,8,13,10.371964915655552,6.130702361697331,2,0.16890455453563152,0.7353063647362624,0.19430082142846225,0.4170037450857893,0.016471602077469186
site035,2017,46,93.52092791348696,17.346394452033564,1,8,13,10.371964915655552,6.130702361697331,2,0.16890455453563152,0.7353063647362624,0.19430082142846225,0.591805621192647,0.01982432276256438
site035,2017,46,93.52092791348696,17.346394452033564,1,8,13,10.371964915655552,6.130702361697331,2,0.16890455453563152,0.7353063647362624,0.19430082142846225,0.5160042840396949,0.017144050760741925
site035,2017,46,93.52092791348696,17.346394452033564,1,8,13,10.371964915655552,6.130702361697331,2,0.16890455453563152,0.7353063647362624,0.19430082142846225,0.5209452297887032,0.02325997161264947
site035,2017,46,93.52092791348696,17.346394452033564,1,8,13,10.371964915655552,6.130702361697331,2,0.16890455453563152,0.7353063647362624,0.19430082142846225,0.39089250479435717,0.019272743169528584
site035,2017,46,93.52092791348696,17.346394452033564,1,8,13,10.371964915655552,6.130702361697331,2,0.16890455453563152,0.7353063647362624,0.19430082142846225,0.35288811443273266,0.0205605467717661
site035,2017,46,93.52092791348696,17.346394452033564,1,8,13,10.371964915655552,6.130702361697331,2,0.16890455453563152,0.7353063647362624,0.19430082142846225,0.24241615247233125,0.01687259938328516
site035,2017,46,93.52092791348696,17.346394452033564,1,8,13,10.371964915655552,6.130702361697331,2,0.16890455453563152,0.7353063647362624,0.19430082142846225,0.42346843531155137,0.023927723463845425
site035,2018,27,64.75354283116758,9.201429366366938,0,10,12,5.895761900115758,9.935962110757828,2,0.35986012334998535,0.5092293358890395,0.36252340062959526,0.4170037450857893,0.016471602077469186
site035,2018,27,64.75354283116758,9.201429366366938,0,10,12,5.895761900115758,9.935962110757828,2,0.35986012334998535,0.5092293358890395,0.36252340062959526,0.591805621192647,0.01982432276256438
site035,2018,27,64.75354283116758,9.201429366366938,0,10,12,5.895761900115758,9.935962110757828,2,0.35986012334998535,0.5092293358890395,0.36252340062959526,0.5160042840396949,0.017144050760741925
site035,2018,27,64.75354283116758,9.201429366366938,0,10,12,5.895761900115758,9.935962110757828,2,0.35986012334998535,0.5092293358890395,0.36252340062959526,0.5209452297887032,0.02325997161264947
site035,2018,27,64.75354283116758,9.201429366366938,0,10,12,5.895761900115758,9.935962110757828,2,0.35986012334998535,0.5092293358890395,0.36252340062959526,0.39089250479435717,0.019272743169528584
site035,2018,27,64.75354283116758,9.201429366366938,0,10,12,5.895761900115758,9.935962110757828,2,0.35986012334998535,0.5092293358890395,0.36252340062959526,0.35288811443273266,0.0205605467717661
site035,2018,27,64.75354283116758,9.201429366366938,0,10,12,5.895761900115758,9.935962110757828,2,0.35986012334998535,0.5092293358890395,0.36252340062959526,0.24241615247233125,0.01687259938328516
site035,2018,27,64.75354283116758,9.201429366366938,0,10,12,5.895761900115758,9.935962110757828,2,0.35986012334998535,0.5092293358890395,0.36252340062959526,0.42346843531155137,0.023927723463845425
site035,2019,31,98.35801586508752,12.369646206265315,1,5,10,5.853950681164861,5.591870188945904,3,0.3169685987962464,0.5747776627375092,0.3449950753938084,0.4170037450857893,0.016471602077469186
site035,2019,31,98.35801586508752,12.369646206265315,1,5,10,5.853950681164861,5.591870188945904,3,0.3169685987962464,0.5747776627375092,0.3449950753938084,0.591805621192647,0.01982432276256438
site035,2019,31,98.35801586508752,12.369646206265315,1,5,10,5.853950681164861,5.591870188945904,3,0.3169685987962464,0.5747776627375092,0.3449950753938084,0.5160042840396949,0.017144050760741925
site035,2019,31,98.35801586508752,12.369646206265315,1,5,10,5.853950681164861,5.591870188945904,3,0.3169685987962464,0.5747776627375092,0.3449950753938084,0.5209452297887032,0.02325997161264947
site035,2019,31,98.35801586508752,12.369646206265315,1,5,10,5.853950681164861,5.591870188945904,3,0.3169685987962464,0.5747776627375092,0.3449950753938084,0.39089250479435717,0.019272743169528584
site035,2019,31,98.35801586508752,12.369646206265315,1,5,10,5.853950681164861,5.591870188945904,3,0.3169685987962464,0.5747776627375092,0.3449950753938084,0.35288811443273266,0.0205605467717661
site035,2019,31,98.35801586508752,12.369646206265315,1,5,10,5.853950681164861,5.591870188945904,3,0.3169685987962464,0.5747776627375092,0.3449950753938084,0.24241615247233125,0.01687259938328516
site035,2019,31,98.35801586508752,12.369646206265315,1,5,10,5.853950681164861,5.591870188945904,3,0.3169685987962464,0.5747776627375092,0.3449950753938084,0.42346843531155137,0.023927723463845425
site035,2020,48,89.91058337502182,20.509116867557168,0,4,11,1.2190639120526612,7.97321927617304,2,0.23910650312172,0.5148703004724615,0.30346327481038393,0.4170037450857893,0.016471602077469186
site035,2020,48,89.91058337502182,20.509116867557168,0,4,11,1.2190639120526612,7.97321927617304,2,0.23910650312172,0.5148703004724615,0.30346327481038393,0.591805621192647,0.01982432276256438
site035,2020,48,89.91058337502182,20.509116867557168,0,4,11,1.2190639120526612,7.97321927617304,2,0.23910650312172,0.5148703004724615,0.30346327481038393,0.5160042840396949,0.017144050760741925
site035,2020,48,89.91058337502182,20.509116867557168,0,4,11,1.2190639120526612,7.97321927617304,2,0.23910650312172,0.5148703004724615,0.30346327481038393,0.5209452297887032,0.02325997161264947
site035,2020,48,89.91058337502182,20.509116867557168,0,4,11,1.2190639120526612,7.97321927617304,2,0.23910650312172,0.5148703004724615,0.30346327481038393,0.39089250479435717,0.019272743169528584
site035,2020,48,89.91058337502182,20.509116867557168,0,4,11,1.2190639120526612,7.97321927617304,2,0.23910650312172,0.5148703004724615,0.30346327481038393,0.35288811443273266,0.0205605467717661
site035,2020,48,89.91058337502182,20.509116867557168,0,4,11,1.2190639120526612,7.97321927617304,2,0.23910650312172,0.5148703004724615,0.30346327481038393,0.24241615247233125,0.01687259938328516
site035,2020,48,89.91058337502182,20.509116867557168,0,4,11,1.2190639120526612,7.97321927617304,2,0.23910650312172,0.5148703004724615,0.30346327481038393,0.42346843531155137,0.023927723463845425
site035,2021,34,92.43557915091516,5.70321035082452,0,10,9,7.318069589789957,8.461410136660561,3,0.13365560194834553,0.5490905125308149,0.21471342658821804,0.4170037450857893,0.016471602077469186
site035,2021,34,92.43557915091516,5.70321035082452,0,10,9,7.318069589789957,8.461410136660561,3,0.13365560194834553,0.5490905125308149,0.21471342658821804,0.591805621192647,0.01982432276256438
site035,2021,34,92.43557915091516,5.70321035082452,0,10,9,7.318069589789957,8.461410136660561,3,0.13365560194834553,0.5490905125308149,0.21471342658821804,0.5160042840396949,0.017144050760741925
site035,2021,34,92.43557915091516,5.70321035082452,0,10,9,7.318069589789957,8.461410136660561,3,0.13365560194834553,0.5490905125308149,0.21471342658821804,0.5209452297887032,0.02325997161264947
site035,2021,34,92.43557915091516,5.70321035082452,0,10,9,7.318069589789957,8.461410136660561,3,0.13365560194834553,0.5490905125308149,0.21471342658821804,0.39089250479435717,0.019272743169528584
site035,2021,34,92.43557915091516,5.70321035082452,0,10,9,7.318069589789957,8.461410136660561,3,0.13365560194834553,0.5490905125308149,0.21471342658821804,0.35288811443273266,0.0205605467717661
site035,2021,34,92.43557915091516,5.70321035082452,0,10,9,7.318069589789957,8.461410136660561,3,0.13365560194834553,0.5490905125308149,0.21471342658821804,0.24241615247233125,0.01687259938328516
site035,2021,34,92.43557915091516,5.70321035082452,0,10,9,7.318069589789957,8.461410136660561,3,0.13365560194834553,0.5490905125308149,0.21471342658821804,0.42346843531155137,0.023927723463845425
site035,2022,27,67.59670893661678,4.146555200917646,0,5,12,8.14329595118761,7.606054535135627,2,0.4062018766226582,0.3956001896581909,0.41584837739460384,0.4170037450857893,0.016471602077469186
site035,2022,27,67.59670893661678,4.146555200917646,0,5,12,8.14329595118761,7.606054535135627,2,0.4062018766226582,0.3956001896581909,0.41584837739460384,0.591805621192647,0.01982432276256438
site035,2022,27,67.59670893661678,4.146555200917646,0,5,12,8.14329595118761,7.606054535135627,2,0.4062018766226582,0.3956001896581909,0.41584837739460384,0.5160042840396949,0.017144050760741925
site035,2022,27,67.59670893661678,4.146555200917646,0,5,12,8.14329595118761,7.606054535135627,2,0.4062018766226582,0.3956001896581909,0.41584837739460384,0.5209452297887032,0.02325997161264947
site035,2022,27,67.59670893661678,4.146555200917646,0,5,12,8.14329595118761,7.606054535135627,2,0.4062018766226582,0.3956001896581909,0.41584837739460384,0.39089250479435717,0.019272743169528584
site035,2022,27,67.59670893661678,4.146555200917646,0,5,12,8.14329595118761,7.606054535135627,2,0.4062018766226582,0.3956001896581909,0.41584837739460384,0.35288811443273266,0.0205605467717661
site035,2022,27,67.59670893661678,4.146555200917646,0,5,12,8.14329595118761,7.606054535135627,2,0.4062018766226582,0.3956001896581909,0.41584837739460384,0.24241615247233125,0.01687259938328516
site035,2022,27,67.59670893661678,4.146555200917646,0,5,12,8.14329595118761,7.606054535135627,2,0.4062018766226582,0.3956001896581909,0.41584837739460384,0.42346843531155137,0.023927723463845425
site036,2008,46,61.03875109925866,16.469882669392973,1,2,3,1.843209685757756,7.003438241081312,1,0.6365166103165522,0.4166687748740112,0.6098835745281809,0.5687869143120753,0.01998657111454426
site036,2008,46,61.03875109925866,16.469882669392973,1,2,3,1.843209685757756,7.003438241081312,1,0.6365166103165522,0.4166687748740112,0.6098835745281809,0.54800858574525,0.01742811480031492
site036,2008,46,61.03875109925866,16.469882669392973,1,2,3,1.843209685757756,7.003438241081312,1,0.6365166103165522,0.4166687748740112,0.6098835745281809,0.6335675641771112,0.017436091686757377
site036,2008,46,61.03875109925866,16.469882669392973,1,2,3,1.843209685757756,7.003438241081312,1,0.6365166103165522,0.4166687748740112,0.6098835745281809,0.4940745385185541,0.023313283119252938
site036,2008,46,61.03875109925866,16.469882669392973,1,2,3,1.843209685757756,7.003438241081312,1,0.6365166103165522,0.4166687748740112,0.6098835745281809,0.21067025675599985,0.021368495802453622
site036,2009,19,94.5512916892767,3.992773910285905,0,0,1,11.389470941387115,7.10662012337707,3,0.570254778113526,0.32182109491102723,0.5623624318819133,0.5687869143120753,0.01998657111454426
site036,2009,19,94.5512916892767,3.992773910285905,0,0,1,11.389470941387115,7.10662012337707,3,0.570254778113526,0.32182109491102723,0.5623624318819133,0.54800858574525,0.01742811480031492
site036,2009,19,94.5512916892767,3.992773910285905,0,0,1,11.389470941387115,7.10662012337707,3,0.570254778113526,0.32182109491102723,0.5623624318819133,0.6335675641771112,0.017436091686757377
site036,2009,19,94.5512916892767,3.992773910285905,0,0,1,11.389470941387115,7.10662012337707,3,0.570254778113526,0.32182109491102723,0.5623624318819133,0.4940745385185541,0.023313283119252938
site036,2009,19,94.5512916892767,3.992773910285905,0,0,1,11.389470941387115,7.10662012337707,3,0.570254778113526,0.32182109491102723,0.5623624318819133,0.21067025675599985,0.021368495802453622
site036,2010,0,96.767194615677,3.709124472225085,1,6,1,3.143864203710109,7.645920073846355,3,0.6251947036110479,0.41938646349644615,0.6105358179765558,0.5687869143120753,0.01998657111454426
site036,2010,0,96.767194615677,3.709124472225085,1,6,1,3.143864203710109,7.645920073846355,3,0.6251947036110479,0.41938646349644615,0.6105358179765558,0.54800858574525,0.01742811480031492
site036,2010,0,96.767194615677,3.709124472225085,1,6,1,3.143864203710109,7.645920073846355,3,0.6251947036110479,0.41938646349644615,0.6105358179765558,0.6335675641771112,0.017436091686757377
site036,2010,0,96.767194615677,3.709124472225085,1,6,1,3.143864203710109,7.645920073846355,3,0.6251947036110479,0.41938646349644615,0.6105358179765558,0.4940745385185541,0.023313283119252938
site036,2010,0,96.767194615677,3.709124472225085,1,6,1,3.143864203710109,7.645920073846355,3,0.6251947036110479,0.41938646349644615,0.6105358179765558,0.21067025675599985,0.021368495802453622
site036,2011,4,65.50511951558292,19.55782911949791,0,0,14,5.817726720590144,8.444346241885796,1,0.7824472239910579,0.35251603744559573,0.7365694963505919,0.5687869143120753,0.01998657111454426
site036,2011,4,65.50511951558292,19.55782911949791,0,0,14,5.817726720590144,8.444346241885796,1,0.7824472239910579,0.35251603744559573,0.7365694963505919,0.54800858574525,0.01742811480031492
site036,2011,4,65.50511951558292,19.55782911949791,0,0,14,5.817726720590144,8.444346241885796,1,0.7824472239910579,0.35251603744559573,0.7365694963505919,0.6335675641771112,0.017436091686757377
site036,2011,4,65.50511951558292,19.55782911949791,0,0,14,5.817726720590144,8.444346241885796,1,0.7824472239910579,0.35251603744559573,0.7365694963505919,0.4940745385185541,0.023313283119252938
site036,2011,4,65.50511951558292,19.55782911949791,0,0,14,5.817726720590144,8.444346241885796,1,0.7824472239910579,0.35251603744559573,0.7365694963505919,0.21067025675599985,0.021368495802453622
site036,2012,10,79.10594487562776,17.357230676570907,1,9,13,6.3298495607450604,9.918835947755724,3,0.5765571542089833,0.671266695763246,0.5537399081610145,0.5687869143120753,0.01998657111454426
site036,2012,10,79.10594487562776,17.357230676570907,1,9,13,6.3298495607450604,9.918835947755724,3,0.5765571542089833,0.671266695763246,0.5537399081610145,0.54800858574525,0.01742811480031492
site036,2012,10,79.10594487562776,17.357230676570907,1,9,13,6.3298495607450604,9.918835947755724,3,0.5765571542089833,0.671266695763246,0.5537399081610145,0.6335675641771112,0.017436091686757377
site036,2012,10,79.10594487562776,17.357230676570907,1,9,13,6.3298495607450604,9.918835947755724,3,0.5765571542089833,0.671266695763246,0.5537399081610145,0.4940745385185541,0.023313283119252938
site036,2012,10,79.10594487562776,17.357230676570907,1,9,13,6.3298495607450604,9.918835947755724,3,0.5765571542089833,0.671266695763246,0.5537399081610145,0.21067025675599985,0.021368495802453622
site036,2013,46,78.51846001110971,9.860559065593408,1,1,3,13.871242871973664,7.574268016032875,1,0.6019846570091294,0.5527352056658947,0.6059903042532423,0.5687869143120753,0.01998657111454426
site036,2013,46,78.51846001110971,9.860559065593408,1,1,3,13.871242871973664,7.574268016032875,1,0.6019846570091294,0.5527352056658947,0.6059903042532423,0.54800858574525,0.01742811480031492
site036,2013,46,78.51846001110971,9.860559065593408,1,1,3,13.871242871973664,7.574268016032875,1,0.6019846570091294,0.5527352056658947,0.6059903042532423,0.6335675641771112,0.017436091686757377
site036,2013,46,78.51846001110971,9.860559065593408,1,1,3,13.871242871973664,7.574268016032875,1,0.6019846570091294,0.5527352056658947,0.6059903042532423,0.4940745385185541,0.023313283119252938
site036,2013,46,78.51846001110971,9.860559065593408,1,1,3,13.871242871973664,7.574268016032875,1,0.6019846570091294,0.5527352056658947,0.6059903042532423,0.21067025675599985,0.021368495802453622
site036,2014,19,88.00714444369078,8.714261908549815,1,2,8,9.92000738857314,7.462270632386208,3,0.6294969112973459,0.5258025148718073,0.6482760587832415,0.5687869143120753,0.01998657111454426
site036,2014,19,88.00714444369078,8.714261908549815,1,2,8,9.92000738857314,7.462270632386208,3,0.6294969112973459,0.5258025148718073,0.6482760587832415,0.54800858574525,0.01742811480031492
site036,2014,19,88.00714444369078,8.714261908549815,1,2,8,9.92000738857314,7.462270632386208,3,0.6294969112973459,0.5258025148718073,0.6482760587832415,0.6335675641771112,0.017436091686757377
site036,2014,19,88.00714444369078,8.714261908549815,1,2,8,9.92000738857314,7.462270632386208,3,0.6294969112973459,0.5258025148718073,0.6482760587832415,0.4940745385185541,0.023313283119252938
site036,2014,19,88.00714444369078,8.714261908549815,1,2,8,9.92000738857314,7.462270632386208,3,0.6294969112973459,0.5258025148718073,0.6482760587832415,0.21067025675599985,0.021368495802453622
site036,2015,1,62.62299604713917,19.34252289822325,0,8,14,13.084674074314536,6.462816169951111,1,0.51915809792023,0.45078013822456864,0.47906548260176,0.5687869143120753,0.01998657111454426
site036,2015,1,62.62299604713917,19.34252289822325,0,8,14,13.084674074314536,6.462816169951111,1,0.51915809792023,0.45078013822456864,0.47906548260176,0.54800858574525,0.01742811480031492
site036,2015,1,62.62299604713917,19.34252289822325,0,8,14,13.084674074314536,6.462816169951111,1,0.51915809792023,0.45078013822456864,0.47906548260176,0.6335675641771112,0.017436091686757377
site036,2015,1,62.62299604713917,19.34252289822325,0,8,14,13.084674074314536,6.462816169951111,1,0.51915809792023,0.45078013822456864,0.47906548260176,0.4940745385185541,0.023313283119252938
site036,2015,1,62.62299604713917,19.34252289822325,0,8,14,13.084674074314536,6.462816169951111,1,0.51915809792023,0.45078013822456864,0.47906548260176,0.21067025675599985,0.021368495802453622
site036,2016,47,89.32159973308444,25.09197717299685,0,10,1,6.780198858585209,5.799721470102668,2,0.11882194058184935,0.517600770675799,0.1553929580746892,0.5687869143120753,0.01998657111454426
site036,2016,47,89.32159973308444,25.09197717299685,0,10,1,6.780198858585209,5.799721470102668,2,0.11882194058184935,0.517600770675799,0.1553929580746892,0.54800858574525,0.01742811480031492
site036,2016,47,89.32159973308444,25.09197717299685,0,10,1,6.780198858585209,5.799721470102668,2,0.11882194058184935,0.517600770675799,0.1553929580746892,0.6335675641771112,0.017436091686757377
site036,2016,47,89.32159973308444,25.09197717299685,0,10,1,6.780198858585209,5.799721470102668,2,0.11882194058184935,0.517600770675799,0.1553929580746892,0.4940745385185541,0.023313283119252938
site036,2016,47,89.32159973308444,25.09197717299685,0,10,1,6.780198858585209,5.799721470102668,2,0.11882194058184935,0.517600770675799,0.1553929580746892,0.21067025675599985,0.021368495802453622
site036,2017,50,75.83726361393929,2.489312842488289,0,3,3,10.86351167364046,6.6634886036626995,2,0.3304846001341922,0.3725734334344627,0.3671659849957485,0.5687869143120753,0.01998657111454426
site036,2017,50,75.83726361393929,2.489312842488289,0,3,3,10.86351167364046,6.6634886036626995,2,0.3304846001341922,0.3725734334344627,0.3671659849957485,0.54800858574525,0.01742811480031492
site036,2017,50,75.83726361393929,2.489312842488289,0,3,3,10.86351167364046,6.6634886036626995,2,0.3304846001341922,0.3725734334344627,0.3671659849957485,0.6335675641771112,0.017436091686757377
site036,2017,50,75.83726361393929,2.489312842488289,0,3,3,10.86351167364046,6.6634886036626995,2,0.3304846001341922,0.3725734334344627,0.3671659849957485,0.4940745385185541,0.023313283119252938
site036,2017,50,75.83726361393929,2.489312842488289,0,3,3,10.86351167364046,6.6634886036626995,2,0.3304846001341922,0.3725734334344627,0.3671659849957485,0.21067025675599985,0.021368495802453622
site036,2018,9,78.45951379276812,29.77771604876034,1,0,11,3.7618936975486577,6.466511064209044,1,0.802076016313846,0.48177672164197205,0.7812912274673357,0.5687869143120753,0.01998657111454426
site036,2018,9,78.45951379276812,29.77771604876034,1,0,11,3.7618936975486577,6.466511064209044,1,0.802076016313846,0.48177672164197205,0.7812912274673357,0.54800858574525,0.01742811480031492
site036,2018,9,78.45951379276812,29.77771604876034,1,0,11,3.7618936975486577,6.466511064209044,1,0.802076016313846,0.48177672164197205,0.7812912274673357,0.6335675641771112,0.017436091686757377
site036,2018,9,78.45951379276812,29.77771604876034,1,0,11,3.7618936975486577,6.466511064209044,1,0.802076016313846,0.48177672164197205,0.7812912274673357,0.4940745385185541,0.023313283119252938
site036,2018,9,78.45951379276812,29.77771604876034,1,0,11,3.7618936975486577,6.466511064209044,1,0.802076016313846,0.48177672164197205,0.7812912274673357,0.21067025675599985,0.021368495802453622
site036,2019,50,89.01197453029454,1.6405285929795357,0,6,12,8.389389411080629,6.826204500393942,2,0.07115232717883269,0.5044638851601059,0.11310789683225662,0.5687869143120753,0.01998657111454426
site036,2019,50,89.01197453029454,1.6405285929795357,0,6,12,8.389389411080629,6.826204500393942,2,0.07115232717883269,0.5044638851601059,0.11310789683225662,0.54800858574525,0.01742811480031492
site036,2019,50,89.01197453029454,1.6405285929795357,0,6,12,8.389389411080629,6.826204500393942,2,0.07115232717883269,0.5044638851601059,0.11310789683225662,0.6335675641771112,0.017436091686757377
site036,2019,50,89.01197453029454,1.6405285929795357,0,6,12,8.389389411080629,6.826204500393942,2,0.07115232717883269,0.5044638851601059,0.11310789683225662,0.4940745385185541,0.023313283119252938
site036,2019,50,89.01197453029454,1.6405285929795357,0,6,12,8.389389411080629,6.826204500393942,2,0.07115232717883269,0.5044638851601059,0.11310789683225662,0.21067025675599985,0.021368495802453622
site036,2020,48,78.80010588094592,6.215327782323584,1,10,1,13.597121205180883,7.378910920815542,2,0.3077256525909767,0.6313123219339363,0.34219051855201427,0.5687869143120753,0.01998657111454426
site036,2020,48,78.80010588094592,6.215327782323584,1,10,1,13.597121205180883,7.378910920815542,2,0.3077256525909767,0.6313123219339363,0.34219051855201427,0.54800858574525,0.01742811480031492
site036,2020,48,78.80010588094592,6.215327782323584,1,10,1,13.597121205180883,7.378910920815542,2,0.3077256525909767,0.6313123219339363,0.34219051855201427,0.6335675641771112,0.017436091686757377
site036,2020,48,78.80010588094592,6.215327782323584,1,10,1,13.597121205180883,7.378910920815542,2,0.3077256525909767,0.6313123219339363,0.34219051855201427,0.4940745385185541,0.023313283119252938
site036,2020,48,78.80010588094592,6.215327782323584,1,10,1,13.597121205180883,7.378910920815542,2,0.3077256525909767,0.6313123219339363,0.34219051855201427,0.21067025675599985,0.021368495802453622
site036,2021,6,99.98095910064876,10.53207017108798,0,3,10,5.06903374614194,6.873047401895747,3,0.4408939890145401,0.38443502148234704,0.4808197703945332,0.5687869143120753,0.01998657111454426
site036,2021,6,99.98095910064876,10.53207017108798,0,3,10,5.06903374614194,6.873047401895747,3,0.4408939890145401,0.38443502148234704,0.4808197703945332,0.54800858574525,0.01742811480031492
site036,2021,6,99.98095910064876,10.53207017108798,0,3,10,5.06903374614194,6.873047401895747,3,0.4408939890145401,0.38443502148234704,0.4808197703945332,0.6335675641771112,0.017436091686757377
site036,2021,6,99.98095910064876,10.53207017108798,0,3,10,5.06903374614194,6.873047401895747,3,0.4408939890145401,0.38443502148234704,0.4808197703945332,0.4940745385185541,0.023313283119252938
site036,2021,6,99.98095910064876,10.53207017108798,0,3,10,5.06903374614194,6.873047401895747,3,0.4408939890145401,0.38443502148234704,0.4808197703945332,0.21067025675599985,0.021368495802453622
site036,2022,37,93.83743166923524,25.79197578621097,0,1,9,5.2787876687943935,7.133646385045722,3,0.40424402320967234,0.4838424100129933,0.4110357532435485,0.5687869143120753,0.01998657111454426
site036,2022,37,93.83743166923524,25.79197578621097,0,1,9,5.2787876687943935,7.133646385045722,3,0.40424402320967234,0.4838424100129933,0.4110357532435485,0.54800858574525,0.01742811480031492
site036,2022,37,93.83743166923524,25.79197578621097,0,1,9,5.2787876687943935,7.133646385045722,3,0.40424402320967234,0.4838424100129933,0.4110357532435485,0.6335675641771112,0.017436091686757377
site036,2022,37,93.83743166923524,25.79197578621097,0,1,9,5.2787876687943935,7.133646385045722,3,0.40424402320967234,0.4838424100129933,0.4110357532435485,0.4940745385185541,0.023313283119252938
site036,2022,37,93.83743166923524,25.79197578621097,0,1,9,5.2787876687943935,7.133646385045722,3,0.40424402320967234,0.4838424100129933,0.4110357532435485,0.21067025675599985,0.021368495802453622
site037,2008,43,93.12829215079546,6.346449083648622,1,9,6,7.016870113089681,6.130580444587395,2,0.18278075298566474,0.6029528556929734,0.22003585997629294,0.3530513678625669,0.017776537649052508
site037,2008,43,93.12829215079546,6.346449083648622,1,9,6,7.016870113089681,6.130580444587395,2,0.18278075298566474,0.6029528556929734,0.22003585997629294,0.7405210894332278,0.02272564406701049
site037,2008,43,93.12829215079546,6.346449083648622,1,9,6,7.016870113089681,6.130580444587395,2,0.18278075298566474,0.6029528556929734,0.22003585997629294,0.5640443467680981,0.023695060013518135
site037,2008,43,93.12829215079546,6.346449083648622,1,9,6,7.016870113089681,6.130580444587395,2,0.18278075298566474,0.6029528556929734,0.22003585997629294,0.4262472910289753,0.018326860087097704
site037,2009,35,90.4657737724483,24.06534437322989,0,2,10,13.413773188367486,5.278349376749247,2,0.3454868850890939,0.508333254328826,0.36390366367052385,0.3530513678625669,0.017776537649052508
site037,2009,35,90.4657737724483,24.06534437322989,0,2,10,13.413773188367486,5.278349376749247,2,0.3454868850890939,0.508333254328826,0.36390366367052385,0.7405210894332278,0.02272564406701049
site037,2009,35,90.4657737724483,24.06534437322989,0,2,10,13.413773188367486,5.278349376749247,2,0.3454868850890939,0.508333254328826,0.36390366367052385,0.5640443467680981,0.023695060013518135
site037,2009,35,90.4657737724483,24.06534437322989,0,2,10,13.413773188367486,5.278349376749247,2,0.3454868850890939,0.508333254328826,0.36390366367052385,0.4262472910289753,0.018326860087097704
site037,2010,22,64.48425967246294,25.90671201003715,0,3,13,10.527402388397604,9.293057024478912,1,0.6504442355210799,0.5145815913633179,0.6556082393405488,0.3530513678625669,0.017776537649052508
site037,2010,22,64.48425967246294,25.90671201003715,0,3,13,10.527402388397604,9.293057024478912,1,0.6504442355210799,0.5145815913633179,0.6556082393405488,0.7405210894332278,0.02272564406701049
site037,2010,22,64.48425967246294,25.90671201003715,0,3,13,10.527402388397604,9.293057024478912,1,0.6504442355210799,0.5145815913633179,0.6556082393405488,0.5640443467680981,0.023695060013518135
site037,2010,22,64.48425967246294,25.90671201003715,0,3,13,10.527402388397604,9.293057024478912,1,0.6504442355210799,0.5145815913633179,0.6556082393405488,0.4262472910289753,0.018326860087097704
site037,2011,50,93.55908077210188,14.68856648192741,0,3,3,7.1290861535817385,7.806185778463259,3,0.30749039795077426,0.47589163610319163,0.3445190647737572,0.3530513678625669,0.017776537649052508
site037,2011,50,93.55908077210188,14.68856648192741,0,3,3,7.1290861535817385,7.806185778463259,3,0.30749039795077426,0.47589163610319163,0.3445190647737572,0.7405210894332278,0.02272564406701049
site037,2011,50,93.55908077210188,14.68856648192741,0,3,3,7.1290861535817385,7.806185778463259,3,0.30749039795077426,0.47589163610319163,0.3445190647737572,0.5640443467680981,0.023695060013518135
site037,2011,50,93.55908077210188,14.68856648192741,0,3,3,7.1290861535817385,7.806185778463259,3,0.30749039795077426,0.47589163610319163,0.3445190647737572,0.4262472910289753,0.018326860087097704
site037,2012,33,92.55402096547186,19.797882339917123,1,10,9,12.667978998739272,7.686873908387497,2,0.30807443741461,0.761684453966922,0.3421567491257633,0.3530513678625669,0.017776537649052508
site037,2012,33,92.55402096547186,19.797882339917123,1,10,9,12.667978998739272,7.686873908387497,2,0.30807443741461,0.761684453966922,0.3421567491257633,0.7405210894332278,0.02272564406701049
site037,2012,33,92.55402096547186,19.797882339917123,1,10,9,12.667978998739272,7.686873908387497,2,0.30807443741461,0.761684453966922,0.3421567491257633,0.5640443467680981,0.023695060013518135
site037,2012,33,92.55402096547186,19.797882339917123,1,10,9,12.667978998739272,7.686873908387497,2,0.30807443741461,0.761684453966922,0.3421567491257633,0.4262472910289753,0.018326860087097704
site037,2013,23,99.65648776851594,10.426208852091804,0,8,6,4.388070986140519,8.084661905886605,3,0.25542398066569466,0.478852120176655,0.2841854831712455,0.3530513678625669,0.017776537649052508
site037,2013,23,99.65648776851594,10.426208852091804,0,8,6,4.388070986140519,8.084661905886605,3,0.25542398066569466,0.478852120176655,0.2841854831712455,0.7405210894332278,0.02272564406701049
site037,2013,23,99.65648776851594,10.426208852091804,0,8,6,4.388070986140519,8.084661905886605,3,0.25542398066569466,0.478852120176655,0.2841854831712455,0.5640443467680981,0.023695060013518135
site037,2013,23,99.65648776851594,10.426208852091804,0,8,6,4.388070986140519,8.084661905886605,3,0.25542398066569466,0.478852120176655,0.2841854831712455,0.4262472910289753,0.018326860087097704
site037,2014,3,61.93258099257946,14.517986285034567,1,1,11,6.369997694157064,6.098707091296092,1,0.8406805465727878,0.3757309361290587,0.7928724792676387,0.3530513678625669,0.017776537649052508
site037,2014,3,61.93258099257946,14.517986285034567,1,1,11,6.369997694157064,6.098707091296092,1,0.8406805465727878,0.3757309361290587,0.7928724792676387,0.7405210894332278,0.02272564406701049
site037,2014,3,61.93258099257946,14.517986285034567,1,1,11,6.369997694157064,6.098707091296092,1,0.8406805465727878,0.3757309361290587,0.7928724792676387,0.5640443467680981,0.023695060013518135
site037,2014,3,61.93258099257946,14.517986285034567,1,1,11,6.369997694157064,6.098707091296092,1,0.8406805465727878,0.3757309361290587,0.7928724792676387,0.4262472910289753,0.018326860087097704
site037,2015,28,89.87151649780571,28.32981122727506,1,10,15,2.683728355448693,7.597955072997138,2,0.29520100157472345,0.7357074503525907,0.3226263682310945,0.3530513678625669,0.017776537649052508
site037,2015,28,89.87151649780571,28.32981122727506,1,10,15,2.683728355448693,7.597955072997138,2,0.29520100157472345,0.7357074503525907,0.3226263682310945,0.7405210894332278,0.02272564406701049
site037,2015,28,89.87151649780571,28.32981122727506,1,10,15,2.683728355448693,7.597955072997138,2,0.29520100157472345,0.7357074503525907,0.3226263682310945,0.5640443467680981,0.023695060013518135
site037,2015,28,89.87151649780571,28.32981122727506,1,10,15,2.683728355448693,7.597955072997138,2,0.29520100157472345,0.7357074503525907,0.3226263682310945,0.4262472910289753,0.018326860087097704
site037,2016,22,76.77254086360335,8.118464660597965,1,7,1,4.2652099980041385,8.614115599775687,3,0.6090477270979174,0.4777231808184473,0.5827327656630381,0.3530513678625669,0.017776537649052508
site037,2016,22,76.77254086360335,8.118464660597965,1,7,1,4.2652099980041385,8.614115599775687,3,0.6090477270979174,0.4777231808184473,0.5827327656630381,0.7405210894332278,0.02272564406701049
site037,2016,22,76.77254086360335,8.118464660597965,1,7,1,4.2652099980041385,8.614115599775687,3,0.6090477270979174,0.4777231808184473,0.5827327656630381,0.5640443467680981,0.023695060013518135
site037,2016,22,76.77254086360335,8.118464660597965,1,7,1,4.2652099980041385,8.614115599775687,3,0.6090477270979174,0.4777231808184473,0.5827327656630381,0.4262472910289753,0.018326860087097704
site037,2017,10,83.2857558876276,1.651254717959091,1,2,15,10.62605488440022,5.141092872945592,1,0.5397084694433121,0.46449244232196996,0.5597256349412238,0.3530513678625669,0.017776537649052508
site037,2017,10,83.2857558876276,1.651254717959091,1,2,15,10.62605488440022,5.141092872945592,1,0.5397084694433121,0.46449244232196996,0.5597256349412238,0.7405210894332278,0.02272564406701049
site037,2017,10,83.2857558876276,1.651254717959091,1,2,15,10.62605488440022,5.141092872945592,1,0.5397084694433121,0.46449244232196996,0.5597256349412238,0.5640443467680981,0.023695060013518135
site037,2017,10,83.2857558876276,1.651254717959091,1,2,15,10.62605488440022,5.141092872945592,1,0.5397084694433121,0.46449244232196996,0.5597256349412238,0.4262472910289753,0.018326860087097704
site037,2018,32,93.2293624896556,29.04508308530785,0,9,1,14.90689278487116,8.184581899549812,3,0.34756516967149853,0.6297613677753462,0.34210060321274766,0.3530513678625669,0.017776537649052508
site037,2018,32,93.2293624896556,29.04508308530785,0,9,1,14.90689278487116,8.184581899549812,3,0.34756516967149853,0.6297613677753462,0.34210060321274766,0.7405210894332278,0.02272564406701049
site037,2018,32,93.2293624896556,29.04508308530785,0,9,1,14.90689278487116,8.184581899549812,3,0.34756516967149853,0.6297613677753462,0.34210060321274766,0.5640443467680981,0.023695060013518135
site037,2018,32,93.2293624896556,29.04508308530785,0,9,1,14.90689278487116,8.184581899549812,3,0.34756516967149853,0.6297613677753462,0.34210060321274766,0.4262472910289753,0.018326860087097704
site037,2019,50,60.54122509434819,8.54141685180366,0,4,11,12.650353281758726,8.701115009607747,2,0.39901996068416196,0.49716653837489705,0.39604619471754515,0.3530513678625669,0.017776537649052508
site037,2019,50,60.54122509434819,8.54141685180366,0,4,11,12.650353281758726,8.701115009607747,2,0.39901996068416196,0.49716653837489705,0.39604619471754515,0.7405210894332278,0.02272564406701049
site037,2019,50,60.54122509434819,8.54141685180366,0,4,11,12.650353281758726,8.701115009607747,2,0.39901996068416196,0.49716653837489705,0.39604619471754515,0.5640443467680981,0.023695060013518135
site037,2019,50,60.54122509434819,8.54141685180366,0,4,11,12.650353281758726,8.701115009607747,2,0.39901996068416196,0.49716653837489705,0.39604619471754515,0.4262472910289753,0.018326860087097704
site037,2020,49,60.460870526731014,19.969109278870743,0,1,5,10.771512898616493,7.226431706221774,1,0.5433671452409392,0.4025498088570385,0.5397657740473203,0.3530513678625669,0.017776537649052508
site037,2020,49,60.460870526731014,19.969109278870743,0,1,5,10.771512898616493,7.226431706221774,1,0.5433671452409392,0.4025498088570385,0.5397657740473203,0.7405210894332278,0.02272564406701049
site037,2020,49,60.460870526731014,19.969109278870743,0,1,5,10.771512898616493,7.226431706221774,1,0.5433671452409392,0.4025498088570385,0.5397657740473203,0.5640443467680981,0.023695060013518135
site037,2020,49,60.460870526731014,19.969109278870743,0,1,5,10.771512898616493,7.226431706221774,1,0.5433671452409392,0.4025498088570385,0.5397657740473203,0.4262472910289753,0.018326860087097704
site037,2021,47,99.85782829113305,3.186055888887495,1,3,9,8.347785631660372,8.986922841286287,3,0.36815645158302185,0.653849573286539,0.4068931508619367,0.3530513678625669,0.017776537649052508
site037,2021,47,99.85782829113305,3.186055888887495,1,3,9,8.347785631660372,8.986922841286287,3,0.36815645158302185,0.653849573286539,0.4068931508619367,0.7405210894332278,0.02272564406701049
site037,2021,47,99.85782829113305,3.186055888887495,1,3,9,8.347785631660372,8.986922841286287,3,0.36815645158302185,0.653849573286539,0.4068931508619367,0.5640443467680981,0.023695060013518135
site037,2021,47,99.85782829113305,3.186055888887495,1,3,9,8.347785631660372,8.986922841286287,3,0.36815645158302185,0.653849573286539,0.4068931508619367,0.4262472910289753,0.018326860087097704
site037,2022,2,90.6275866832584,29.108136871131137,0,9,0,3.563440801110118,8.278732254402712,3,0.5436637476385259,0.4389061585170127,0.5190473257144023,0.3530513678625669,0.017776537649052508
site037,2022,2,90.6275866832584,29.108136871131137,0,9,0,3.563440801110118,8.278732254402712,3,0.5436637476385259,0.4389061585170127,0.5190473257144023,0.7405210894332278,0.02272564406701049
site037,2022,2,90.6275866832584,29.108136871131137,0,9,0,3.563440801110118,8.278732254402712,3,0.5436637476385259,0.4389061585170127,0.5190473257144023,0.5640443467680981,0.023695060013518135
site037,2022,2,90.6275866832584,29.108136871131137,0,9,0,3.563440801110118,8.278732254402712,3,0.5436637476385259,0.4389061585170127,0.5190473257144023,0.4262472910289753,0.018326860087097704
site038,2008,32,72.58650442585349,27.637640391476452,1,4,7,14.749985538888724,8.04258992546238,1,0.6749446042062833,0.6665868733606003,0.6357657432219096,0.4937397711153398,0.025101989502792833
site038,2008,32,72.58650442585349,27.637640391476452,1,4,7,14.749985538888724,8.04258992546238,1,0.6749446042062833,0.6665868733606003,0.6357657432219096,0.36229969366042847,0.01630303094742474
site038,2009,29,92.48046977445485,26.17642355035059,1,6,7,12.536949122790247,5.911838201573119,2,0.43927459669785307,0.666760194277411,0.4323084855752366,0.4937397711153398,0.025101989502792833
site038,2009,29,92.48046977445485,26.17642355035059,1,6,7,12.536949122790247,5.911838201573119,2,0.43927459669785307,0.666760194277411,0.4323084855752366,0.36229969366042847,0.01630303094742474
site038,2010,33,99.64876869693398,13.306990270037204,0,1,15,14.556020789779724,8.713246397674084,3,0.37498957446680414,0.6109810008789245,0.4005348795867932,0.4937397711153398,0.025101989502792833
site038,2010,33,99.64876869693398,13.306990270037204,0,1,15,14.556020789779724,8.713246397674084,3,0.37498957446680414,0.6109810008789245,0.4005348795867932,0.36229969366042847,0.01630303094742474
site038,2011,1,68.0303837172687,23.64992730366066,0,1,6,8.344312506727874,7.105969267431647,1,0.8128280550267092,0.3056654432458084,0.7985061222820964,0.4937397711153398,0.025101989502792833
site038,2011,1,68.0303837172687,23.64992730366066,0,1,6,8.344312506727874,7.105969267431647,1,0.8128280550267092,0.3056654432458084,0.7985061222820964,0.36229969366042847,0.01630303094742474
site038,2012,39,85.84148881025612,9.6972708881367,1,9,13,11.417100264225155,5.5374545708764344,2,0.18095285187406543,0.6676966515352255,0.21891529156663794,0.4937397711153398,0.025101989502792833
site038,2012,39,85.84148881025612,9.6972708881367,1,9,13,11.417100264225155,5.5374545708764344,2,0.18095285187406543,0.6676966515352255,0.21891529156663794,0.36229969366042847,0.01630303094742474
site038,2013,19,77.50202915631235,9.394130864180624,1,4,10,12.141504311934114,5.794299377594143,1,0.5540884356552389,0.5157287755374791,0.5820773274645563,0.4937397711153398,0.025101989502792833
site038,2013,19,77.50202915631235,9.394130864180624,1,4,10,12.141504311934114,5.794299377594143,1,0.5540884356552389,0.5157287755374791,0.5820773274645563,0.36229969366042847,0.01630303094742474
site038,2014,13,97.52113046124578,29.97894116048701,1,10,9,8.019977591466159,8.930554540129378,3,0.4807613986758328,0.7606565032918436,0.48318254365840874,0.4937397711153398,0.025101989502792833
site038,2014,13,97.52113046124578,29.97894116048701,1,10,9,8.019977591466159,8.930554540129378,3,0.4807613986758328,0.7606565032918436,0.48318254365840874,0.36229969366042847,0.01630303094742474
site038,2015,24,99.5201322156936,29.624079030007124,0,8,7,8.289166614878923,5.591220288770273,2,0.23030406455589514,0.5449891699371806,0.2531517122305266,0.4937397711153398,0.025101989502792833
site038,2015,24,99.5201322156936,29.624079030007124,0,8,7,8.289166614878923,5.591220288770273,2,0.23030406455589514,0.5449891699371806,0.2531517122305266,0.36229969366042847,0.01630303094742474
site038,2016,44,78.25278243981302,14.921343894675374,1,8,9,10.8659733585082,7.331878844415769,2,0.3401368868268161,0.6732136783673799,0.3508383890908945,0.4937397711153398,0.025101989502792833
site038,2016,44,78.25278243981302,14.921343894675374,1,8,9,10.8659733585082,7.331878844415769,2,0.3401368868268161,0.6732136783673799,0.3508383890908945,0.36229969366042847,0.01630303094742474
site038,2017,6,69.22459772787988,23.105976920574903,1,0,2,7.673848154488951,6.85085846344009,1,0.9634036868416456,0.3862962184800967,0.9094988963519873,0.4937397711153398,0.025101989502792833
site038,2017,6,69.22459772787988,23.105976920574903,1,0,2,7.673848154488951,6.85085846344009,1,0.9634036868416456,0.3862962184800967,0.9094988963519873,0.36229969366042847,0.01630303094742474
site038,2018,39,87.81957074068487,10.52974582533352,0,8,13,5.11731647932902,7.46700257062912,2,0.12338716040137675,0.5316698653990436,0.146455818084113,0.4937397711153398,0.025101989502792833
site038,2018,39,87.81957074068487,10.52974582533352,0,8,13,5.11731647932902,7.46700257062912,2,0.12338716040137675,0.5316698653990436,0.146455818084113,0.36229969366042847,0.01630303094742474
site038,2019,34,82.26529378443956,7.85092657036148,1,1,14,8.505391644313931,7.833590564550832,1,0.537666599458853,0.5756720503696526,0.5544487241140253,0.4937397711153398,0.025101989502792833
site038,2019,34,82.26529378443956,7.85092657036148,1,1,14,8.505391644313931,7.833590564550832,1,0.537666599458853,0.5756720503696526,0.5544487241140253,0.36229969366042847,0.01630303094742474
site038,2020,30,83.3884035795927,18.917940881103277,0,10,10,9.249443151522428,9.769794080639258,2,0.296732355830373,0.6264493773431993,0.298279084608094,0.4937397711153398,0.025101989502792833
site038,2020,30,83.3884035795927,18.917940881103277,0,10,10,9.249443151522428,9.769794080639258,2,0.296732355830373,0.6264493773431993,0.298279084608094,0.36229969366042847,0.01630303094742474
site038,2021,21,77.34524987637997,10.87302869767882,0,5,13,10.241629418917,5.903099075658247,2,0.35281468157243295,0.42477988890024887,0.3962444524476457,0.4937397711153398,0.025101989502792833
site038,2021,21,77.34524987637997,10.87302869767882,0,5,13,10.241629418917,5.903099075658247,2,0.35281468157243295,0.42477988890024887,0.3962444524476457,0.36229969366042847,0.01630303094742474
site038,2022,15,77.04700211063027,2.693339800927788,0,1,9,14.386879725847391,6.932342904619873,1,0.5771259729955492,0.35316228943532463,0.5870653999035674,0.4937397711153398,0.025101989502792833
site038,2022,15,77.04700211063027,2.693339800927788,0,1,9,14.386879725847391,6.932342904619873,1,0.5771259729955492,0.35316228943532463,0.5870653999035674,0.36229969366042847,0.01630303094742474
site039,2008,21,83.87417581863701,29.476428845198825,1,8,14,4.792635101359338,7.152584900613874,2,0.44039252697697845,0.6788747440731074,0.43613709531118233,0.432962935878384,0.015608429033420843
site039,2008,21,83.87417581863701,29.476428845198825,1,8,14,4.792635101359338,7.152584900613874,2,0.44039252697697845,0.6788747440731074,0.43613709531118233,0.7013924852027794,0.02217704133719505
site039,2009,28,78.08342339470983,20.953163529047742,1,10,1,4.706404631026089,9.247784363105891,3,0.5377319961812616,0.6097246011130487,0.48833840431995557,0.432962935878384,0.015608429033420843
site039,2009,28,78.08342339470983,20.953163529047742,1,10,1,4.706404631026089,9.247784363105891,3,0.5377319961812616,0.6097246011130487,0.48833840431995557,0.7013924852027794,0.02217704133719505
site039,2010,32,98.26434634625912,26.00328440638259,0,4,0,4.585637393873185,5.167958152014762,3,0.3412964125195,0.39314466825350974,0.3495062878991412,0.432962935878384,0.015608429033420843
site039,2010,32,98.26434634625912,26.00328440638259,0,4,0,4.585637393873185,5.167958152014762,3,0.3412964125195,0.39314466825350974,0.3495062878991412,0.7013924852027794,0.02217704133719505
site039,2011,43,93.77721400000156,14.38916902593337,0,8,6,7.09049897827208,5.111795295961201,2,0.07174072174994325,0.47744329841535693,0.10309276151137031,0.432962935878384,0.015608429033420843
site039,2011,43,93.77721400000156,14.38916902593337,0,8,6,7.09049897827208,5.111795295961201,2,0.07174072174994325,0.47744329841535693,0.10309276151137031,0.7013924852027794,0.02217704133719505
site039,2012,49,68.91074410639703,4.6547887567430735,0,7,14,6.973815583623946,6.637661956483498,2,0.13563176098383795,0.46380714591546773,0.17904801010604574,0.432962935878384,0.015608429033420843
site039,2012,49,68.91074410639703,4.6547887567430735,0,7,14,6.973815583623946,6.637661956483498,2,0.13563176098383795,0.46380714591546773,0.17904801010604574,0.7013924852027794,0.02217704133719505
site039,2013,30,76.80680708028376,20.728567912476137,1,3,5,6.479176660068333,6.711553110508248,1,0.6232890464302956,0.5080053484022062,0.5972072032413263,0.432962935878384,0.015608429033420843
site039,2013,30,76.80680708028376,20.728567912476137,1,3,5,6.479176660068333,6.711553110508248,1,0.6232890464302956,0.5080053484022062,0.5972072032413263,0.7013924852027794,0.02217704133719505
site039,2014,45,76.7993174213916,1.57851477060467,1,2,3,8.952092693652958,9.395668648649009,3,0.6082364209503652,0.5228877506614802,0.588631411867267,0.432962935878384,0.015608429033420843
site039,2014,45,76.7993174213916,1.57851477060467,1,2,3,8.952092693652958,9.395668648649009,3,0.6082364209503652,0.5228877506614802,0.588631411867267,0.7013924852027794,0.02217704133719505
site039,2015,7,60.83163395524025,5.725800550542772,1,4,6,6.222388178110123,7.8233193047344685,1,0.8065633596560439,0.38192865668592,0.8152084912501921,0.432962935878384,0.015608429033420843
site039,2015,7,60.83163395524025,5.725800550542772,1,4,6,6.222388178110123,7.8233193047344685,1,0.8065633596560439,0.38192865668592,0.8152084912501921,0.7013924852027794,0.02217704133719505
site039,2016,23,75.21791878156364,26.97865921794437,1,7,12,6.256705822888762,5.623902967199683,2,0.4668299499691901,0.5916769540756214,0.45015049294201853,0.432962935878384,0.015608429033420843
site039,2016,23,75.21791878156364,26.97865921794437,1,7,12,6.256705822888762,5.623902967199683,2,0.4668299499691901,0.5916769540756214,0.45015049294201853,0.7013924852027794,0.02217704133719505
site039,2017,29,76.8939371034503,5.441574592143297,0,2,13,5.292145214509219,5.308503441046923,2,0.3419500660050382,0.3229527359006529,0.4584228485722262,0.432962935878384,0.015608429033420843
site039,2017,29,76.8939371034503,5.441574592143297,0,2,13,5.292145214509219,5.308503441046923,2,0.3419500660050382,0.3229527359006529,0.4584228485722262,0.7013924852027794,0.02217704133719505
site039,2018,22,67.65704253688455,8.500606215093285,1,0,0,9.741212845314294,5.582239965442568,1,0.7956046632524749,0.3283147993088389,0.7801177172289253,0.432962935878384,0.015608429033420843
site039,2018,22,67.65704253688455,8.500606215093285,1,0,0,9.741212845314294,5.582239965442568,1,0.7956046632524749,0.3283147993088389,0.7801177172289253,0.7013924852027794,0.02217704133719505
site039,2019,36,88.21317126974463,8.076715726638213,1,2,8,3.304975455161184,9.179357537068428,3,0.5557046589211249,0.5497089837854652,0.5484410650013118,0.432962935878384,0.015608429033420843
site039,2019,36,88.21317126974463,8.076715726638213,1,2,8,3.304975455161184,9.179357537068428,3,0.5557046589211249,0.5497089837854652,0.5484410650013118,0.7013924852027794,0.02217704133719505
site039,2020,31,60.54081900976598,10.044082314241678,0,1,8,2.894037109334022,7.064947629114613,1,0.5701013470628671,0.2649514322265464,0.5520837526746388,0.432962935878384,0.015608429033420843
site039,2020,31,60.54081900976598,10.044082314241678,0,1,8,2.894037109334022,7.064947629114613,1,0.5701013470628671,0.2649514322265464,0.5520837526746388,0.7013924852027794,0.02217704133719505
site039,2021,16,89.24812423065305,7.416153997182846,0,10,6,2.1482885349541903,9.842154377838597,3,0.3410836031454099,0.46462204650093486,0.35277036247911875,0.432962935878384,0.015608429033420843
site039,2021,16,89.24812423065305,7.416153997182846,0,10,6,2.1482885349541903,9.842154377838597,3,0.3410836031454099,0.46462204650093486,0.35277036247911875,0.7013924852027794,0.02217704133719505
site039,2022,25,77.30896391905844,1.8858584424015137,1,4,3,2.067094810772687,8.517806093441322,3,0.6278350040801542,0.416909747311812,0.6124907491229028,0.432962935878384,0.015608429033420843
site039,2022,25,77.30896391905844,1.8858584424015137,1,4,3,2.067094810772687,8.517806093441322,3,0.6278350040801542,0.416909747311812,0.6124907491229028,0.7013924852027794,0.02217704133719505
site040,2008,42,89.24960372038186,27.18806166271679,0,1,6,10.660524036735296,6.344118438428268,2,0.4180170917086981,0.491646379048628,0.4180521900823668,0.4717359527139409,0.026734255760125898
site040,2008,42,89.24960372038186,27.18806166271679,0,1,6,10.660524036735296,6.344118438428268,2,0.4180170917086981,0.491646379048628,0.4180521900823668,0.5604442545511475,0.020376158949517303
site040,2009,22,60.55766209959984,28.822526464471593,0,1,1,14.59057301376015,9.458955032750964,1,0.882058743893839,0.4306074453593012,0.8222664048968411,0.4717359527139409,0.026734255760125898
site040,2009,22,60.55766209959984,28.822526464471593,0,1,1,14.59057301376015,9.458955032750964,1,0.882058743893839,0.4306074453593012,0.8222664048968411,0.5604442545511475,0.020376158949517303
site040,2010,25,61.81253233924508,28.34261118201539,0,9,9,12.095428451895714,8.243404142558575,2,0.4753221408845575,0.5537395755475198,0.4364874098592668,0.4717359527139409,0.026734255760125898
site040,2010,25,61.81253233924508,28.34261118201539,0,9,9,12.095428451895714,8.243404142558575,2,0.4753221408845575,0.5537395755475198,0.4364874098592668,0.5604442545511475,0.020376158949517303
site040,2011,35,76.73657505773008,14.145701159490272,0,5,3,10.164954603184016,9.980098770465702,3,0.5184605355495704,0.49013769783794303,0.4872446561162538,0.4717359527139409,0.026734255760125898
site040,2011,35,76.73657505773008,14.145701159490272,0,5,3,10.164954603184016,9.980098770465702,3,0.5184605355495704,0.49013769783794303,0.4872446561162538,0.5604442545511475,0.020376158949517303
site040,2012,44,85.75360008515418,13.692285070195794,0,5,11,10.66191879287362,5.574813730781898,2,0.1745174857198801,0.4996930453195627,0.19789790206056015,0.4717359527139409,0.026734255760125898
site040,2012,44,85.75360008515418,13.692285070195794,0,5,11,10.66191879287362,5.574813730781898,2,0.1745174857198801,0.4996930453195627,0.19789790206056015,0.5604442545511475,0.020376158949517303
site040,2013,7,68.79175142385066,2.4548182850703597,0,0,15,5.839427006430924,8.942016346845776,1,0.6918169132092525,0.31726209522817167,0.6973616656402222,0.4717359527139409,0.026734255760125898
site040,2013,7,68.79175142385066,2.4548182850703597,0,0,15,5.839427006430924,8.942016346845776,1,0.6918169132092525,0.31726209522817167,0.6973616656402222,0.5604442545511475,0.020376158949517303
site040,2014,14,93.33770611323416,11.43481678236276,0,2,12,10.016767037566751,9.896204915130513,3,0.5570676778219923,0.5119322111315152,0.5540945412850066,0.4717359527139409,0.026734255760125898
site040,2014,14,93.33770611323416,11.43481678236276,0,2,12,10.016767037566751,9.896204915130513,3,0.5570676778219923,0.5119322111315152,0.5540945412850066,0.5604442545511475,0.020376158949517303
site040,2015,35,87.79069254174829,27.002677876036618,0,6,3,6.45656891958788,8.745170860784128,3,0.41964970092689396,0.5286127373550886,0.3880893620898713,0.4717359527139409,0.026734255760125898
site040,2015,35,87.79069254174829,27.002677876036618,0,6,3,6.45656891958788,8.745170860784128,3,0.41964970092689396,0.5286127373550886,0.3880893620898713,0.5604442545511475,0.020376158949517303
site040,2016,44,95.96497940830886,11.760831849649549,1,6,10,2.7400881494395435,8.879821323789656,3,0.31732707956813666,0.6640048398570204,0.3314167929069661,0.4717359527139409,0.026734255760125898
site040,2016,44,95.96497940830886,11.760831849649549,1,6,10,2.7400881494395435,8.879821323789656,3,0.31732707956813666,0.6640048398570204,0.3314167929069661,0.5604442545511475,0.020376158949517303
site040,2017,2,76.5696114115417,15.59526532702148,1,2,0,11.973311412148178,9.893580013886094,1,1,0.48998502126802435,0.9361205103932374,0.4717359527139409,0.026734255760125898
site040,2017,2,76.5696114115417,15.59526532702148,1,2,0,11.973311412148178,9.893580013886094,1,1,0.48998502126802435,0.9361205103932374,0.5604442545511475,0.020376158949517303
site040,2018,38,76.44018813036382,16.300379876280203,0,9,15,13.15315371984616,6.634955550543964,2,0.15328742488606373,0.5991214718185724,0.1825031756431894,0.4717359527139409,0.026734255760125898
site040,2018,38,76.44018813036382,16.300379876280203,0,9,15,13.15315371984616,6.634955550543964,2,0.15328742488606373,0.5991214718185724,0.1825031756431894,0.5604442545511475,0.020376158949517303
site040,2019,32,70.00059957616031,5.937831887276843,0,1,6,6.833921025972813,6.908680549822748,1,0.5231059778849646,0.2941362025130334,0.5309820418028458,0.4717359527139409,0.026734255760125898
site040,2019,32,70.00059957616031,5.937831887276843,0,1,6,6.833921025972813,6.908680549822748,1,0.5231059778849646,0.2941362025130334,0.5309820418028458,0.5604442545511475,0.020376158949517303
site040,2020,37,74.95068156160414,16.61936452705413,0,3,1,10.086011108476669,5.89095828239806,1,0.46238899054227994,0.3554557882273801,0.475905943391864,0.4717359527139409,0.026734255760125898
site040,2020,37,74.95068156160414,16.61936452705413,0,3,1,10.086011108476669,5.89095828239806,1,0.46238899054227994,0.3554557882273801,0.475905943391864,0.5604442545511475,0.020376158949517303
site040,2021,44,69.27570930682123,4.204309907043353,1,4,5,9.066434866283087,7.077636099420488,1,0.501721026452693,0.4928382797893953,0.5104925964436708,0.4717359527139409,0.026734255760125898
site040,2021,44,69.27570930682123,4.204309907043353,1,4,5,9.066434866283087,7.077636099420488,1,0.501721026452693,0.4928382797893953,0.5104925964436708,0.5604442545511475,0.020376158949517303
site040,2022,25,97.26412658579648,18.809045997215435,1,0,12,13.517066072672606,7.114105899818242,3,0.59430965058902685,0.6454363043077329,0.5599893591424462,0.4717359527139409,0.026734255760125898
site040,2022,25,97.26412658579648,18.809045997215435,1,0,12,13.517066072672606,7.114105899818242,3,0.59430965058902685,0.6454363043077329,0.5599893591424462,0.5604442545511475,0.020376158949517303
site041,2008,27,79.05379020608962,16.804316382622346,1,10,6,6.538545896764845,7.999851338099688,2,0.4351786420416958,0.6191874156916741,0.43154890265271073,0.5293382638979699,0.014778999354316156
site041,2008,27,79.05379020608962,16.804316382622346,1,10,6,6.538545896764845,7.999851338099688,2,0.4351786420416958,0.6191874156916741,0.43154890265271073,0.5930538644703486,0.014495308737994816
site041,2009,25,61.906600119546056,7.601232083048672,0,7,7,6.550854552537203,7.0589599560480565,2,0.427475926921424,0.3430535454971514,0.41515817550606277,0.5293382638979699,0.014778999354316156
site041,2009,25,61.906600119546056,7.601232083048672,0,7,7,6.550854552537203,7.0589599560480565,2,0.427475926921424,0.3430535454971514,0.41515817550606277,0.5930538644703486,0.014495308737994816
site041,2010,16,90.94124224036932,27.143750925548375,0,9,3,5.31267151562497,5.388955113012344,2,0.3153557650359788,0.43473291645199824,0.34224241754862084,0.5293382638979699,0.014778999354316156
site041,2010,16,90.94124224036932,27.143750925548375,0,9,3,5.31267151562497,5.388955113012344,2,0.3153557650359788,0.43473291645199824,0.34224241754862084,0.5930538644703486,0.014495308737994816
site041,2011,22,73.24469317682087,6.757266664179042,0,8,13,2.359828219283372,8.276867986423895,2,0.32270525897795305,0.42270635244682025,0.35032188889095656,0.5293382638979699,0.014778999354316156
site041,2011,22,73.24469317682087,6.757266664179042,0,8,13,2.359828219283372,8.276867986423895,2,0.32270525897795305,0.42270635244682025,0.35032188889095656,0.5930538644703486,0.014495308737994816
site041,2012,37,82.11505882441998,13.232551409397274,1,2,2,11.17066538427025,5.166102551156655,1,0.541520500017813,0.47565173149885837,0.566422194363047,0.5293382638979699,0.014778999354316156
site041,2012,37,82.11505882441998,13.232551409397274,1,2,2,11.17066538427025,5.166102551156655,1,0.541520500017813,0.47565173149885837,0.566422194363047,0.5930538644703486,0.014495308737994816
site041,2013,9,87.05322115682065,26.646493882406503,0,4,0,13.456515992991626,5.771820259978995,1,0.6018967609731611,0.39823617489620217,0.6124146087260718,0.5293382638979699,0.014778999354316156
site041,2013,9,87.05322115682065,26.646493882406503,0,4,0,13.456515992991626,5.771820259978995,1,0.6018967609731611,0.39823617489620217,0.6124146087260718,0.5930538644703486,0.014495308737994816
site041,2014,44,71.09337483532727,7.907824551220983,0,7,12,8.78764523472637,9.823012195993217,2,0.30513208606405373,0.5516509051245986,0.29207087368144263,0.5293382638979699,0.014778999354316156
site041,2014,44,71.09337483532727,7.907824551220983,0,7,12,8.78764523472637,9.823012195993217,2,0.30513208606405373,0.5516509051245986,0.29207087368144263,0.5930538644703486,0.014495308737994816
site041,2015,37,62.11422713473439,9.45728734927252,1,9,7,2.842121451161802,7.542783179087564,2,0.42963608487136934,0.5105047015841997,0.4177796197412178,0.5293382638979699,0.014778999354316156
site041,2015,37,62.11422713473439,9.45728734927252,1,9,7,2.842121451161802,7.542783179087564,2,0.42963608487136934,0.5105047015841997,0.4177796197412178,0.5930538644703486,0.014495308737994816
site041,2016,40,77.03034334816039,26.41546281636693,1,2,3,13.649137025233358,6.413235475774854,1,0.6359278395327467,0.5861615282606767,0.6312528772988064,0.5293382638979699,0.014778999354316156
site041,2016,40,77.03034334816039,26.41546281636693,1,2,3,13.649137025233358,6.413235475774854,1,0.6359278395327467,0.5861615282606767,0.6312528772988064,0.5930538644703486,0.014495308737994816
site041,2017,7,84.40473928116262,18.953101775143296,0,0,15,6.551201214082539,5.013511821161956,1,0.5297386613001164,0.34555120390692395,0.5448064467830823,0.5293382638979699,0.014778999354316156
site041,2017,7,84.40473928116262,18.953101775143296,0,0,15,6.551201214082539,5.013511821161956,1,0.5297386613001164,0.34555120390692395,0.5448064467830823,0.5930538644703486,0.014495308737994816
site041,2018,0,99.04184140264988,25.861663857009265,1,0,10,2.822946318425238,6.6175950900651515,3,0.7493417350416847,0.4937570592959127,0.705686449311491,0.5293382638979699,0.014778999354316156
site041,2018,0,99.04184140264988,25.861663857009265,1,0,10,2.822946318425238,6.6175950900651515,3,0.7493417350416847,0.4937570592959127,0.705686449311491,0.5930538644703486,0.014495308737994816
site041,2019,15,98.79200480878352,14.841245642630383,0,1,15,13.594413734506816,9.42299343412742,3,0.5266917052758637,0.5790706629260168,0.550181410369064,0.5293382638979699,0.014778999354316156
site041,2019,15,98.79200480878352,14.841245642630383,0,1,15,13.594413734506816,9.42299343412742,3,0.5266917052758637,0.5790706629260168,0.550181410369064,0.5930538644703486,0.014495308737994816
site041,2020,1,63.53938229382038,26.932697838172317,1,9,7,7.246581841260195,5.8018287911545485,1,0.6731958799826521,0.4966146131680495,0.6341161104415343,0.5293382638979699,0.014778999354316156
site041,2020,1,63.53938229382038,26.932697838172317,1,9,7,7.246581841260195,5.8018287911545485,1,0.6731958799826521,0.4966146131680495,0.6341161104415343,0.5930538644703486,0.014495308737994816
site041,2021,39,79.93520149029791,5.90301134577021,0,7,2,7.068643781822175,6.916613606736064,2,0.27791822583997083,0.3865580291844184,0.26741492455765525,0.5293382638979699,0.014778999354316156
site041,2021,39,79.93520149029791,5.90301134577021,0,7,2,7.068643781822175,6.916613606736064,2,0.27791822583997083,0.3865580291844184,0.26741492455765525,0.5930538644703486,0.014495308737994816
site041,2022,13,75.82757471129298,19.01103399368003,0,8,0,6.841198092326522,7.786392132984474,3,0.5378720992782872,0.38101647634598085,0.5095480517075301,0.5293382638979699,0.014778999354316156
site041,2022,13,75.82757471129298,19.01103399368003,0,8,0,6.841198092326522,7.786392132984474,3,0.5378720992782872,0.38101647634598085,0.5095480517075301,0.5930538644703486,0.014495308737994816
site042,2008,11,75.61327716335654,21.960055361967537,0,2,4,5.3982195956632495,7.472618822939694,1,0.6935590151071438,0.3256090655230088,0.6997523901238007,0.5229178643149962,0.01609212578074973
site042,2008,11,75.61327716335654,21.960055361967537,0,2,4,5.3982195956632495,7.472618822939694,1,0.6935590151071438,0.3256090655230088,0.6997523901238007,0.6597091412815957,0.023382602041141037
site042,2009,25,72.73997963406146,6.516268738778308,0,9,6,2.977054579649121,8.613934294553474,2,0.35786422907646914,0.395743275792639,0.35860420369446266,0.5229178643149962,0.01609212578074973
site042,2009,25,72.73997963406146,6.516268738778308,0,9,6,2.977054579649121,8.613934294553474,2,0.35786422907646914,0.395743275792639,0.35860420369446266,0.6597091412815957,0.023382602041141037
site042,2010,7,87.30300216935575,17.492749565979466,1,10,13,12.066566966474056,9.064719610614702,3,0.5070535827034617,0.7327064836347427,0.51780348170616,0.5229178643149962,0.01609212578074973
site042,2010,7,87.30300216935575,17.492749565979466,1,10,13,12.066566966474056,9.064719610614702,3,0.5070535827034617,0.7327064836347427,0.51780348170616,0.6597091412815957,0.023382602041141037
site042,2011,40,71.38459630310535,20.474408498499542,1,0,12,12.771564953029156,7.0479277381673455,1,0.6365400294942439,0.6007778554367502,0.6358407493279418,0.5229178643149962,0.01609212578074973
site042,2011,40,71.38459630310535,20.474408498499542,1,0,12,12.771564953029156,7.0479277381673455,1,0.6365400294942439,0.6007778554367502,0.6358407493279418,0.6597091412815957,0.023382602041141037
site042,2012,7,75.60378856956959,27.657116062007844,0,1,9,3.701580221299082,6.124256661860272,1,0.6689300282182735,0.3203766432928252,0.6992661012801392,0.5229178643149962,0.01609212578074973
site042,2012,7,75.60378856956959,27.657116062007844,0,1,9,3.701580221299082,6.124256661860272,1,0.6689300282182735,0.3203766432928252,0.6992661012801392,0.6597091412815957,0.023382602041141037
site042,2013,8,99.60674241185188,10.44123123656027,0,2,4,7.401303049642593,7.52933056675829,3,0.5502636244692113,0.36278239138374585,0.5577513587743159,0.5229178643149962,0.01609212578074973
site042,2013,8,99.60674241185188,10.44123123656027,0,2,4,7.401303049642593,7.52933056675829,3,0.5502636244692113,0.36278239138374585,0.5577513587743159,0.6597091412815957,0.023382602041141037
site042,2014,32,91.68022925965488,16.855810038978234,1,5,10,4.538945613894612,6.508469666587189,3,0.39089222719355915,0.5869282256422852,0.40364109707018386,0.5229178643149962,0.01609212578074973
site042,2014,32,91.68022925965488,16.855810038978234,1,5,10,4.538945613894612,6.508469666587189,3,0.39089222719355915,0.5869282256422852,0.40364109707018386,0.6597091412815957,0.023382602041141037
site042,2015,2,72.49620606191456,1.14474418037571,0,2,1,2.161173343192786,9.146487604593858,3,0.776938827305897,0.1910635063360475,0.7855516238466725,0.5229178643149962,0.01609212578074973
site042,2015,2,72.49620606191456,1.14474418037571,0,2,1,2.161173343192786,9.146487604593858,3,0.776938827305897,0.1910635063360475,0.7855516238466725,0.6597091412815957,0.023382602041141037
site042,2016,39,92.68470921553671,11.733368100365624,0,9,9,11.766767226625234,6.32318060612306,2,0.088527012785658,0.5624222297456776,0.10560064734842621,0.5229178643149962,0.01609212578074973
site042,2016,39,92.68470921553671,11.733368100365624,0,9,9,11.766767226625234,6.32318060612306,2,0.088527012785658,0.5624222297456776,0.10560064734842621,0.6597091412815957,0.023382602041141037
site042,2017,1,68.83639088831842,19.49102131417021,0,7,3,4.876294972840697,7.478521208977327,1,0.6416486423494004,0.31832969556107843,0.6201165186210964,0.5229178643149962,0.01609212578074973
site042,2017,1,68.83639088831842,19.49102131417021,0,7,3,4.876294972840697,7.478521208977327,1,0.6416486423494004,0.31832969556107843,0.6201165186210964,0.6597091412815957,0.023382602041141037
site042,2018,0,80.04295281134546,18.678603294305503,0,1,7,8.071093952748924,5.4834217799361795,1,0.6691827386641213,0.28448162550217304,0.6524905852557223,0.5229178643149962,0.01609212578074973
site042,2018,0,80.04295281134546,18.678603294305503,0,1,7,8.071093952748924,5.4834217799361795,1,0.6691827386641213,0.28448162550217304,0.6524905852557223,0.6597091412815957,0.023382602041141037
site042,2019,8,66.67889185249805,24.730472904862836,0,2,3,2.883105575107038,6.436408519512042,1,0.7386388183514448,0.24523021865920414,0.7546349953150855,0.5229178643149962,0.01609212578074973
site042,2019,8,66.67889185249805,24.730472904862836,0,2,3,2.883105575107038,6.436408519512042,1,0.7386388183514448,0.24523021865920414,0.7546349953150855,0.6597091412815957,0.023382602041141037
site042,2020,6,64.78636777959764,4.418862102320418,1,4,10,7.681289092171937,9.223490611184388,1,0.7997360888807233,0.46767381615602444,0.7872640401850459,0.5229178643149962,0.01609212578074973
site042,2020,6,64.78636777959764,4.418862102320418,1,4,10,7.681289092171937,9.223490611184388,1,0.7997360888807233,0.46767381615602444,0.7872640401850459,0.6597091412815957,0.023382602041141037
site042,2021,12,95.9043987095356,20.237372462404892,1,8,1,12.908654987812042,7.379174365196377,3,0.5635056394931727,0.6243644972534844,0.5476129459215039,0.5229178643149962,0.01609212578074973
site042,2021,12,95.9043987095356,20.237372462404892,1,8,1,12.908654987812042,7.379174365196377,3,0.5635056394931727,0.6243644972534844,0.5476129459215039,0.6597091412815957,0.023382602041141037
site042,2022,28,63.74859514646232,6.846610402688384,0,9,13,1.196963408961892,7.2674173035193235,2,0.2651348793722321,0.3851275564440302,0.29185125453564253,0.5229178643149962,0.01609212578074973
site042,2022,28,63.74859514646232,6.846610402688384,0,9,13,1.196963408961892,7.2674173035193235,2,0.2651348793722321,0.3851275564440302,0.29185125453564253,0.6597091412815957,0.023382602041141037
site043,2008,19,94.6023422665894,18.018926702905446,1,9,3,14.92304523428902,5.999013260006905,3,0.4221551488386618,0.6408976159265614,0.4719629422251024,0.45554311975949496,0.020650355300179748
site043,2008,19,94.6023422665894,18.018926702905446,1,9,3,14.92304523428902,5.999013260006905,3,0.4221551488386618,0.6408976159265614,0.4719629422251024,0.6325944964962594,0.01801302787655966
site043,2008,19,94.6023422665894,18.018926702905446,1,9,3,14.92304523428902,5.999013260006905,3,0.4221551488386618,0.6408976159265614,0.4719629422251024,0.47297849762434363,0.02168624153977045
site043,2008,19,94.6023422665894,18.018926702905446,1,9,3,14.92304523428902,5.999013260006905,3,0.4221551488386618,0.6408976159265614,0.4719629422251024,0.717119478566607,0.021394115882942356
site043,2008,19,94.6023422665894,18.018926702905446,1,9,3,14.92304523428902,5.999013260006905,3,0.4221551488386618,0.6408976159265614,0.4719629422251024,0.8261933077661505,0.022166729528534046
site043,2009,13,71.06365854851902,21.15702938265167,1,0,0,12.04610284930095,6.298173188697547,1,0.9127773491003209,0.4099247142720044,0.8650860871625512,0.45554311975949496,0.020650355300179748
site043,2009,13,71.06365854851902,21.15702938265167,1,0,0,12.04610284930095,6.298173188697547,1,0.9127773491003209,0.4099247142720044,0.8650860871625512,0.6325944964962594,0.01801302787655966
site043,2009,13,71.06365854851902,21.15702938265167,1,0,0,12.04610284930095,6.298173188697547,1,0.9127773491003209,0.4099247142720044,0.8650860871625512,0.47297849762434363,0.02168624153977045
site043,2009,13,71.06365854851902,21.15702938265167,1,0,0,12.04610284930095,6.298173188697547,1,0.9127773491003209,0.4099247142720044,0.8650860871625512,0.717119478566607,0.021394115882942356
site043,2009,13,71.06365854851902,21.15702938265167,1,0,0,12.04610284930095,6.298173188697547,1,0.9127773491003209,0.4099247142720044,0.8650860871625512,0.8261933077661505,0.022166729528534046
site043,2010,15,61.091347709298134,16.320356288459152,0,8,13,4.503444036003202,7.702886210754514,2,0.4543551003559256,0.4134618990244422,0.45657700626715747,0.45554311975949496,0.020650355300179748
site043,2010,15,61.091347709298134,16.320356288459152,0,8,13,4.503444036003202,7.702886210754514,2,0.4543551003559256,0.4134618990244422,0.45657700626715747,0.6325944964962594,0.01801302787655966
site043,2010,15,61.091347709298134,16.320356288459152,0,8,13,4.503444036003202,7.702886210754514,2,0.4543551003559256,0.4134618990244422,0.45657700626715747,0.47297849762434363,0.02168624153977045
site043,2010,15,61.091347709298134,16.320356288459152,0,8,13,4.503444036003202,7.702886210754514,2,0.4543551003559256,0.4134618990244422,0.45657700626715747,0.717119478566607,0.021394115882942356
site043,2010,15,61.091347709298134,16.320356288459152,0,8,13,4.503444036003202,7.702886210754514,2,0.4543551003559256,0.4134618990244422,0.45657700626715747,0.8261933077661505,0.022166729528534046
site043,2011,6,91.49539853446186,11.716123792575672,1,2,13,11.367327261250466,8.626926011638716,3,0.7015936714643907,0.6010695186745042,0.6628113341102381,0.45554311975949496,0.020650355300179748
site043,2011,6,91.49539853446186,11.716123792575672,1,2,13,11.367327261250466,8.626926011638716,3,0.7015936714643907,0.6010695186745042,0.6628113341102381,0.6325944964962594,0.01801302787655966
site043,2011,6,91.49539853446186,11.716123792575672,1,2,13,11.367327261250466,8.626926011638716,3,0.7015936714643907,0.6010695186745042,0.6628113341102381,0.47297849762434363,0.02168624153977045
site043,2011,6,91.49539853446186,11.716123792575672,1,2,13,11.367327261250466,8.626926011638716,3,0.7015936714643907,0.6010695186745042,0.6628113341102381,0.717119478566607,0.021394115882942356
site043,2011,6,91.49539853446186,11.716123792575672,1,2,13,11.367327261250466,8.626926011638716,3,0.7015936714643907,0.6010695186745042,0.6628113341102381,0.8261933077661505,0.022166729528534046
site043,2012,35,74.34641199186444,21.25569976097904,0,3,6,7.48560717375949,5.9230628167279065,2,0.438873837268981,0.3877200284165755,0.47513464304494635,0.45554311975949496,0.020650355300179748
site043,2012,35,74.34641199186444,21.25569976097904,0,3,6,7.48560717375949,5.9230628167279065,2,0.438873837268981,0.3877200284165755,0.47513464304494635,0.6325944964962594,0.01801302787655966
site043,2012,35,74.34641199186444,21.25569976097904,0,3,6,7.48560717375949,5.9230628167279065,2,0.438873837268981,0.3877200284165755,0.47513464304494635,0.47297849762434363,0.02168624153977045
site043,2012,35,74.34641199186444,21.25569976097904,0,3,6,7.48560717375949,5.9230628167279065,2,0.438873837268981,0.3877200284165755,0.47513464304494635,0.717119478566607,0.021394115882942356
site043,2012,35,74.34641199186444,21.25569976097904,0,3,6,7.48560717375949,5.9230628167279065,2,0.438873837268981,0.3877200284165755,0.47513464304494635,0.8261933077661505,0.022166729528534046
site043,2013,44,61.00411863066256,14.73742926120758,0,0,5,1.4963862509466708,5.926983122481033,1,0.5156312244511383,0.2406460537308488,0.5092998929132885,0.45554311975949496,0.020650355300179748
site043,2013,44,61.00411863066256,14.73742926120758,0,0,5,1.4963862509466708,5.926983122481033,1,0.5156312244511383,0.2406460537308488,0.5092998929132885,0.6325944964962594,0.01801302787655966
site043,2013,44,61.00411863066256,14.73742926120758,0,0,5,1.4963862509466708,5.926983122481033,1,0.5156312244511383,0.2406460537308488,0.5092998929132885,0.47297849762434363,0.02168624153977045
site043,2013,44,61.00411863066256,14.73742926120758,0,0,5,1.4963862509466708,5.926983122481033,1,0.5156312244511383,0.2406460537308488,0.5092998929132885,0.717119478566607,0.021394115882942356
site043,2013,44,61.00411863066256,14.73742926120758,0,0,5,1.4963862509466708,5.926983122481033,1,0.5156312244511383,0.2406460537308488,0.5092998929132885,0.8261933077661505,0.022166729528534046
site043,2014,11,89.84374391846359,7.693427593214437,1,0,4,9.54223442170769,9.591649713693188,3,0.8450524005661755,0.49873761352098195,0.7361746631617183,0.45554311975949496,0.020650355300179748
site043,2014,11,89.84374391846359,7.693427593214437,1,0,4,9.54223442170769,9.591649713693188,3,0.8450524005661755,0.49873761352098195,0.7361746631617183,0.6325944964962594,0.01801302787655966
site043,2014,11,89.84374391846359,7.693427593214437,1,0,4,9.54223442170769,9.591649713693188,3,0.8450524005661755,0.49873761352098195,0.7361746631617183,0.47297849762434363,0.02168624153977045
site043,2014,11,89.84374391846359,7.693427593214437,1,0,4,9.54223442170769,9.591649713693188,3,0.8450524005661755,0.49873761352098195,0.7361746631617183,0.717119478566607,0.021394115882942356
site043,2014,11,89.84374391846359,7.693427593214437,1,0,4,9.54223442170769,9.591649713693188,3,0.8450524005661755,0.49873761352098195,0.7361746631617183,0.8261933077661505,0.022166729528534046
site043,2015,24,61.18502308614552,14.169906202238051,1,5,6,6.603726155590266,5.668416355038062,1,0.6161955515249347,0.4240416749013306,0.6113259063978379,0.45554311975949496,0.020650355300179748
site043,2015,24,61.18502308614552,14.169906202238051,1,5,6,6.603726155590266,5.668416355038062,1,0.6161955515249347,0.4240416749013306,0.6113259063978379,0.6325944964962594,0.01801302787655966
site043,2015,24,61.18502308614552,14.169906202238051,1,5,6,6.603726155590266,5.668416355038062,1,0.6161955515249347,0.4240416749013306,0.6113259063978379,0.47297849762434363,0.02168624153977045
site043,2015,24,61.18502308614552,14.169906202238051,1,5,6,6.603726155590266,5.668416355038062,1,0.6161955515249347,0.4240416749013306,0.6113259063978379,0.717119478566607,0.021394115882942356
site043,2015,24,61.18502308614552,14.169906202238051,1,5,6,6.603726155590266,5.668416355038062,1,0.6161955515249347,0.4240416749013306,0.6113259063978379,0.8261933077661505,0.022166729528534046
site043,2016,26,77.35459323972464,3.296565656317398,0,9,1,14.952753809280694,5.032249467913061,2,0.2722137666827061,0.3750656119496214,0.30532519730212565,0.45554311975949496,0.020650355300179748
site043,2016,26,77.35459323972464,3.296565656317398,0,9,1,14.952753809280694,5.032249467913061,2,0.2722137666827061,0.3750656119496214,0.30532519730212565,0.6325944964962594,0.01801302787655966
site043,2016,26,77.35459323972464,3.296565656317398,0,9,1,14.952753809280694,5.032249467913061,2,0.2722137666827061,0.3750656119496214,0.30532519730212565,0.47297849762434363,0.02168624153977045
site043,2016,26,77.35459323972464,3.296565656317398,0,9,1,14.952753809280694,5.032249467913061,2,0.2722137666827061,0.3750656119496214,0.30532519730212565,0.717119478566607,0.021394115882942356
site043,2016,26,77.35459323972464,3.296565656317398,0,9,1,14.952753809280694,5.032249467913061,2,0.2722137666827061,0.3750656119496214,0.30532519730212565,0.8261933077661505,0.022166729528534046
site043,2017,12,70.26507331989706,8.472736638272181,1,6,14,7.196231769863516,6.362816657638177,1,0.5405765456717282,0.499689366225991,0.5549222288672919,0.45554311975949496,0.020650355300179748
site043,2017,12,70.26507331989706,8.472736638272181,1,6,14,7.196231769863516,6.362816657638177,1,0.5405765456717282,0.499689366225991,0.5549222288672919,0.6325944964962594,0.01801302787655966
site043,2017,12,70.26507331989706,8.472736638272181,1,6,14,7.196231769863516,6.362816657638177,1,0.5405765456717282,0.499689366225991,0.5549222288672919,0.47297849762434363,0.02168624153977045
site043,2017,12,70.26507331989706,8.472736638272181,1,6,14,7.196231769863516,6.362816657638177,1,0.5405765456717282,0.499689366225991,0.5549222288672919,0.717119478566607,0.021394115882942356
site043,2017,12,70.26507331989706,8.472736638272181,1,6,14,7.196231769863516,6.362816657638177,1,0.5405765456717282,0.499689366225991,0.5549222288672919,0.8261933077661505,0.022166729528534046
site043,2018,19,79.92060883902013,17.068334521260113,1,6,6,1.139012179337442,8.279491044813767,3,0.6038167773383953,0.5114909951324337,0.6068349211239122,0.45554311975949496,0.020650355300179748
site043,2018,19,79.92060883902013,17.068334521260113,1,6,6,1.139012179337442,8.279491044813767,3,0.6038167773383953,0.5114909951324337,0.6068349211239122,0.6325944964962594,0.01801302787655966
site043,2018,19,79.92060883902013,17.068334521260113,1,6,6,1.139012179337442,8.279491044813767,3,0.6038167773383953,0.5114909951324337,0.6068349211239122,0.47297849762434363,0.02168624153977045
site043,2018,19,79.92060883902013,17.068334521260113,1,6,6,1.139012179337442,8.279491044813767,3,0.6038167773383953,0.5114909951324337,0.6068349211239122,0.717119478566607,0.021394115882942356
site043,2018,19,79.92060883902013,17.068334521260113,1,6,6,1.139012179337442,8.279491044813767,3,0.6038167773383953,0.5114909951324337,0.6068349211239122,0.8261933077661505,0.022166729528534046
site043,2019,9,86.1342092230916,1.6310340017080307,0,9,1,1.3562012733891606,7.53966536722146,3,0.3827181337130367,0.2933709530078986,0.39384165948525374,0.45554311975949496,0.020650355300179748
site043,2019,9,86.1342092230916,1.6310340017080307,0,9,1,1.3562012733891606,7.53966536722146,3,0.3827181337130367,0.2933709530078986,0.39384165948525374,0.6325944964962594,0.01801302787655966
site043,2019,9,86.1342092230916,1.6310340017080307,0,9,1,1.3562012733891606,7.53966536722146,3,0.3827181337130367,0.2933709530078986,0.39384165948525374,0.47297849762434363,0.02168624153977045
site043,2019,9,86.1342092230916,1.6310340017080307,0,9,1,1.3562012733891606,7.53966536722146,3,0.3827181337130367,0.2933709530078986,0.39384165948525374,0.717119478566607,0.021394115882942356
site043,2019,9,86.1342092230916,1.6310340017080307,0,9,1,1.3562012733891606,7.53966536722146,3,0.3827181337130367,0.2933709530078986,0.39384165948525374,0.8261933077661505,0.022166729528534046
site043,2020,29,63.34627542644739,7.121959849260747,0,1,3,5.250980562530458,6.5638264222070575,1,0.5971821388681837,0.22306047437225787,0.5782576215762696,0.45554311975949496,0.020650355300179748
site043,2020,29,63.34627542644739,7.121959849260747,0,1,3,5.250980562530458,6.5638264222070575,1,0.5971821388681837,0.22306047437225787,0.5782576215762696,0.6325944964962594,0.01801302787655966
site043,2020,29,63.34627542644739,7.121959849260747,0,1,3,5.250980562530458,6.5638264222070575,1,0.5971821388681837,0.22306047437225787,0.5782576215762696,0.47297849762434363,0.02168624153977045
site043,2020,29,63.34627542644739,7.121959849260747,0,1,3,5.250980562530458,6.5638264222070575,1,0.5971821388681837,0.22306047437225787,0.5782576215762696,0.717119478566607,0.021394115882942356
site043,2020,29,63.34627542644739,7.121959849260747,0,1,3,5.250980562530458,6.5638264222070575,1,0.5971821388681837,0.22306047437225787,0.5782576215762696,0.8261933077661505,0.022166729528534046
site043,2021,40,67.2188984695822,19.455408374546096,0,4,15,2.740713691804558,5.961493400391191,2,0.304561267104575,0.41590984145195237,0.3209787343468892,0.45554311975949496,0.020650355300179748
site043,2021,40,67.2188984695822,19.455408374546096,0,4,15,2.740713691804558,5.961493400391191,2,0.304561267104575,0.41590984145195237,0.3209787343468892,0.6325944964962594,0.01801302787655966
site043,2021,40,67.2188984695822,19.455408374546096,0,4,15,2.740713691804558,5.961493400391191,2,0.304561267104575,0.41590984145195237,0.3209787343468892,0.47297849762434363,0.02168624153977045
site043,2021,40,67.2188984695822,19.455408374546096,0,4,15,2.740713691804558,5.961493400391191,2,0.304561267104575,0.41590984145195237,0.3209787343468892,0.717119478566607,0.021394115882942356
site043,2021,40,67.2188984695822,19.455408374546096,0,4,15,2.740713691804558,5.961493400391191,2,0.304561267104575,0.41590984145195237,0.3209787343468892,0.8261933077661505,0.022166729528534046
site043,2022,11,64.17850006371737,21.792239362141117,1,3,0,2.603390283882618,9.88273521186784,1,0.9726114107288201,0.4284915981137303,0.878413061614991,0.45554311975949496,0.020650355300179748
site043,2022,11,64.17850006371737,21.792239362141117,1,3,0,2.603390283882618,9.88273521186784,1,0.9726114107288201,0.4284915981137303,0.878413061614991,0.6325944964962594,0.01801302787655966
site043,2022,11,64.17850006371737,21.792239362141117,1,3,0,2.603390283882618,9.88273521186784,1,0.9726114107288201,0.4284915981137303,0.878413061614991,0.47297849762434363,0.02168624153977045
site043,2022,11,64.17850006371737,21.792239362141117,1,3,0,2.603390283882618,9.88273521186784,1,0.9726114107288201,0.4284915981137303,0.878413061614991,0.717119478566607,0.021394115882942356
site043,2022,11,64.17850006371737,21.792239362141117,1,3,0,2.603390283882618,9.88273521186784,1,0.9726114107288201,0.4284915981137303,0.878413061614991,0.8261933077661505,0.022166729528534046
site044,2008,7,92.49571935273708,23.529009758727625,0,8,14,7.328682302962989,8.719824734143913,3,0.3958854170563787,0.5821777242445243,0.3967203488025169,0.43083079013513176,0.02120577878515356
site044,2009,6,85.10009766556323,3.123048395384103,1,6,10,6.739565601106733,7.036563050933182,3,0.5439389969229537,0.48740261393489764,0.5581557089167051,0.43083079013513176,0.02120577878515356
site044,2010,14,85.22289943881333,3.863702772650868,0,6,4,4.798733606468886,5.524375905515626,3,0.36381671287765355,0.2806629542083937,0.4570116987468362,0.43083079013513176,0.02120577878515356
site044,2011,18,75.63559400849044,28.445471251616254,1,6,6,6.478378292173147,8.425196263706312,1,0.6932838216655414,0.5964930447839367,0.6617947056745631,0.43083079013513176,0.02120577878515356
site044,2012,48,77.2901429515332,27.99561882694252,0,6,15,8.788752136286348,8.012768656481057,2,0.2531916734751956,0.635171007072489,0.2712006504993937,0.43083079013513176,0.02120577878515356
site044,2013,42,73.94536009058356,27.722094706259668,0,4,11,4.2585494252853096,8.252913231262937,2,0.40880251559458297,0.5154600250351961,0.38924989622405837,0.43083079013513176,0.02120577878515356
site044,2014,38,91.74231034703551,19.848220801679417,0,8,12,1.663915304467082,8.769925695378333,2,0.18807692225963793,0.5750323113708311,0.2082500051494539,0.43083079013513176,0.02120577878515356
site044,2015,50,95.47744448296726,5.534160616109148,1,7,7,14.533583883196115,7.989030295284465,3,0.25808727967497413,0.7217690078305462,0.2918239577112868,0.43083079013513176,0.02120577878515356
site044,2016,22,86.04508346877992,27.39416639413685,0,8,1,3.23672948917374,5.447753150947392,2,0.3506610895249386,0.38912899203091006,0.3506857950831897,0.43083079013513176,0.02120577878515356
site044,2017,34,83.71453057043254,27.73979474627413,1,10,14,9.420101553201675,8.489063369343057,2,0.34615691278270605,0.803446931441397,0.35047294888653857,0.43083079013513176,0.02120577878515356
site044,2018,5,73.11288375407457,5.9079778040759265,1,2,15,14.13929120125249,5.101687120040879,1,0.6510718591858599,0.46918348608025506,0.6722657920115835,0.43083079013513176,0.02120577878515356
site044,2019,6,63.027574717998505,3.12765215174295,0,5,11,14.883207789156586,9.885549332248049,1,0.6747613328993584,0.4337608635131628,0.6692332812343459,0.43083079013513176,0.02120577878515356
site044,2020,3,83.65548968315125,17.420639001065865,0,2,0,9.28002055780962,9.757982661249116,3,0.8179897305590945,0.36994967094499476,0.76810484302881,0.43083079013513176,0.02120577878515356
site044,2021,9,67.13347054086626,11.596753610298038,0,1,2,12.12889804551378,9.115843964973465,1,0.8431456965014299,0.32172553738998605,0.8165270803591805,0.43083079013513176,0.02120577878515356
site044,2022,16,89.6540049649775,14.344831948867068,1,10,1,2.2284445790573955,6.246603031177074,3,0.41952365561822363,0.4898794448144221,0.4607086631645279,0.43083079013513176,0.02120577878515356
site045,2008,47,71.75504832528532,14.477370459586382,1,1,10,2.440316178370267,7.88930450216867,1,0.5577598993137622,0.5174785982796654,0.5682087431951689,0.3199200081046404,0.01857190674754616
site045,2008,47,71.75504832528532,14.477370459586382,1,1,10,2.440316178370267,7.88930450216867,1,0.5577598993137622,0.5174785982796654,0.5682087431951689,0.6586781160002433,0.02403439626641277
site045,2008,47,71.75504832528532,14.477370459586382,1,1,10,2.440316178370267,7.88930450216867,1,0.5577598993137622,0.5174785982796654,0.5682087431951689,0.3207011814766435,0.019078204910336974
site045,2009,7,85.56743242777884,23.588306135497987,0,5,0,2.8255520397797227,6.718452014029026,3,0.5858969558559864,0.315956137611735,0.5747661692554771,0.3199200081046404,0.01857190674754616
site045,2009,7,85.56743242777884,23.588306135497987,0,5,0,2.8255520397797227,6.718452014029026,3,0.5858969558559864,0.315956137611735,0.5747661692554771,0.6586781160002433,0.02403439626641277
site045,2009,7,85.56743242777884,23.588306135497987,0,5,0,2.8255520397797227,6.718452014029026,3,0.5858969558559864,0.315956137611735,0.5747661692554771,0.3207011814766435,0.019078204910336974
site045,2010,2,64.99289589002728,24.886324912542477,1,4,9,4.158083542250097,9.816472185775638,1,0.918713280154678,0.5217556907735156,0.8646817020286722,0.3199200081046404,0.01857190674754616
site045,2010,2,64.99289589002728,24.886324912542477,1,4,9,4.158083542250097,9.816472185775638,1,0.918713280154678,0.5217556907735156,0.8646817020286722,0.6586781160002433,0.02403439626641277
site045,2010,2,64.99289589002728,24.886324912542477,1,4,9,4.158083542250097,9.816472185775638,1,0.918713280154678,0.5217556907735156,0.8646817020286722,0.3207011814766435,0.019078204910336974
site045,2011,43,70.21063135005534,9.18829651339911,0,9,2,5.692881645169109,9.259598630014809,2,0.33196468825082126,0.4516546713232007,0.3160388742416015,0.3199200081046404,0.01857190674754616
site045,2011,43,70.21063135005534,9.18829651339911,0,9,2,5.692881645169109,9.259598630014809,2,0.33196468825082126,0.4516546713232007,0.3160388742416015,0.6586781160002433,0.02403439626641277
site045,2011,43,70.21063135005534,9.18829651339911,0,9,2,5.692881645169109,9.259598630014809,2,0.33196468825082126,0.4516546713232007,0.3160388742416015,0.3207011814766435,0.019078204910336974
site045,2012,45,92.82298749312758,22.169371109921485,0,5,13,9.506234211847186,8.600599517812952,2,0.24217197368642898,0.643079129627041,0.2673142363193105,0.3199200081046404,0.01857190674754616
site045,2012,45,92.82298749312758,22.169371109921485,0,5,13,9.506234211847186,8.600599517812952,2,0.24217197368642898,0.643079129627041,0.2673142363193105,0.6586781160002433,0.02403439626641277
site045,2012,45,92.82298749312758,22.169371109921485,0,5,13,9.506234211847186,8.600599517812952,2,0.24217197368642898,0.643079129627041,0.2673142363193105,0.3207011814766435,0.019078204910336974
site045,2013,36,92.15121571905912,15.383178893243894,0,10,9,3.749384196475148,8.955117446603253,2,0.16374699280917523,0.575376775808964,0.19279378033854147,0.3199200081046404,0.01857190674754616
site045,2013,36,92.15121571905912,15.383178893243894,0,10,9,3.749384196475148,8.955117446603253,2,0.16374699280917523,0.575376775808964,0.19279378033854147,0.6586781160002433,0.02403439626641277
site045,2013,36,92.15121571905912,15.383178893243894,0,10,9,3.749384196475148,8.955117446603253,2,0.16374699280917523,0.575376775808964,0.19279378033854147,0.3207011814766435,0.019078204910336974
site045,2014,13,61.83338522911072,2.9217807319946587,1,0,10,4.943326511885971,8.711308108177036,1,0.8628053678922221,0.38199924290510184,0.8240144021665005,0.3199200081046404,0.01857190674754616
site045,2014,13,61.83338522911072,2.9217807319946587,1,0,10,4.943326511885971,8.711308108177036,1,0.8628053678922221,0.38199924290510184,0.8240144021665005,0.6586781160002433,0.02403439626641277
site045,2014,13,61.83338522911072,2.9217807319946587,1,0,10,4.943326511885971,8.711308108177036,1,0.8628053678922221,0.38199924290510184,0.8240144021665005,0.3207011814766435,0.019078204910336974
site045,2015,27,95.0212688744068,2.091787086101249,0,7,0,2.1323276767507195,6.627223726827651,3,0.25911459891310473,0.31897462127867593,0.29062539984637475,0.3199200081046404,0.01857190674754616
site045,2015,27,95.0212688744068,2.091787086101249,0,7,0,2.1323276767507195,6.627223726827651,3,0.25911459891310473,0.31897462127867593,0.29062539984637475,0.6586781160002433,0.02403439626641277
site045,2015,27,95.0212688744068,2.091787086101249,0,7,0,2.1323276767507195,6.627223726827651,3,0.25911459891310473,0.31897462127867593,0.29062539984637475,0.3207011814766435,0.019078204910336974
site045,2016,5,65.12036359868944,7.889967147028074,1,6,14,9.938147422857584,9.46719832951203,1,0.728956529836775,0.5659780281651398,0.6593497298744198,0.3199200081046404,0.01857190674754616
site045,2016,5,65.12036359868944,7.889967147028074,1,6,14,9.938147422857584,9.46719832951203,1,0.728956529836775,0.5659780281651398,0.6593497298744198,0.6586781160002433,0.02403439626641277
site045,2016,5,65.12036359868944,7.889967147028074,1,6,14,9.938147422857584,9.46719832951203,1,0.728956529836775,0.5659780281651398,0.6593497298744198,0.3207011814766435,0.019078204910336974
site045,2017,8,84.3532561417669,7.333487196592614,0,10,14,13.003881786484271,5.277909586438909,2,0.20890238155065,0.4789079264563113,0.23696527589893304,0.3199200081046404,0.01857190674754616
site045,2017,8,84.3532561417669,7.333487196592614,0,10,14,13.003881786484271,5.277909586438909,2,0.20890238155065,0.4789079264563113,0.23696527589893304,0.6586781160002433,0.02403439626641277
site045,2017,8,84.3532561417669,7.333487196592614,0,10,14,13.003881786484271,5.277909586438909,2,0.20890238155065,0.4789079264563113,0.23696527589893304,0.3207011814766435,0.019078204910336974
site045,2018,32,78.78267493098974,13.249201972270384,0,8,1,11.753266133368015,7.819976466707885,2,0.3798497023537675,0.4661721961566625,0.36679119151840006,0.3199200081046404,0.01857190674754616
site045,2018,32,78.78267493098974,13.249201972270384,0,8,1,11.753266133368015,7.819976466707885,2,0.3798497023537675,0.4661721961566625,0.36679119151840006,0.6586781160002433,0.02403439626641277
site045,2018,32,78.78267493098974,13.249201972270384,0,8,1,11.753266133368015,7.819976466707885,2,0.3798497023537675,0.4661721961566625,0.36679119151840006,0.3207011814766435,0.019078204910336974
site045,2019,45,82.29164342395961,16.942797359311953,0,6,3,9.460400284733623,6.592247277731076,2,0.2803072846432558,0.46594017093592416,0.23523226789136106,0.3199200081046404,0.01857190674754616
site045,2019,45,82.29164342395961,16.942797359311953,0,6,3,9.460400284733623,6.592247277731076,2,0.2803072846432558,0.46594017093592416,0.23523226789136106,0.6586781160002433,0.02403439626641277
site045,2019,45,82.29164342395961,16.942797359311953,0,6,3,9.460400284733623,6.592247277731076,2,0.2803072846432558,0.46594017093592416,0.23523226789136106,0.3207011814766435,0.019078204910336974
site045,2020,18,89.21571138314903,21.698390535544604,0,3,13,10.284339369740335,8.829622368793935,3,0.5112904830118006,0.549983000136537,0.5432811298293958,0.3199200081046404,0.01857190674754616
site045,2020,18,89.21571138314903,21.698390535544604,0,3,13,10.284339369740335,8.829622368793935,3,0.5112904830118006,0.549983000136537,0.5432811298293958,0.6586781160002433,0.02403439626641277
site045,2020,18,89.21571138314903,21.698390535544604,0,3,13,10.284339369740335,8.829622368793935,3,0.5112904830118006,0.549983000136537,0.5432811298293958,0.3207011814766435,0.019078204910336974
site045,2021,36,78.79434755071998,7.959829151630402,1,1,6,11.456775451544672,8.113156334729865,1,0.6421660407118456,0.5371559834520391,0.6212950510252047,0.3199200081046404,0.01857190674754616
site045,2021,36,78.79434755071998,7.959829151630402,1,1,6,11.456775451544672,8.113156334729865,1,0.6421660407118456,0.5371559834520391,0.6212950510252047,0.6586781160002433,0.02403439626641277
site045,2021,36,78.79434755071998,7.959829151630402,1,1,6,11.456775451544672,8.113156334729865,1,0.6421660407118456,0.5371559834520391,0.6212950510252047,0.3207011814766435,0.019078204910336974
site045,2022,33,99.54440236091614,26.97477838071063,1,9,1,7.250425996724516,6.959288991056383,3,0.3672875215619097,0.6685225655338746,0.36192376558381717,0.3199200081046404,0.01857190674754616
site045,2022,33,99.54440236091614,26.97477838071063,1,9,1,7.250425996724516,6.959288991056383,3,0.3672875215619097,0.6685225655338746,0.36192376558381717,0.6586781160002433,0.02403439626641277
site045,2022,33,99.54440236091614,26.97477838071063,1,9,1,7.250425996724516,6.959288991056383,3,0.3672875215619097,0.6685225655338746,0.36192376558381717,0.3207011814766435,0.019078204910336974
site046,2008,0,99.38673538155854,14.996089853812007,1,0,9,3.9011857779696584,9.322586271446198,3,0.8169234958800977,0.5169184447955268,0.68253891243917,0.6705259059183578,0.02249942275083362
site046,2008,0,99.38673538155854,14.996089853812007,1,0,9,3.9011857779696584,9.322586271446198,3,0.8169234958800977,0.5169184447955268,0.68253891243917,0.3909962060976665,0.01587407168164821
site046,2008,0,99.38673538155854,14.996089853812007,1,0,9,3.9011857779696584,9.322586271446198,3,0.8169234958800977,0.5169184447955268,0.68253891243917,0.35031689889444784,0.023497830173131284
site046,2008,0,99.38673538155854,14.996089853812007,1,0,9,3.9011857779696584,9.322586271446198,3,0.8169234958800977,0.5169184447955268,0.68253891243917,0.658994201935819,0.0179220167310006
site046,2009,27,75.73138724081218,8.622563055017963,0,0,15,4.639121194370091,7.748366649029776,1,0.4982888379856233,0.37499060976134196,0.5174886837599293,0.6705259059183578,0.02249942275083362
site046,2009,27,75.73138724081218,8.622563055017963,0,0,15,4.639121194370091,7.748366649029776,1,0.4982888379856233,0.37499060976134196,0.5174886837599293,0.3909962060976665,0.01587407168164821
site046,2009,27,75.73138724081218,8.622563055017963,0,0,15,4.639121194370091,7.748366649029776,1,0.4982888379856233,0.37499060976134196,0.5174886837599293,0.35031689889444784,0.023497830173131284
site046,2009,27,75.73138724081218,8.622563055017963,0,0,15,4.639121194370091,7.748366649029776,1,0.4982888379856233,0.37499060976134196,0.5174886837599293,0.658994201935819,0.0179220167310006
site046,2010,29,84.35388550162315,10.27764404960908,0,5,15,7.072962578386068,9.266534032067284,2,0.3487760390727371,0.5365579617083087,0.36017661045594074,0.6705259059183578,0.02249942275083362
site046,2010,29,84.35388550162315,10.27764404960908,0,5,15,7.072962578386068,9.266534032067284,2,0.3487760390727371,0.5365579617083087,0.36017661045594074,0.3909962060976665,0.01587407168164821
site046,2010,29,84.35388550162315,10.27764404960908,0,5,15,7.072962578386068,9.266534032067284,2,0.3487760390727371,0.5365579617083087,0.36017661045594074,0.35031689889444784,0.023497830173131284
site046,2010,29,84.35388550162315,10.27764404960908,0,5,15,7.072962578386068,9.266534032067284,2,0.3487760390727371,0.5365579617083087,0.36017661045594074,0.658994201935819,0.0179220167310006
site046,2011,3,73.81934920325875,20.264757252763957,0,1,0,2.381006423383951,7.579054888337851,1,0.8173885565587875,0.22235477100083464,0.8000690776053545,0.6705259059183578,0.02249942275083362
site046,2011,3,73.81934920325875,20.264757252763957,0,1,0,2.381006423383951,7.579054888337851,1,0.8173885565587875,0.22235477100083464,0.8000690776053545,0.3909962060976665,0.01587407168164821
site046,2011,3,73.81934920325875,20.264757252763957,0,1,0,2.381006423383951,7.579054888337851,1,0.8173885565587875,0.22235477100083464,0.8000690776053545,0.35031689889444784,0.023497830173131284
site046,2011,3,73.81934920325875,20.264757252763957,0,1,0,2.381006423383951,7.579054888337851,1,0.8173885565587875,0.22235477100083464,0.8000690776053545,0.658994201935819,0.0179220167310006
site046,2012,25,77.48450248502195,22.113489480456337,0,9,15,1.4638575525023043,8.246512841433287,2,0.27929390442139124,0.5303003883478073,0.3295780777525843,0.6705259059183578,0.02249942275083362
site046,2012,25,77.48450248502195,22.113489480456337,0,9,15,1.4638575525023043,8.246512841433287,2,0.27929390442139124,0.5303003883478073,0.3295780777525843,0.3909962060976665,0.01587407168164821
site046,2012,25,77.48450248502195,22.113489480456337,0,9,15,1.4638575525023043,8.246512841433287,2,0.27929390442139124,0.5303003883478073,0.3295780777525843,0.35031689889444784,0.023497830173131284
site046,2012,25,77.48450248502195,22.113489480456337,0,9,15,1.4638575525023043,8.246512841433287,2,0.27929390442139124,0.5303003883478073,0.3295780777525843,0.658994201935819,0.0179220167310006
site046,2013,10,69.16527853347361,17.57164257694967,0,9,12,9.867721025831996,6.305865434696898,2,0.39279847069740875,0.44906513671752063,0.411888557427934,0.6705259059183578,0.02249942275083362
site046,2013,10,69.16527853347361,17.57164257694967,0,9,12,9.867721025831996,6.305865434696898,2,0.39279847069740875,0.44906513671752063,0.411888557427934,0.3909962060976665,0.01587407168164821
site046,2013,10,69.16527853347361,17.57164257694967,0,9,12,9.867721025831996,6.305865434696898,2,0.39279847069740875,0.44906513671752063,0.411888557427934,0.35031689889444784,0.023497830173131284
site046,2013,10,69.16527853347361,17.57164257694967,0,9,12,9.867721025831996,6.305865434696898,2,0.39279847069740875,0.44906513671752063,0.411888557427934,0.658994201935819,0.0179220167310006
site046,2014,4,60.24288992397487,26.48215721361339,0,1,0,8.527936464175582,6.443901957245544,1,0.8830226465029498,0.23611796100693916,0.8421393122473319,0.6705259059183578,0.02249942275083362
site046,2014,4,60.24288992397487,26.48215721361339,0,1,0,8.527936464175582,6.443901957245544,1,0.8830226465029498,0.23611796100693916,0.8421393122473319,0.3909962060976665,0.01587407168164821
site046,2014,4,60.24288992397487,26.48215721361339,0,1,0,8.527936464175582,6.443901957245544,1,0.8830226465029498,0.23611796100693916,0.8421393122473319,0.35031689889444784,0.023497830173131284
site046,2014,4,60.24288992397487,26.48215721361339,0,1,0,8.527936464175582,6.443901957245544,1,0.8830226465029498,0.23611796100693916,0.8421393122473319,0.658994201935819,0.0179220167310006
site046,2015,35,60.95507552847266,12.86689508613199,1,0,7,12.505525419022888,9.895285533275455,1,0.848907633765707,0.5499614296947319,0.6852685310825583,0.6705259059183578,0.02249942275083362
site046,2015,35,60.95507552847266,12.86689508613199,1,0,7,12.505525419022888,9.895285533275455,1,0.848907633765707,0.5499614296947319,0.6852685310825583,0.3909962060976665,0.01587407168164821
site046,2015,35,60.95507552847266,12.86689508613199,1,0,7,12.505525419022888,9.895285533275455,1,0.848907633765707,0.5499614296947319,0.6852685310825583,0.35031689889444784,0.023497830173131284
site046,2015,35,60.95507552847266,12.86689508613199,1,0,7,12.505525419022888,9.895285533275455,1,0.848907633765707,0.5499614296947319,0.6852685310825583,0.658994201935819,0.0179220167310006
site046,2016,18,62.350337132811546,6.9564778979402035,0,1,2,10.261108508799223,9.962645566556604,1,0.817625881062147,0.313580761457299,0.7981066017988863,0.6705259059183578,0.02249942275083362
site046,2016,18,62.350337132811546,6.9564778979402035,0,1,2,10.261108508799223,9.962645566556604,1,0.817625881062147,0.313580761457299,0.7981066017988863,0.3909962060976665,0.01587407168164821
site046,2016,18,62.350337132811546,6.9564778979402035,0,1,2,10.261108508799223,9.962645566556604,1,0.817625881062147,0.313580761457299,0.7981066017988863,0.35031689889444784,0.023497830173131284
site046,2016,18,62.350337132811546,6.9564778979402035,0,1,2,10.261108508799223,9.962645566556604,1,0.817625881062147,0.313580761457299,0.7981066017988863,0.658994201935819,0.0179220167310006
site046,2017,34,90.5830258037895,14.653792097698895,0,7,7,7.555501270107925,6.440579023910686,2,0.21839029413542643,0.47938851892908546,0.21395866070332187,0.6705259059183578,0.02249942275083362
site046,2017,34,90.5830258037895,14.653792097698895,0,7,7,7.555501270107925,6.440579023910686,2,0.21839029413542643,0.47938851892908546,0.21395866070332187,0.3909962060976665,0.01587407168164821
site046,2017,34,90.5830258037895,14.653792097698895,0,7,7,7.555501270107925,6.440579023910686,2,0.21839029413542643,0.47938851892908546,0.21395866070332187,0.35031689889444784,0.023497830173131284
site046,2017,34,90.5830258037895,14.653792097698895,0,7,7,7.555501270107925,6.440579023910686,2,0.21839029413542643,0.47938851892908546,0.21395866070332187,0.658994201935819,0.0179220167310006
site046,2018,32,78.7617602199316,12.002825485309586,0,7,11,13.019307856913656,8.024400087306276,2,0.31613099985919074,0.5480503261968769,0.3159397889003479,0.6705259059183578,0.02249942275083362
site046,2018,32,78.7617602199316,12.002825485309586,0,7,11,13.019307856913656,8.024400087306276,2,0.31613099985919074,0.5480503261968769,0.3159397889003479,0.3909962060976665,0.01587407168164821
site046,2018,32,78.7617602199316,12.002825485309586,0,7,11,13.019307856913656,8.024400087306276,2,0.31613099985919074,0.5480503261968769,0.3159397889003479,0.35031689889444784,0.023497830173131284
site046,2018,32,78.7617602199316,12.002825485309586,0,7,11,13.019307856913656,8.024400087306276,2,0.31613099985919074,0.5480503261968769,0.3159397889003479,0.658994201935819,0.0179220167310006
site046,2019,38,94.03327520936728,8.17938390863128,1,5,13,11.842448158655316,6.805014410056174,3,0.30752109594216115,0.6698416341446427,0.3474774040516671,0.6705259059183578,0.02249942275083362
site046,2019,38,94.03327520936728,8.17938390863128,1,5,13,11.842448158655316,6.805014410056174,3,0.30752109594216115,0.6698416341446427,0.3474774040516671,0.3909962060976665,0.01587407168164821
site046,2019,38,94.03327520936728,8.17938390863128,1,5,13,11.842448158655316,6.805014410056174,3,0.30752109594216115,0.6698416341446427,0.3474774040516671,0.35031689889444784,0.023497830173131284
site046,2019,38,94.03327520936728,8.17938390863128,1,5,13,11.842448158655316,6.805014410056174,3,0.30752109594216115,0.6698416341446427,0.3474774040516671,0.658994201935819,0.0179220167310006
site046,2020,4,83.26877562329173,27.825943247880787,0,1,6,6.352709110826254,9.942295318469403,1,0.8191203680925612,0.4320735304581266,0.7704966651942773,0.6705259059183578,0.02249942275083362
site046,2020,4,83.26877562329173,27.825943247880787,0,1,6,6.352709110826254,9.942295318469403,1,0.8191203680925612,0.4320735304581266,0.7704966651942773,0.3909962060976665,0.01587407168164821
site046,2020,4,83.26877562329173,27.825943247880787,0,1,6,6.352709110826254,9.942295318469403,1,0.8191203680925612,0.4320735304581266,0.7704966651942773,0.35031689889444784,0.023497830173131284
site046,2020,4,83.26877562329173,27.825943247880787,0,1,6,6.352709110826254,9.942295318469403,1,0.8191203680925612,0.4320735304581266,0.7704966651942773,0.658994201935819,0.0179220167310006
site046,2021,22,67.47553049586713,14.519066490931436,1,4,0,14.81861680932343,9.536588829942048,1,0.8459280153802291,0.5485063644585481,0.8101869900119731,0.6705259059183578,0.02249942275083362
site046,2021,22,67.47553049586713,14.519066490931436,1,4,0,14.81861680932343,9.536588829942048,1,0.8459280153802291,0.5485063644585481,0.8101869900119731,0.3909962060976665,0.01587407168164821
site046,2021,22,67.47553049586713,14.519066490931436,1,4,0,14.81861680932343,9.536588829942048,1,0.8459280153802291,0.5485063644585481,0.8101869900119731,0.35031689889444784,0.023497830173131284
site046,2021,22,67.47553049586713,14.519066490931436,1,4,0,14.81861680932343,9.536588829942048,1,0.8459280153802291,0.5485063644585481,0.8101869900119731,0.658994201935819,0.0179220167310006
site046,2022,40,84.36243914067745,1.404308816883713,0,9,9,3.990685652941466,7.592788947513327,2,0.11405159411143011,0.4560323134686726,0.14731885455000288,0.6705259059183578,0.02249942275083362
site046,2022,40,84.36243914067745,1.404308816883713,0,9,9,3.990685652941466,7.592788947513327,2,0.11405159411143011,0.4560323134686726,0.14731885455000288,0.3909962060976665,0.01587407168164821
site046,2022,40,84.36243914067745,1.404308816883713,0,9,9,3.990685652941466,7.592788947513327,2,0.11405159411143011,0.4560323134686726,0.14731885455000288,0.35031689889444784,0.023497830173131284
site046,2022,40,84.36243914067745,1.404308816883713,0,9,9,3.990685652941466,7.592788947513327,2,0.11405159411143011,0.4560323134686726,0.14731885455000288,0.658994201935819,0.0179220167310006
site047,2008,24,95.73366932570934,28.353517405455932,0,10,15,14.62805427517742,7.458867512177676,2,0.18596623218632968,0.7230881837845757,0.22431378009437813,0.5991515477200458,0.020609331784386477
site047,2008,24,95.73366932570934,28.353517405455932,0,10,15,14.62805427517742,7.458867512177676,2,0.18596623218632968,0.7230881837845757,0.22431378009437813,0.6469736377382855,0.01837460997213136
site047,2008,24,95.73366932570934,28.353517405455932,0,10,15,14.62805427517742,7.458867512177676,2,0.18596623218632968,0.7230881837845757,0.22431378009437813,0.6333356861988843,0.016820528034202524
site047,2008,24,95.73366932570934,28.353517405455932,0,10,15,14.62805427517742,7.458867512177676,2,0.18596623218632968,0.7230881837845757,0.22431378009437813,0.37745468388541026,0.019895587744143815
site047,2009,48,91.77284663543104,11.861824007937685,0,7,6,7.312841620761901,6.945507453056052,2,0.13638675168014708,0.5081586739641417,0.1524914873757017,0.5991515477200458,0.020609331784386477
site047,2009,48,91.77284663543104,11.861824007937685,0,7,6,7.312841620761901,6.945507453056052,2,0.13638675168014708,0.5081586739641417,0.1524914873757017,0.6469736377382855,0.01837460997213136
site047,2009,48,91.77284663543104,11.861824007937685,0,7,6,7.312841620761901,6.945507453056052,2,0.13638675168014708,0.5081586739641417,0.1524914873757017,0.6333356861988843,0.016820528034202524
site047,2009,48,91.77284663543104,11.861824007937685,0,7,6,7.312841620761901,6.945507453056052,2,0.13638675168014708,0.5081586739641417,0.1524914873757017,0.37745468388541026,0.019895587744143815
site047,2010,20,80.16371335834265,1.233204529620707,0,1,7,5.344667913392186,9.39311055582948,3,0.603970178384161,0.332752359492143,0.6414340234850785,0.5991515477200458,0.020609331784386477
site047,2010,20,80.16371335834265,1.233204529620707,0,1,7,5.344667913392186,9.39311055582948,3,0.603970178384161,0.332752359492143,0.6414340234850785,0.6469736377382855,0.01837460997213136
site047,2010,20,80.16371335834265,1.233204529620707,0,1,7,5.344667913392186,9.39311055582948,3,0.603970178384161,0.332752359492143,0.6414340234850785,0.6333356861988843,0.016820528034202524
site047,2010,20,80.16371335834265,1.233204529620707,0,1,7,5.344667913392186,9.39311055582948,3,0.603970178384161,0.332752359492143,0.6414340234850785,0.37745468388541026,0.019895587744143815
site047,2011,4,76.92113094963133,29.435210598399863,0,6,5,13.029020208399745,9.612397481687369,1,0.7205905300403309,0.5251130434946609,0.6553761923501724,0.5991515477200458,0.020609331784386477
site047,2011,4,76.92113094963133,29.435210598399863,0,6,5,13.029020208399745,9.612397481687369,1,0.7205905300403309,0.5251130434946609,0.6553761923501724,0.6469736377382855,0.01837460997213136
site047,2011,4,76.92113094963133,29.435210598399863,0,6,5,13.029020208399745,9.612397481687369,1,0.7205905300403309,0.5251130434946609,0.6553761923501724,0.6333356861988843,0.016820528034202524
site047,2011,4,76.92113094963133,29.435210598399863,0,6,5,13.029020208399745,9.612397481687369,1,0.7205905300403309,0.5251130434946609,0.6553761923501724,0.37745468388541026,0.019895587744143815
site047,2012,11,86.17525150999427,11.948661620961502,1,4,6,10.907962931320071,6.359034831402823,1,0.6260532086734676,0.5036539068206248,0.6433795350980327,0.5991515477200458,0.020609331784386477
site047,2012,11,86.17525150999427,11.948661620961502,1,4,6,10.907962931320071,6.359034831402823,1,0.6260532086734676,0.5036539068206248,0.6433795350980327,0.6469736377382855,0.01837460997213136
site047,2012,11,86.17525150999427,11.948661620961502,1,4,6,10.907962931320071,6.359034831402823,1,0.6260532086734676,0.5036539068206248,0.6433795350980327,0.6333356861988843,0.016820528034202524
site047,2012,11,86.17525150999427,11.948661620961502,1,4,6,10.907962931320071,6.359034831402823,1,0.6260532086734676,0.5036539068206248,0.6433795350980327,0.37745468388541026,0.019895587744143815
site047,2013,1,95.50954057835042,29.590159088838845,0,3,5,8.797542045358568,9.237105845240876,3,0.7088794445232062,0.49151457193192627,0.6925085044016039,0.5991515477200458,0.020609331784386477
site047,2013,1,95.50954057835042,29.590159088838845,0,3,5,8.797542045358568,9.237105845240876,3,0.7088794445232062,0.49151457193192627,0.6925085044016039,0.6469736377382855,0.01837460997213136
site047,2013,1,95.50954057835042,29.590159088838845,0,3,5,8.797542045358568,9.237105845240876,3,0.7088794445232062,0.49151457193192627,0.6925085044016039,0.6333356861988843,0.016820528034202524
site047,2013,1,95.50954057835042,29.590159088838845,0,3,5,8.797542045358568,9.237105845240876,3,0.7088794445232062,0.49151457193192627,0.6925085044016039,0.37745468388541026,0.019895587744143815
site047,2014,17,95.68065884523094,5.048875330016017,0,8,13,4.377834730781615,7.4743853125255555,3,0.20565191808875516,0.47108528651873904,0.2607212084514124,0.5991515477200458,0.020609331784386477
site047,2014,17,95.68065884523094,5.048875330016017,0,8,13,4.377834730781615,7.4743853125255555,3,0.20565191808875516,0.47108528651873904,0.2607212084514124,0.6469736377382855,0.01837460997213136
site047,2014,17,95.68065884523094,5.048875330016017,0,8,13,4.377834730781615,7.4743853125255555,3,0.20565191808875516,0.47108528651873904,0.2607212084514124,0.6333356861988843,0.016820528034202524
site047,2014,17,95.68065884523094,5.048875330016017,0,8,13,4.377834730781615,7.4743853125255555,3,0.20565191808875516,0.47108528651873904,0.2607212084514124,0.37745468388541026,0.019895587744143815
site047,2015,3,67.13562151417136,17.30432498967275,0,9,8,8.341576540376991,8.132680532289669,1,0.5495714307254612,0.4227546857274104,0.5483760036980104,0.5991515477200458,0.020609331784386477
site047,2015,3,67.13562151417136,17.30432498967275,0,9,8,8.341576540376991,8.132680532289669,1,0.5495714307254612,0.4227546857274104,0.5483760036980104,0.6469736377382855,0.01837460997213136
site047,2015,3,67.13562151417136,17.30432498967275,0,9,8,8.341576540376991,8.132680532289669,1,0.5495714307254612,0.4227546857274104,0.5483760036980104,0.6333356861988843,0.016820528034202524
site047,2015,3,67.13562151417136,17.30432498967275,0,9,8,8.341576540376991,8.132680532289669,1,0.5495714307254612,0.4227546857274104,0.5483760036980104,0.37745468388541026,0.019895587744143815
site047,2016,41,70.30009699054062,24.036445636302233,1,1,14,11.567819309886543,7.00465727946721,1,0.5923499982274147,0.6325603944006749,0.6002639826312423,0.5991515477200458,0.020609331784386477
site047,2016,41,70.30009699054062,24.036445636302233,1,1,14,11.567819309886543,7.00465727946721,1,0.5923499982274147,0.6325603944006749,0.6002639826312423,0.6469736377382855,0.01837460997213136
site047,2016,41,70.30009699054062,24.036445636302233,1,1,14,11.567819309886543,7.00465727946721,1,0.5923499982274147,0.6325603944006749,0.6002639826312423,0.6333356861988843,0.016820528034202524
site047,2016,41,70.30009699054062,24.036445636302233,1,1,14,11.567819309886543,7.00465727946721,1,0.5923499982274147,0.6325603944006749,0.6002639826312423,0.37745468388541026,0.019895587744143815
site047,2017,46,64.53754018992186,6.623139690840617,0,3,12,7.997952330391854,5.388761134818196,2,0.28947865176868876,0.3624003047222265,0.3862266253976927,0.5991515477200458,0.020609331784386477
site047,2017,46,64.53754018992186,6.623139690840617,0,3,12,7.997952330391854,5.388761134818196,2,0.28947865176868876,0.3624003047222265,0.3862266253976927,0.6469736377382855,0.01837460997213136
site047,2017,46,64.53754018992186,6.623139690840617,0,3,12,7.997952330391854,5.388761134818196,2,0.28947865176868876,0.3624003047222265,0.3862266253976927,0.6333356861988843,0.016820528034202524
site047,2017,46,64.53754018992186,6.623139690840617,0,3,12,7.997952330391854,5.388761134818196,2,0.28947865176868876,0.3624003047222265,0.3862266253976927,0.37745468388541026,0.019895587744143815
site047,2018,22,91.88635834492744,21.61025658901781,1,0,9,7.674215667881072,5.831221244297922,1,0.6228290562906085,0.5235524574448267,0.6171664567962054,0.5991515477200458,0.020609331784386477
site047,2018,22,91.88635834492744,21.61025658901781,1,0,9,7.674215667881072,5.831221244297922,1,0.6228290562906085,0.5235524574448267,0.6171664567962054,0.6469736377382855,0.01837460997213136
site047,2018,22,91.88635834492744,21.61025658901781,1,0,9,7.674215667881072,5.831221244297922,1,0.6228290562906085,0.5235524574448267,0.6171664567962054,0.6333356861988843,0.016820528034202524
site047,2018,22,91.88635834492744,21.61025658901781,1,0,9,7.674215667881072,5.831221244297922,1,0.6228290562906085,0.5235524574448267,0.6171664567962054,0.37745468388541026,0.019895587744143815
site047,2019,7,64.38153955154121,17.405532580101863,0,9,13,8.049915585666895,5.1883382990490645,2,0.3838644828425857,0.3898672609630939,0.3934260750730899,0.5991515477200458,0.020609331784386477
site047,2019,7,64.38153955154121,17.405532580101863,0,9,13,8.049915585666895,5.1883382990490645,2,0.3838644828425857,0.3898672609630939,0.3934260750730899,0.6469736377382855,0.01837460997213136
site047,2019,7,64.38153955154121,17.405532580101863,0,9,13,8.049915585666895,5.1883382990490645,2,0.3838644828425857,0.3898672609630939,0.3934260750730899,0.6333356861988843,0.016820528034202524
site047,2019,7,64.38153955154121,17.405532580101863,0,9,13,8.049915585666895,5.1883382990490645,2,0.3838644828425857,0.3898672609630939,0.3934260750730899,0.37745468388541026,0.019895587744143815
site047,2020,0,93.16286779008806,1.2933562609832734,0,2,4,9.53069719299674,6.9041303370613605,3,0.5897961771941367,0.2865025178075522,0.5871182761905785,0.5991515477200458,0.020609331784386477
site047,2020,0,93.16286779008806,1.2933562609832734,0,2,4,9.53069719299674,6.9041303370613605,3,0.5897961771941367,0.2865025178075522,0.5871182761905785,0.6469736377382855,0.01837460997213136
site047,2020,0,93.16286779008806,1.2933562609832734,0,2,4,9.53069719299674,6.9041303370613605,3,0.5897961771941367,0.2865025178075522,0.5871182761905785,0.6333356861988843,0.016820528034202524
site047,2020,0,93.16286779008806,1.2933562609832734,0,2,4,9.53069719299674,6.9041303370613605,3,0.5897961771941367,0.2865025178075522,0.5871182761905785,0.37745468388541026,0.019895587744143815
site047,2021,10,90.8418518770486,8.45157516701147,0,9,3,7.909485513344407,8.567190244793892,3,0.40810166013466165,0.4414670926064717,0.41743521651044924,0.5991515477200458,0.020609331784386477
site047,2021,10,90.8418518770486,8.45157516701147,0,9,3,7.909485513344407,8.567190244793892,3,0.40810166013466165,0.4414670926064717,0.41743521651044924,0.6469736377382855,0.01837460997213136
site047,2021,10,90.8418518770486,8.45157516701147,0,9,3,7.909485513344407,8.567190244793892,3,0.40810166013466165,0.4414670926064717,0.41743521651044924,0.6333356861988843,0.016820528034202524
site047,2021,10,90.8418518770486,8.45157516701147,0,9,3,7.909485513344407,8.567190244793892,3,0.40810166013466165,0.4414670926064717,0.41743521651044924,0.37745468388541026,0.019895587744143815
site047,2022,36,97.7475761808455,14.658463003579527,1,9,10,3.7323272000066936,6.280739419162273,2,0.18949393210743729,0.64344996811835,0.20852453007547925,0.5991515477200458,0.020609331784386477
site047,2022,36,97.7475761808455,14.658463003579527,1,9,10,3.7323272000066936,6.280739419162273,2,0.18949393210743729,0.64344996811835,0.20852453007547925,0.6469736377382855,0.01837460997213136
site047,2022,36,97.7475761808455,14.658463003579527,1,9,10,3.7323272000066936,6.280739419162273,2,0.18949393210743729,0.64344996811835,0.20852453007547925,0.6333356861988843,0.016820528034202524
site047,2022,36,97.7475761808455,14.658463003579527,1,9,10,3.7323272000066936,6.280739419162273,2,0.18949393210743729,0.64344996811835,0.20852453007547925,0.37745468388541026,0.019895587744143815
site048,2008,10,78.67830374278128,27.87901966809295,1,0,11,8.16967527475208,7.026138299843296,1,0.8190506938814952,0.5303980606937241,0.7956732666909871,0.6324082264723826,0.021359836795264868
site048,2008,10,78.67830374278128,27.87901966809295,1,0,11,8.16967527475208,7.026138299843296,1,0.8190506938814952,0.5303980606937241,0.7956732666909871,0.7606846512312804,0.024445856015143604
site048,2009,14,97.5942259002477,29.863467385759577,1,4,11,13.40359795326367,9.022005684673786,3,0.6569948907721154,0.7552564797905357,0.6798740524940915,0.6324082264723826,0.021359836795264868
site048,2009,14,97.5942259002477,29.863467385759577,1,4,11,13.40359795326367,9.022005684673786,3,0.6569948907721154,0.7552564797905357,0.6798740524940915,0.7606846512312804,0.024445856015143604
site048,2010,14,91.40731769613922,7.089486711891368,1,3,5,2.0640737605281174,8.97464424953796,3,0.669598047973832,0.47164675282696394,0.6681631191394186,0.6324082264723826,0.021359836795264868
site048,2010,14,91.40731769613922,7.089486711891368,1,3,5,2.0640737605281174,8.97464424953796,3,0.669598047973832,0.47164675282696394,0.6681631191394186,0.7606846512312804,0.024445856015143604
site048,2011,41,94.98431500047444,16.810420338297263,0,5,11,7.53039335180074,6.927659695502371,2,0.1943672180128863,0.5403083825395043,0.21544991444287873,0.6324082264723826,0.021359836795264868
site048,2011,41,94.98431500047444,16.810420338297263,0,5,11,7.53039335180074,6.927659695502371,2,0.1943672180128863,0.5403083825395043,0.21544991444287873,0.7606846512312804,0.024445856015143604
site048,2012,14,75.77850613743067,19.716393299400806,1,3,4,13.122556185349822,8.73230117955245,1,0.8302090001395376,0.5624292528921448,0.7901030806256162,0.6324082264723826,0.021359836795264868
site048,2012,14,75.77850613743067,19.716393299400806,1,3,4,13.122556185349822,8.73230117955245,1,0.8302090001395376,0.5624292528921448,0.7901030806256162,0.7606846512312804,0.024445856015143604
site048,2013,14,63.98796643130481,27.13213143846951,1,8,6,5.589585445821285,7.335063790669665,1,0.6756269318780316,0.5340515860499857,0.6454450401645583,0.6324082264723826,0.021359836795264868
site048,2013,14,63.98796643130481,27.13213143846951,1,8,6,5.589585445821285,7.335063790669665,1,0.6756269318780316,0.5340515860499857,0.6454450401645583,0.7606846512312804,0.024445856015143604
site048,2014,43,71.07845681719482,22.237330673029646,1,3,15,9.331721305381508,6.127233689185232,2,0.4596013771296738,0.6234559562177912,0.48804349165925986,0.6324082264723826,0.021359836795264868
site048,2014,43,71.07845681719482,22.237330673029646,1,3,15,9.331721305381508,6.127233689185232,2,0.4596013771296738,0.6234559562177912,0.48804349165925986,0.7606846512312804,0.024445856015143604
site048,2015,40,88.88888204470277,18.681610357249156,0,6,14,7.572473235893995,6.019396161427721,2,0.1475703078162684,0.5419575846105927,0.16827263433282602,0.6324082264723826,0.021359836795264868
site048,2015,40,88.88888204470277,18.681610357249156,0,6,14,7.572473235893995,6.019396161427721,2,0.1475703078162684,0.5419575846105927,0.16827263433282602,0.7606846512312804,0.024445856015143604
site048,2016,24,74.25220717675984,7.50679187476635,0,4,12,11.63541769841686,5.262848965357989,2,0.3602562294554272,0.3836905509040451,0.38684168275670366,0.6324082264723826,0.021359836795264868
site048,2016,24,74.25220717675984,7.50679187476635,0,4,12,11.63541769841686,5.262848965357989,2,0.3602562294554272,0.3836905509040451,0.38684168275670366,0.7606846512312804,0.024445856015143604
site048,2017,35,75.30847533605993,27.5689593879506,1,4,9,8.426284887827933,7.925969554344192,1,0.5987214627643378,0.6391875520177679,0.573487348911032,0.6324082264723826,0.021359836795264868
site048,2017,35,75.30847533605993,27.5689593879506,1,4,9,8.426284887827933,7.925969554344192,1,0.5987214627643378,0.6391875520177679,0.573487348911032,0.7606846512312804,0.024445856015143604
site048,2018,2,61.27874603495002,24.280069719068702,0,7,2,14.561789938714355,9.837457808898762,1,0.8116957357818902,0.4557562512831618,0.7330915968496385,0.6324082264723826,0.021359836795264868
site048,2018,2,61.27874603495002,24.280069719068702,0,7,2,14.561789938714355,9.837457808898762,1,0.8116957357818902,0.4557562512831618,0.7330915968496385,0.7606846512312804,0.024445856015143604
site048,2019,6,80.85781147703528,10.059849764686078,0,2,8,14.288387766573578,5.267439482267946,1,0.562643711409007,0.3360577010864424,0.5730807707694412,0.6324082264723826,0.021359836795264868
site048,2019,6,80.85781147703528,10.059849764686078,0,2,8,14.288387766573578,5.267439482267946,1,0.562643711409007,0.3360577010864424,0.5730807707694412,0.7606846512312804,0.024445856015143604
site048,2020,3,64.84311641193926,7.590284692123532,1,1,11,9.049927440006286,8.590120848966762,1,0.8949876778764735,0.441356672012481,0.85163350853823,0.6324082264723826,0.021359836795264868
site048,2020,3,64.84311641193926,7.590284692123532,1,1,11,9.049927440006286,8.590120848966762,1,0.8949876778764735,0.441356672012481,0.85163350853823,0.7606846512312804,0.024445856015143604
site048,2021,39,95.40736705996096,20.070260914741084,1,6,0,2.8668102202937007,5.007947644917294,3,0.3485536383266526,0.5065542596644401,0.33780521556487764,0.6324082264723826,0.021359836795264868
site048,2021,39,95.40736705996096,20.070260914741084,1,6,0,2.8668102202937007,5.007947644917294,3,0.3485536383266526,0.5065542596644401,0.33780521556487764,0.7606846512312804,0.024445856015143604
site048,2022,36,62.985851960256696,22.33620353299193,0,3,1,4.545925457496196,9.948446751805022,1,0.6811943500525042,0.39206124187315583,0.6537291877887276,0.6324082264723826,0.021359836795264868
site048,2022,36,62.985851960256696,22.33620353299193,0,3,1,4.545925457496196,9.948446751805022,1,0.6811943500525042,0.39206124187315583,0.6537291877887276,0.7606846512312804,0.024445856015143604
site049,2008,23,91.36911787092686,14.487733382964509,0,10,9,14.902470354922116,9.849766017869117,3,0.31245352021135886,0.6592586568452168,0.3152359405230326,0.44907646089587827,0.02202958623177446
site049,2009,37,94.16529210284352,26.04455454973504,1,1,0,6.708841511514038,8.498137639835477,3,0.6773756816330747,0.5829994419221672,0.6030812858460438,0.44907646089587827,0.02202958623177446
site049,2010,3,61.487126825377345,20.57501691533253,1,2,9,4.075362652540207,8.877767258090898,1,0.9448076587304992,0.4453632768022934,0.9036957443599253,0.44907646089587827,0.02202958623177446
site049,2011,2,71.00574037991464,5.68256877688691,1,2,3,5.8754406101070344,7.23802957101725,1,0.855391647609649,0.3333074228767445,0.8448559873215988,0.44907646089587827,0.02202958623177446
site049,2012,10,85.68279796279967,1.3506188951432705,1,4,1,8.970480964984745,8.685986453201622,3,0.7247866775900691,0.4529303303491502,0.7251218813253233,0.44907646089587827,0.02202958623177446
site049,2013,9,91.40313438139856,26.115972795989364,0,4,5,1.42475803848356,8.388425436569378,3,0.58517478983571,0.40856275427354866,0.6112304854335183,0.44907646089587827,0.02202958623177446
site049,2014,28,76.00250847637653,3.920670846942812,1,3,8,1.2770359250716865,5.063296253792942,1,0.4795498061300126,0.3646632515997213,0.5152831766558683,0.44907646089587827,0.02202958623177446
site049,2015,22,97.41209318861364,10.054735091282057,0,1,10,5.696373597718775,7.681812215596437,3,0.43908602410211967,0.41522707985387414,0.469598268168193,0.44907646089587827,0.02202958623177446
site049,2016,4,75.62067883089185,13.60035653761588,0,1,10,4.589706062804908,8.754189939936623,1,0.7235800910939646,0.33427435479486467,0.7153317157800992,0.44907646089587827,0.02202958623177446
site049,2017,23,76.95837228558958,18.856925861444324,0,5,3,1.3180229207500815,5.1017256116028875,2,0.4187097034206627,0.27947564445693746,0.4601495245337302,0.44907646089587827,0.02202958623177446
site049,2018,31,71.45686804316938,10.837497647386044,0,2,6,11.749851606786253,8.492017397657037,1,0.5768268857249991,0.4137708523606339,0.5785978203572475,0.44907646089587827,0.02202958623177446
site049,2019,24,84.46993634104729,17.819364981725812,0,5,13,11.933158623985946,9.258750565350056,3,0.440945926215984,0.5839128345267715,0.447229185446602,0.44907646089587827,0.02202958623177446
site049,2020,10,82.35250954516232,25.060569278895855,0,6,5,10.706233977340162,7.345256136031821,1,0.5502656995950271,0.4605021050385753,0.5525774512581357,0.44907646089587827,0.02202958623177446
site049,2021,9,61.59868540242314,10.703926222398875,0,9,7,1.7150615891441705,6.3002381508704275,2,0.4445315688770919,0.27802923242739325,0.45243507968888275,0.44907646089587827,0.02202958623177446
site049,2022,14,89.8112778738141,12.078550888923928,1,1,5,10.23029627557844,8.976626034127548,3,0.7799773846957295,0.5367343241515777,0.7453197512343395,0.44907646089587827,0.02202958623177446
site050,2008,50,68.25949682854116,18.56500810594298,0,9,8,11.677393355872482,7.125805501127616,2,0.20993944618177737,0.5540082282022424,0.2239927253166959,0.5198442914390715,0.01883167398988978
site050,2008,50,68.25949682854116,18.56500810594298,0,9,8,11.677393355872482,7.125805501127616,2,0.20993944618177737,0.5540082282022424,0.2239927253166959,0.43976502881547325,0.01809991436251188
site050,2008,50,68.25949682854116,18.56500810594298,0,9,8,11.677393355872482,7.125805501127616,2,0.20993944618177737,0.5540082282022424,0.2239927253166959,0.7688785945330672,0.014062218329390683
site050,2008,50,68.25949682854116,18.56500810594298,0,9,8,11.677393355872482,7.125805501127616,2,0.20993944618177737,0.5540082282022424,0.2239927253166959,0.40823053725490527,0.01646882534236002
site050,2008,50,68.25949682854116,18.56500810594298,0,9,8,11.677393355872482,7.125805501127616,2,0.20993944618177737,0.5540082282022424,0.2239927253166959,0.31867394540145605,0.018037675875954045
site050,2009,30,86.25983860343695,15.37634087074548,0,1,2,5.484674615319818,9.343821627553552,3,0.6036830757332071,0.3964144068806322,0.5468025954120889,0.5198442914390715,0.01883167398988978
site050,2009,30,86.25983860343695,15.37634087074548,0,1,2,5.484674615319818,9.343821627553552,3,0.6036830757332071,0.3964144068806322,0.5468025954120889,0.43976502881547325,0.01809991436251188
site050,2009,30,86.25983860343695,15.37634087074548,0,1,2,5.484674615319818,9.343821627553552,3,0.6036830757332071,0.3964144068806322,0.5468025954120889,0.7688785945330672,0.014062218329390683
site050,2009,30,86.25983860343695,15.37634087074548,0,1,2,5.484674615319818,9.343821627553552,3,0.6036830757332071,0.3964144068806322,0.5468025954120889,0.40823053725490527,0.01646882534236002
site050,2009,30,86.25983860343695,15.37634087074548,0,1,2,5.484674615319818,9.343821627553552,3,0.6036830757332071,0.3964144068806322,0.5468025954120889,0.31867394540145605,0.018037675875954045
site050,2010,9,80.89658685028553,4.168768627336249,0,6,5,6.655742148403078,8.14424128853716,3,0.5081680588173833,0.34659611404451307,0.5385160575369509,0.5198442914390715,0.01883167398988978
site050,2010,9,80.89658685028553,4.168768627336249,0,6,5,6.655742148403078,8.14424128853716,3,0.5081680588173833,0.34659611404451307,0.5385160575369509,0.43976502881547325,0.01809991436251188
site050,2010,9,80.89658685028553,4.168768627336249,0,6,5,6.655742148403078,8.14424128853716,3,0.5081680588173833,0.34659611404451307,0.5385160575369509,0.7688785945330672,0.014062218329390683
site050,2010,9,80.89658685028553,4.168768627336249,0,6,5,6.655742148403078,8.14424128853716,3,0.5081680588173833,0.34659611404451307,0.5385160575369509,0.40823053725490527,0.01646882534236002
site050,2010,9,80.89658685028553,4.168768627336249,0,6,5,6.655742148403078,8.14424128853716,3,0.5081680588173833,0.34659611404451307,0.5385160575369509,0.31867394540145605,0.018037675875954045
site050,2011,44,85.33746339380741,25.531920698238537,0,1,8,1.4567183391191063,7.256923615932465,2,0.40705670135361244,0.43399428828304437,0.41872790502912816,0.5198442914390715,0.01883167398988978
site050,2011,44,85.33746339380741,25.531920698238537,0,1,8,1.4567183391191063,7.256923615932465,2,0.40705670135361244,0.43399428828304437,0.41872790502912816,0.43976502881547325,0.01809991436251188
site050,2011,44,85.33746339380741,25.531920698238537,0,1,8,1.4567183391191063,7.256923615932465,2,0.40705670135361244,0.43399428828304437,0.41872790502912816,0.7688785945330672,0.014062218329390683
site050,2011,44,85.33746339380741,25.531920698238537,0,1,8,1.4567183391191063,7.256923615932465,2,0.40705670135361244,0.43399428828304437,0.41872790502912816,0.40823053725490527,0.01646882534236002
site050,2011,44,85.33746339380741,25.531920698238537,0,1,8,1.4567183391191063,7.256923615932465,2,0.40705670135361244,0.43399428828304437,0.41872790502912816,0.31867394540145605,0.018037675875954045
site050,2012,23,84.70252535305917,13.92983951815404,0,0,7,7.891172581817955,7.600120718125254,3,0.5793511301769441,0.37491046329447436,0.5578054208355467,0.5198442914390715,0.01883167398988978
site050,2012,23,84.70252535305917,13.92983951815404,0,0,7,7.891172581817955,7.600120718125254,3,0.5793511301769441,0.37491046329447436,0.5578054208355467,0.43976502881547325,0.01809991436251188
site050,2012,23,84.70252535305917,13.92983951815404,0,0,7,7.891172581817955,7.600120718125254,3,0.5793511301769441,0.37491046329447436,0.5578054208355467,0.7688785945330672,0.014062218329390683
site050,2012,23,84.70252535305917,13.92983951815404,0,0,7,7.891172581817955,7.600120718125254,3,0.5793511301769441,0.37491046329447436,0.5578054208355467,0.40823053725490527,0.01646882534236002
site050,2012,23,84.70252535305917,13.92983951815404,0,0,7,7.891172581817955,7.600120718125254,3,0.5793511301769441,0.37491046329447436,0.5578054208355467,0.31867394540145605,0.018037675875954045
site050,2013,34,71.395821897313,22.760901240399107,0,7,2,2.9834486646577716,9.870663945330309,2,0.5092604499285153,0.45755782370328235,0.386096737919129,0.5198442914390715,0.01883167398988978
site050,2013,34,71.395821897313,22.760901240399107,0,7,2,2.9834486646577716,9.870663945330309,2,0.5092604499285153,0.45755782370328235,0.386096737919129,0.43976502881547325,0.01809991436251188
site050,2013,34,71.395821897313,22.760901240399107,0,7,2,2.9834486646577716,9.870663945330309,2,0.5092604499285153,0.45755782370328235,0.386096737919129,0.7688785945330672,0.014062218329390683
site050,2013,34,71.395821897313,22.760901240399107,0,7,2,2.9834486646577716,9.870663945330309,2,0.5092604499285153,0.45755782370328235,0.386096737919129,0.40823053725490527,0.01646882534236002
site050,2013,34,71.395821897313,22.760901240399107,0,7,2,2.9834486646577716,9.870663945330309,2,0.5092604499285153,0.45755782370328235,0.386096737919129,0.31867394540145605,0.018037675875954045
site050,2014,49,68.95228889770806,24.07061996916309,1,5,9,12.1882180031389,8.417600070824847,2,0.5242974686851374,0.6977928500583775,0.5146829924861291,0.5198442914390715,0.01883167398988978
site050,2014,49,68.95228889770806,24.07061996916309,1,5,9,12.1882180031389,8.417600070824847,2,0.5242974686851374,0.6977928500583775,0.5146829924861291,0.43976502881547325,0.01809991436251188
site050,2014,49,68.95228889770806,24.07061996916309,1,5,9,12.1882180031389,8.417600070824847,2,0.5242974686851374,0.6977928500583775,0.5146829924861291,0.7688785945330672,0.014062218329390683
site050,2014,49,68.95228889770806,24.07061996916309,1,5,9,12.1882180031389,8.417600070824847,2,0.5242974686851374,0.6977928500583775,0.5146829924861291,0.40823053725490527,0.01646882534236002
site050,2014,49,68.95228889770806,24.07061996916309,1,5,9,12.1882180031389,8.417600070824847,2,0.5242974686851374,0.6977928500583775,0.5146829924861291,0.31867394540145605,0.018037675875954045
site050,2015,9,81.56077421270311,12.330266857054085,1,1,1,6.727573787793517,9.192562373355033,3,0.8972480600849587,0.4400751125091115,0.789470798040466,0.5198442914390715,0.01883167398988978
site050,2015,9,81.56077421270311,12.330266857054085,1,1,1,6.727573787793517,9.192562373355033,3,0.8972480600849587,0.4400751125091115,0.789470798040466,0.43976502881547325,0.01809991436251188
site050,2015,9,81.56077421270311,12.330266857054085,1,1,1,6.727573787793517,9.192562373355033,3,0.8972480600849587,0.4400751125091115,0.789470798040466,0.7688785945330672,0.014062218329390683
site050,2015,9,81.56077421270311,12.330266857054085,1,1,1,6.727573787793517,9.192562373355033,3,0.8972480600849587,0.4400751125091115,0.789470798040466,0.40823053725490527,0.01646882534236002
site050,2015,9,81.56077421270311,12.330266857054085,1,1,1,6.727573787793517,9.192562373355033,3,0.8972480600849587,0.4400751125091115,0.789470798040466,0.31867394540145605,0.018037675875954045
site050,2016,7,99.85487909056246,1.430588776478544,0,8,3,14.110086323693396,6.973943976918235,3,0.34634767870928423,0.43514008110768815,0.34688689376814563,0.5198442914390715,0.01883167398988978
site050,2016,7,99.85487909056246,1.430588776478544,0,8,3,14.110086323693396,6.973943976918235,3,0.34634767870928423,0.43514008110768815,0.34688689376814563,0.43976502881547325,0.01809991436251188
site050,2016,7,99.85487909056246,1.430588776478544,0,8,3,14.110086323693396,6.973943976918235,3,0.34634767870928423,0.43514008110768815,0.34688689376814563,0.7688785945330672,0.014062218329390683
site050,2016,7,99.85487909056246,1.430588776478544,0,8,3,14.110086323693396,6.973943976918235,3,0.34634767870928423,0.43514008110768815,0.34688689376814563,0.40823053725490527,0.01646882534236002
site050,2016,7,99.85487909056246,1.430588776478544,0,8,3,14.110086323693396,6.973943976918235,3,0.34634767870928423,0.43514008110768815,0.34688689376814563,0.31867394540145605,0.018037675875954045
site050,2017,43,73.15666147507727,22.55902997404337,1,3,12,11.26073671784252,9.447982806013895,1,0.6013252377456808,0.7068776303983908,0.577909122076703,0.5198442914390715,0.01883167398988978
site050,2017,43,73.15666147507727,22.55902997404337,1,3,12,11.26073671784252,9.447982806013895,1,0.6013252377456808,0.7068776303983908,0.577909122076703,0.43976502881547325,0.01809991436251188
site050,2017,43,73.15666147507727,22.55902997404337,1,3,12,11.26073671784252,9.447982806013895,1,0.6013252377456808,0.7068776303983908,0.577909122076703,0.7688785945330672,0.014062218329390683
site050,2017,43,73.15666147507727,22.55902997404337,1,3,12,11.26073671784252,9.447982806013895,1,0.6013252377456808,0.7068776303983908,0.577909122076703,0.40823053725490527,0.01646882534236002
site050,2017,43,73.15666147507727,22.55902997404337,1,3,12,11.26073671784252,9.447982806013895,1,0.6013252377456808,0.7068776303983908,0.577909122076703,0.31867394540145605,0.018037675875954045
site050,2018,41,72.93344353325665,2.983170181978494,1,5,11,7.08947772346437,5.127704575425014,2,0.3322107295499317,0.4873818171570592,0.43531494898018386,0.5198442914390715,0.01883167398988978
site050,2018,41,72.93344353325665,2.983170181978494,1,5,11,7.08947772346437,5.127704575425014,2,0.3322107295499317,0.4873818171570592,0.43531494898018386,0.43976502881547325,0.01809991436251188
site050,2018,41,72.93344353325665,2.983170181978494,1,5,11,7.08947772346437,5.127704575425014,2,0.3322107295499317,0.4873818171570592,0.43531494898018386,0.7688785945330672,0.014062218329390683
site050,2018,41,72.93344353325665,2.983170181978494,1,5,11,7.08947772346437,5.127704575425014,2,0.3322107295499317,0.4873818171570592,0.43531494898018386,0.40823053725490527,0.01646882534236002
site050,2018,41,72.93344353325665,2.983170181978494,1,5,11,7.08947772346437,5.127704575425014,2,0.3322107295499317,0.4873818171570592,0.43531494898018386,0.31867394540145605,0.018037675875954045
site050,2019,31,61.412940714508295,16.428598292637616,1,5,14,12.183604578487577,6.881680866936222,1,0.5532196268889664,0.5992672005312182,0.5320362005807602,0.5198442914390715,0.01883167398988978
site050,2019,31,61.412940714508295,16.428598292637616,1,5,14,12.183604578487577,6.881680866936222,1,0.5532196268889664,0.5992672005312182,0.5320362005807602,0.43976502881547325,0.01809991436251188
site050,2019,31,61.412940714508295,16.428598292637616,1,5,14,12.183604578487577,6.881680866936222,1,0.5532196268889664,0.5992672005312182,0.5320362005807602,0.7688785945330672,0.014062218329390683
site050,2019,31,61.412940714508295,16.428598292637616,1,5,14,12.183604578487577,6.881680866936222,1,0.5532196268889664,0.5992672005312182,0.5320362005807602,0.40823053725490527,0.01646882534236002
site050,2019,31,61.412940714508295,16.428598292637616,1,5,14,12.183604578487577,6.881680866936222,1,0.5532196268889664,0.5992672005312182,0.5320362005807602,0.31867394540145605,0.018037675875954045
site050,2020,38,81.0244741011411,4.556282001780346,0,8,1,6.128218010999262,8.421501611592248,3,0.3031623580826863,0.41504134803393605,0.29335508861682313,0.5198442914390715,0.01883167398988978
site050,2020,38,81.0244741011411,4.556282001780346,0,8,1,6.128218010999262,8.421501611592248,3,0.3031623580826863,0.41504134803393605,0.29335508861682313,0.43976502881547325,0.01809991436251188
site050,2020,38,81.0244741011411,4.556282001780346,0,8,1,6.128218010999262,8.421501611592248,3,0.3031623580826863,0.41504134803393605,0.29335508861682313,0.7688785945330672,0.014062218329390683
site050,2020,38,81.0244741011411,4.556282001780346,0,8,1,6.128218010999262,8.421501611592248,3,0.3031623580826863,0.41504134803393605,0.29335508861682313,0.40823053725490527,0.01646882534236002
site050,2020,38,81.0244741011411,4.556282001780346,0,8,1,6.128218010999262,8.421501611592248,3,0.3031623580826863,0.41504134803393605,0.29335508861682313,0.31867394540145605,0.018037675875954045
site050,2021,6,83.87227660045028,20.597329975571483,1,6,6,6.333826187532395,7.239195307483897,1,0.6586403570881798,0.5272953398032538,0.6584879262517512,0.5198442914390715,0.01883167398988978
site050,2021,6,83.87227660045028,20.597329975571483,1,6,6,6.333826187532395,7.239195307483897,1,0.6586403570881798,0.5272953398032538,0.6584879262517512,0.43976502881547325,0.01809991436251188
site050,2021,6,83.87227660045028,20.597329975571483,1,6,6,6.333826187532395,7.239195307483897,1,0.6586403570881798,0.5272953398032538,0.6584879262517512,0.7688785945330672,0.014062218329390683
site050,2021,6,83.87227660045028,20.597329975571483,1,6,6,6.333826187532395,7.239195307483897,1,0.6586403570881798,0.5272953398032538,0.6584879262517512,0.40823053725490527,0.01646882534236002
site050,2021,6,83.87227660045028,20.597329975571483,1,6,6,6.333826187532395,7.239195307483897,1,0.6586403570881798,0.5272953398032538,0.6584879262517512,0.31867394540145605,0.018037675875954045
site050,2022,37,89.68346636742353,2.624581965385005,0,8,12,10.429667073767632,6.067899048794061,2,0.07408714897485603,0.5026795181185216,0.09885488167819073,0.5198442914390715,0.01883167398988978
site050,2022,37,89.68346636742353,2.624581965385005,0,8,12,10.429667073767632,6.067899048794061,2,0.07408714897485603,0.5026795181185216,0.09885488167819073,0.43976502881547325,0.01809991436251188
site050,2022,37,89.68346636742353,2.624581965385005,0,8,12,10.429667073767632,6.067899048794061,2,0.07408714897485603,0.5026795181185216,0.09885488167819073,0.7688785945330672,0.014062218329390683
site050,2022,37,89.68346636742353,2.624581965385005,0,8,12,10.429667073767632,6.067899048794061,2,0.07408714897485603,0.5026795181185216,0.09885488167819073,0.40823053725490527,0.01646882534236002
site050,2022,37,89.68346636742353,2.624581965385005,0,8,12,10.429667073767632,6.067899048794061,2,0.07408714897485603,0.5026795181185216,0.09885488167819073,0.31867394540145605,0.018037675875954045
